"../../../Engine/Content/EngineResources/DefaultTexture.ubulk" 0
"../../../Engine/Content/EngineResources/DefaultTexture.uasset" 1
"../../../Engine/Content/EngineResources/DefaultTexture.uexp" 2
"../../../Engine/Content/EngineResources/DefaultTextureCube.uasset" 3
"../../../Engine/Content/EngineResources/DefaultTextureCube.uexp" 4
"../../../Engine/Content/EngineResources/DefaultVolumeTexture2D.uasset" 5
"../../../Engine/Content/EngineResources/DefaultVolumeTexture2D.uexp" 6
"../../../Engine/Content/EngineResources/DefaultVolumeTexture.uasset" 7
"../../../Engine/Content/EngineResources/DefaultVolumeTexture.uexp" 8
"../../../Engine/Content/EngineMeshes/Sphere.ubulk" 9
"../../../Engine/Content/EngineMeshes/Sphere.uasset" 10
"../../../Engine/Content/EngineMeshes/Sphere.uexp" 11
"../../../Engine/Content/EngineResources/GradientTexture0.uasset" 12
"../../../Engine/Content/EngineResources/GradientTexture0.uexp" 13
"../../../Engine/Content/EngineResources/Black.uasset" 14
"../../../Engine/Content/EngineResources/Black.uexp" 15
"../../../Engine/Content/EngineMaterials/T_Default_Material_Grid_M.ubulk" 16
"../../../Engine/Content/EngineMaterials/T_Default_Material_Grid_M.uasset" 17
"../../../Engine/Content/EngineMaterials/T_Default_Material_Grid_M.uexp" 18
"../../../Engine/Content/EngineMaterials/T_Default_Material_Grid_N.ubulk" 19
"../../../Engine/Content/EngineMaterials/T_Default_Material_Grid_N.uasset" 20
"../../../Engine/Content/EngineMaterials/T_Default_Material_Grid_N.uexp" 21
"../../../Engine/Content/Functions/Engine_MaterialFunctions01/Opacity/CameraDepthFade.uasset" 22
"../../../Engine/Content/Functions/Engine_MaterialFunctions01/Opacity/CameraDepthFade.uexp" 23
"../../../Engine/Content/EngineMaterials/WorldGridMaterial.uasset" 24
"../../../Engine/Content/EngineMaterials/WorldGridMaterial.uexp" 25
"../../../Engine/Content/ArtTools/RenderToTexture/Meshes/S_1_Unit_Plane.ubulk" 26
"../../../Engine/Content/ArtTools/RenderToTexture/Meshes/S_1_Unit_Plane.uasset" 27
"../../../Engine/Content/ArtTools/RenderToTexture/Meshes/S_1_Unit_Plane.uexp" 28
"../../../Engine/Plugins/Media/MediaPlate/Content/SM_MediaPlateScreen.ubulk" 29
"../../../Engine/Plugins/Media/MediaPlate/Content/SM_MediaPlateScreen.uasset" 30
"../../../Engine/Plugins/Media/MediaPlate/Content/SM_MediaPlateScreen.uexp" 31
"../../../Engine/Content/EngineMaterials/DefaultBokeh.uasset" 32
"../../../Engine/Content/EngineMaterials/DefaultBokeh.uexp" 33
"../../../Engine/Content/EngineMaterials/PreintegratedSkinBRDF.uasset" 34
"../../../Engine/Content/EngineMaterials/PreintegratedSkinBRDF.uexp" 35
"../../../Engine/Content/EngineMaterials/MiniFont.uasset" 36
"../../../Engine/Content/EngineMaterials/MiniFont.uexp" 37
"../../../Engine/Content/EngineMaterials/WeightMapPlaceholderTexture.uasset" 38
"../../../Engine/Content/EngineMaterials/WeightMapPlaceholderTexture.uexp" 39
"../../../Engine/Content/EngineMaterials/DefaultWhiteGrid.ubulk" 40
"../../../Engine/Content/EngineMaterials/DefaultWhiteGrid.uasset" 41
"../../../Engine/Content/EngineMaterials/DefaultWhiteGrid.uexp" 42
"../../../Engine/Content/Animation/DefaultRecorderBoneCompression.uasset" 43
"../../../Engine/Content/Animation/DefaultRecorderBoneCompression.uexp" 44
"../../../Engine/Plugins/Interchange/Runtime/Content/Pipelines/DefaultSceneLevelPipeline.uasset" 45
"../../../Engine/Plugins/Interchange/Runtime/Content/Pipelines/DefaultSceneLevelPipeline.uexp" 46
"../../../Engine/Content/EngineMaterials/DefaultMaterial.uasset" 47
"../../../Engine/Content/EngineMaterials/DefaultMaterial.uexp" 48
"../../../Engine/Content/BasicShapes/Sphere.ubulk" 49
"../../../Engine/Content/BasicShapes/Sphere.uasset" 50
"../../../Engine/Content/BasicShapes/Sphere.uexp" 51
"../../../Engine/Content/BasicShapes/Plane.ubulk" 52
"../../../Engine/Content/BasicShapes/Plane.uasset" 53
"../../../Engine/Content/BasicShapes/Plane.uexp" 54
"../../../Engine/Content/BasicShapes/Cylinder.ubulk" 55
"../../../Engine/Content/BasicShapes/Cylinder.uasset" 56
"../../../Engine/Content/BasicShapes/Cylinder.uexp" 57
"../../../Engine/Content/BasicShapes/Cube.ubulk" 58
"../../../Engine/Content/BasicShapes/Cube.uasset" 59
"../../../Engine/Content/BasicShapes/Cube.uexp" 60
"../../../Engine/Content/BasicShapes/Cone.ubulk" 61
"../../../Engine/Content/BasicShapes/Cone.uasset" 62
"../../../Engine/Content/BasicShapes/Cone.uexp" 63
"../../../Engine/Content/Functions/Engine_MaterialFunctions02/Utility/MakeFloat4.uasset" 64
"../../../Engine/Content/Functions/Engine_MaterialFunctions02/Utility/MakeFloat4.uexp" 65
"../../../Engine/Content/Functions/Engine_MaterialFunctions02/Utility/MakeFloat3.uasset" 66
"../../../Engine/Content/Functions/Engine_MaterialFunctions02/Utility/MakeFloat3.uexp" 67
"../../../Engine/Content/Functions/Engine_MaterialFunctions02/Utility/BreakOutFloat3Components.uasset" 68
"../../../Engine/Content/Functions/Engine_MaterialFunctions02/Utility/BreakOutFloat3Components.uexp" 69
"../../../Engine/Content/EngineDamageTypes/DmgTypeBP_Environmental.uasset" 70
"../../../Engine/Content/EngineDamageTypes/DmgTypeBP_Environmental.uexp" 71
"../../../Engine/Content/Functions/Engine_MaterialFunctions02/Utility/CameraDirectionVector.uasset" 72
"../../../Engine/Content/Functions/Engine_MaterialFunctions02/Utility/CameraDirectionVector.uexp" 73
"../../../Engine/Content/EngineDebugMaterials/VolumeToRender.uasset" 74
"../../../Engine/Content/EngineDebugMaterials/VolumeToRender.uexp" 75
"../../../Engine/Content/EngineDebugMaterials/M_VolumeRenderSphereTracePP.uasset" 76
"../../../Engine/Content/EngineDebugMaterials/M_VolumeRenderSphereTracePP.uexp" 77
"../../../Engine/Content/EngineDebugMaterials/M_SimpleUnlitTranslucent.uasset" 78
"../../../Engine/Content/EngineDebugMaterials/M_SimpleUnlitTranslucent.uexp" 79
"../../../Engine/Content/EngineDebugMaterials/DebugMeshMaterial.uasset" 80
"../../../Engine/Content/EngineDebugMaterials/DebugMeshMaterial.uexp" 81
"../../../Engine/Content/EngineDebugMaterials/DebugEditorMaterial.uasset" 82
"../../../Engine/Content/EngineDebugMaterials/DebugEditorMaterial.uexp" 83
"../../../Engine/Content/EngineFonts/Faces/RobotoLight.uexp" 84
"../../../Engine/Content/EngineFonts/Faces/RobotoLight.uasset" 85
"../../../Engine/Content/EngineFonts/Faces/RobotoLight.ufont" 86
"../../../Engine/Content/EngineFonts/Faces/RobotoBold.uexp" 87
"../../../Engine/Content/EngineFonts/Faces/RobotoBold.uasset" 88
"../../../Engine/Content/EngineFonts/Faces/RobotoBold.ufont" 89
"../../../Engine/Content/EngineFonts/Faces/RobotoRegular.uexp" 90
"../../../Engine/Content/EngineFonts/Faces/RobotoRegular.uasset" 91
"../../../Engine/Content/EngineFonts/Faces/RobotoRegular.ufont" 92
"../../../Engine/Content/EngineFonts/Faces/DroidSansFallback.uexp" 93
"../../../Engine/Content/EngineFonts/Faces/DroidSansFallback.uasset" 94
"../../../Engine/Content/EngineFonts/Faces/DroidSansFallback.ufont" 95
"../../../Engine/Content/EngineFonts/Faces/RobotoItalic.uexp" 96
"../../../Engine/Content/EngineFonts/Faces/RobotoItalic.uasset" 97
"../../../Engine/Content/EngineFonts/Faces/RobotoItalic.ufont" 98
"../../../Engine/Content/EngineFonts/Faces/RobotoBoldItalic.uexp" 99
"../../../Engine/Content/EngineFonts/Faces/RobotoBoldItalic.uasset" 100
"../../../Engine/Content/EngineFonts/Faces/RobotoBoldItalic.ufont" 101
"../../../Engine/Content/EngineFonts/Roboto.uasset" 102
"../../../Engine/Content/EngineFonts/Roboto.uexp" 103
"../../../Engine/Content/EngineResources/WhiteSquareTexture.uasset" 104
"../../../Engine/Content/EngineResources/WhiteSquareTexture.uexp" 105
"../../../Engine/Content/EngineMaterials/Widget3DPassThrough.uasset" 106
"../../../Engine/Content/EngineMaterials/Widget3DPassThrough.uexp" 107
"../../../Engine/Content/EngineMaterials/Widget3DPassThrough_Translucent.uasset" 108
"../../../Engine/Content/EngineMaterials/Widget3DPassThrough_Translucent.uexp" 109
"../../../Engine/Content/EngineMaterials/Widget3DPassThrough_Translucent_OneSided.uasset" 110
"../../../Engine/Content/EngineMaterials/Widget3DPassThrough_Translucent_OneSided.uexp" 111
"../../../Engine/Content/EngineMaterials/Widget3DPassThrough_Opaque.uasset" 112
"../../../Engine/Content/EngineMaterials/Widget3DPassThrough_Opaque.uexp" 113
"../../../Engine/Content/EngineMaterials/Widget3DPassThrough_Opaque_OneSided.uasset" 114
"../../../Engine/Content/EngineMaterials/Widget3DPassThrough_Opaque_OneSided.uexp" 115
"../../../Engine/Content/EngineMaterials/Widget3DPassThrough_Masked_OneSided.uasset" 116
"../../../Engine/Content/EngineMaterials/Widget3DPassThrough_Masked_OneSided.uexp" 117
"../../../Engine/Content/EngineMaterials/Widget3DPassThrough_Masked.uasset" 118
"../../../Engine/Content/EngineMaterials/Widget3DPassThrough_Masked.uexp" 119
"../../../Engine/Plugins/Runtime/MeshModelingToolset/Content/Materials/M_DynamicMeshComponentVtxColor.uasset" 120
"../../../Engine/Plugins/Runtime/MeshModelingToolset/Content/Materials/M_DynamicMeshComponentVtxColor.uexp" 121
"../../../Engine/Content/EngineMaterials/STBlueNoise_vec2_128x128x64.uasset" 122
"../../../Engine/Content/EngineMaterials/STBlueNoise_vec2_128x128x64.uexp" 123
"../../../Engine/Content/EngineMaterials/STBlueNoise_scalar_128x128x64.uasset" 124
"../../../Engine/Content/EngineMaterials/STBlueNoise_scalar_128x128x64.uexp" 125
"../../../Engine/Content/EngineMaterials/RemoveSurfaceMaterial.uasset" 126
"../../../Engine/Content/EngineMaterials/RemoveSurfaceMaterial.uexp" 127
"../../../Engine/Content/EngineMaterials/DefaultCalibrationGrayscale.uasset" 128
"../../../Engine/Content/EngineMaterials/DefaultCalibrationGrayscale.uexp" 129
"../../../Engine/Content/EngineMaterials/PPM_DefaultCalibrationGrayscale.uasset" 130
"../../../Engine/Content/EngineMaterials/PPM_DefaultCalibrationGrayscale.uexp" 131
"../../../Engine/Content/EngineMaterials/DefaultCalibrationColor.uasset" 132
"../../../Engine/Content/EngineMaterials/DefaultCalibrationColor.uexp" 133
"../../../Engine/Content/EngineMaterials/PPM_DefaultCalibrationColor.uasset" 134
"../../../Engine/Content/EngineMaterials/PPM_DefaultCalibrationColor.uexp" 135
"../../../Engine/Content/Functions/Engine_MaterialFunctions02/WorldPositionOffset/CameraOffset.uasset" 136
"../../../Engine/Content/Functions/Engine_MaterialFunctions02/WorldPositionOffset/CameraOffset.uexp" 137
"../../../Engine/Content/EngineMaterials/PhAT_JointLimitMaterial.uasset" 138
"../../../Engine/Content/EngineMaterials/PhAT_JointLimitMaterial.uexp" 139
"../../../Engine/Content/EngineMaterials/InvalidLightmapSettings.ubulk" 140
"../../../Engine/Content/EngineMaterials/InvalidLightmapSettings.uasset" 141
"../../../Engine/Content/EngineMaterials/InvalidLightmapSettings.uexp" 142
"../../../Engine/Content/EngineMaterials/M_InvalidLightmapSettings.uasset" 143
"../../../Engine/Content/EngineMaterials/M_InvalidLightmapSettings.uexp" 144
"../../../Engine/Plugins/Interchange/Runtime/Content/gltf/Textures/T_Gray_Linear.uasset" 145
"../../../Engine/Plugins/Interchange/Runtime/Content/gltf/Textures/T_Gray_Linear.uexp" 146
"../../../Engine/Plugins/Interchange/Runtime/Content/Materials/MapOrLinearColorFunction.uasset" 147
"../../../Engine/Plugins/Interchange/Runtime/Content/Materials/MapOrLinearColorFunction.uexp" 148
"../../../Engine/Content/EngineMaterials/DefaultNormal.ubulk" 149
"../../../Engine/Content/EngineMaterials/DefaultNormal.uasset" 150
"../../../Engine/Content/EngineMaterials/DefaultNormal.uexp" 151
"../../../Engine/Plugins/Interchange/Runtime/Content/Materials/MapOrScalarFunction.uasset" 152
"../../../Engine/Plugins/Interchange/Runtime/Content/Materials/MapOrScalarFunction.uexp" 153
"../../../Engine/Plugins/Interchange/Runtime/Content/Materials/MapOrColorFunction.uasset" 154
"../../../Engine/Plugins/Interchange/Runtime/Content/Materials/MapOrColorFunction.uexp" 155
"../../../Engine/Content/EngineMaterials/BaseFlattenLinearColor.uasset" 156
"../../../Engine/Content/EngineMaterials/BaseFlattenLinearColor.uexp" 157
"../../../Engine/Plugins/Interchange/Runtime/Content/Materials/CommonMaterial.uasset" 158
"../../../Engine/Plugins/Interchange/Runtime/Content/Materials/CommonMaterial.uexp" 159
"../../../Engine/Plugins/Interchange/Runtime/Content/Materials/PBRSurfaceFunction.uasset" 160
"../../../Engine/Plugins/Interchange/Runtime/Content/Materials/PBRSurfaceFunction.uexp" 161
"../../../Engine/Plugins/Interchange/Runtime/Content/Materials/ClearCoatMaterial.uasset" 162
"../../../Engine/Plugins/Interchange/Runtime/Content/Materials/ClearCoatMaterial.uexp" 163
"../../../Engine/Plugins/Interchange/Runtime/Content/Materials/UnlitMaterial.uasset" 164
"../../../Engine/Plugins/Interchange/Runtime/Content/Materials/UnlitMaterial.uexp" 165
"../../../Engine/Content/EngineMaterials/GizmoMaterial.uasset" 166
"../../../Engine/Content/EngineMaterials/GizmoMaterial.uexp" 167
"../../../Engine/Content/EngineMaterials/BaseFlattenEmissiveMap_VT.uasset" 168
"../../../Engine/Content/EngineMaterials/BaseFlattenEmissiveMap_VT.uexp" 169
"../../../Engine/Content/EngineMaterials/BaseFlattenGrayscaleMap_VT.uasset" 170
"../../../Engine/Content/EngineMaterials/BaseFlattenGrayscaleMap_VT.uexp" 171
"../../../Engine/Content/EngineMaterials/BaseFlattenLinearColor_VT.uasset" 172
"../../../Engine/Content/EngineMaterials/BaseFlattenLinearColor_VT.uexp" 173
"../../../Engine/Content/EngineMaterials/Black_1x1_EXR_Texture_VT.uasset" 174
"../../../Engine/Content/EngineMaterials/Black_1x1_EXR_Texture_VT.uexp" 175
"../../../Engine/Content/EngineMaterials/BaseFlattenDiffuseMap_VT.uasset" 176
"../../../Engine/Content/EngineMaterials/BaseFlattenDiffuseMap_VT.uexp" 177
"../../../Engine/Content/EngineMaterials/BaseFlattenNormalMap_VT.uasset" 178
"../../../Engine/Content/EngineMaterials/BaseFlattenNormalMap_VT.uexp" 179
"../../../Engine/Content/EngineMaterials/FlattenMaterial_WS_Normal_VT.uasset" 180
"../../../Engine/Content/EngineMaterials/FlattenMaterial_WS_Normal_VT.uexp" 181
"../../../Engine/Content/EngineMaterials/FlattenMaterial_VT.uasset" 182
"../../../Engine/Content/EngineMaterials/FlattenMaterial_VT.uexp" 183
"../../../Engine/Content/EngineMaterials/BaseFlattenNormalMap.uasset" 184
"../../../Engine/Content/EngineMaterials/BaseFlattenNormalMap.uexp" 185
"../../../Engine/Content/EngineMaterials/BaseFlattenGrayscaleMap.uasset" 186
"../../../Engine/Content/EngineMaterials/BaseFlattenGrayscaleMap.uexp" 187
"../../../Engine/Content/EngineMaterials/BaseFlattenDiffuseMap.uasset" 188
"../../../Engine/Content/EngineMaterials/BaseFlattenDiffuseMap.uexp" 189
"../../../Engine/Content/Functions/Engine_MaterialFunctions02/PivotPainter2/Black_1x1_EXR_Texture.uasset" 190
"../../../Engine/Content/Functions/Engine_MaterialFunctions02/PivotPainter2/Black_1x1_EXR_Texture.uexp" 191
"../../../Engine/Content/EngineMaterials/BaseFlattenEmissiveMap.uasset" 192
"../../../Engine/Content/EngineMaterials/BaseFlattenEmissiveMap.uexp" 193
"../../../Engine/Content/EngineMaterials/FlattenMaterial.uasset" 194
"../../../Engine/Content/EngineMaterials/FlattenMaterial.uexp" 195
"../../../Engine/Content/EngineMaterials/DefaultWhiteGrid_Low.uasset" 196
"../../../Engine/Content/EngineMaterials/DefaultWhiteGrid_Low.uexp" 197
"../../../Engine/Content/EngineMaterials/EmissiveMeshMaterial.uasset" 198
"../../../Engine/Content/EngineMaterials/EmissiveMeshMaterial.uexp" 199
"../../../Engine/Plugins/Interchange/Runtime/Content/Pipelines/DefaultTexturePipeline.uasset" 200
"../../../Engine/Plugins/Interchange/Runtime/Content/Pipelines/DefaultTexturePipeline.uexp" 201
"../../../Engine/Content/EngineFonts/RobotoDistanceField.uasset" 202
"../../../Engine/Content/EngineFonts/RobotoDistanceField.uexp" 203
"../../../Engine/Content/EngineMaterials/DefaultTextMaterialOpaque.uasset" 204
"../../../Engine/Content/EngineMaterials/DefaultTextMaterialOpaque.uexp" 205
"../../../Engine/Content/EngineMaterials/DefaultDiffuse.ubulk" 206
"../../../Engine/Content/EngineMaterials/DefaultDiffuse.uasset" 207
"../../../Engine/Content/EngineMaterials/DefaultDiffuse.uexp" 208
"../../../Engine/Content/Functions/Engine_MaterialFunctions02/Utility/BreakOutFloat2Components.uasset" 209
"../../../Engine/Content/Functions/Engine_MaterialFunctions02/Utility/BreakOutFloat2Components.uexp" 210
"../../../Engine/Content/EngineMaterials/DefaultPostProcessMaterial.uasset" 211
"../../../Engine/Content/EngineMaterials/DefaultPostProcessMaterial.uexp" 212
"../../../Engine/Content/EngineMaterials/DefaultLightFunctionMaterial.uasset" 213
"../../../Engine/Content/EngineMaterials/DefaultLightFunctionMaterial.uexp" 214
"../../../Engine/Content/EngineMaterials/DefaultDestructiblePhysicalMaterial.uasset" 215
"../../../Engine/Content/EngineMaterials/DefaultDestructiblePhysicalMaterial.uexp" 216
"../../../Engine/Content/EngineResources/FilmGrains/Marcie_Grain_v3_128_M2_000.uasset" 217
"../../../Engine/Content/EngineResources/FilmGrains/Marcie_Grain_v3_128_M2_000.uexp" 218
"../../../Engine/Content/EngineMaterials/DefaultDeferredDecalMaterial.uasset" 219
"../../../Engine/Content/EngineMaterials/DefaultDeferredDecalMaterial.uexp" 220
"../../../Engine/Plugins/Interchange/Runtime/Content/gltf/Textures/T_Black_srgb.uasset" 221
"../../../Engine/Plugins/Interchange/Runtime/Content/gltf/Textures/T_Black_srgb.uexp" 222
"../../../Engine/Content/EngineMaterials/DefaultBloomKernel.uasset" 223
"../../../Engine/Content/EngineMaterials/DefaultBloomKernel.uexp" 224
"../../../Engine/Plugins/Interchange/Runtime/Content/Materials/ThinTranslucentMaterial.uasset" 225
"../../../Engine/Plugins/Interchange/Runtime/Content/Materials/ThinTranslucentMaterial.uexp" 226
"../../../Engine/Plugins/Interchange/Runtime/Content/Materials/SubsurfaceMaterial.uasset" 227
"../../../Engine/Plugins/Interchange/Runtime/Content/Materials/SubsurfaceMaterial.uexp" 228
"../../../Engine/Plugins/Interchange/Runtime/Content/Materials/SheenMaterial.uasset" 229
"../../../Engine/Plugins/Interchange/Runtime/Content/Materials/SheenMaterial.uexp" 230
"../../../Engine/Content/Functions/Engine_MaterialFunctions01/Shading/ConvertFromDiffSpec.uasset" 231
"../../../Engine/Content/Functions/Engine_MaterialFunctions01/Shading/ConvertFromDiffSpec.uexp" 232
"../../../Engine/Plugins/Interchange/Runtime/Content/Materials/PhongSurfaceMaterial.uasset" 233
"../../../Engine/Plugins/Interchange/Runtime/Content/Materials/PhongSurfaceMaterial.uexp" 234
"../../../Engine/Plugins/Interchange/Runtime/Content/Materials/PBRSurfaceMaterial.uasset" 235
"../../../Engine/Plugins/Interchange/Runtime/Content/Materials/PBRSurfaceMaterial.uexp" 236
"../../../Engine/Plugins/Interchange/Runtime/Content/Materials/LambertSurfaceMaterial.uasset" 237
"../../../Engine/Plugins/Interchange/Runtime/Content/Materials/LambertSurfaceMaterial.uexp" 238
"../../../Engine/Content/EngineSounds/Master.uasset" 239
"../../../Engine/Content/EngineSounds/Master.uexp" 240
"../../../Engine/Content/EngineSky/VolumetricClouds/CloudWeatherTexture.uasset" 241
"../../../Engine/Content/EngineSky/VolumetricClouds/CloudWeatherTexture.uexp" 242
"../../../Engine/Content/Functions/Engine_MaterialFunctions02/Utility/MakeFloat2.uasset" 243
"../../../Engine/Content/Functions/Engine_MaterialFunctions02/Utility/MakeFloat2.uexp" 244
"../../../Engine/Content/EngineSky/VolumetricClouds/CloudGradientTexture.uasset" 245
"../../../Engine/Content/EngineSky/VolumetricClouds/CloudGradientTexture.uexp" 246
"../../../Engine/Content/EngineSky/VolumetricClouds/T_NoiseShape64.ubulk" 247
"../../../Engine/Content/EngineSky/VolumetricClouds/T_NoiseShape64.uasset" 248
"../../../Engine/Content/EngineSky/VolumetricClouds/T_NoiseShape64.uexp" 249
"../../../Engine/Content/EngineSky/VolumetricClouds/T_VolumeNoiseShape64.uasset" 250
"../../../Engine/Content/EngineSky/VolumetricClouds/T_VolumeNoiseShape64.uexp" 251
"../../../Engine/Content/EngineSky/VolumetricClouds/T_NoiseErosion.ubulk" 252
"../../../Engine/Content/EngineSky/VolumetricClouds/T_NoiseErosion.uasset" 253
"../../../Engine/Content/EngineSky/VolumetricClouds/T_NoiseErosion.uexp" 254
"../../../Engine/Content/EngineSky/VolumetricClouds/T_VolumeNoiseErosion32.uasset" 255
"../../../Engine/Content/EngineSky/VolumetricClouds/T_VolumeNoiseErosion32.uexp" 256
"../../../Engine/Content/EngineSky/VolumetricClouds/m_SimpleVolumetricCloud.uasset" 257
"../../../Engine/Content/EngineSky/VolumetricClouds/m_SimpleVolumetricCloud.uexp" 258
"../../../Engine/Content/EngineSky/VolumetricClouds/m_SimpleVolumetricCloud_Inst.uasset" 259
"../../../Engine/Content/EngineSky/VolumetricClouds/m_SimpleVolumetricCloud_Inst.uexp" 260
"../../../Engine/Content/Functions/Engine_MaterialFunctions01/Shading/PowerToRoughness.uasset" 261
"../../../Engine/Content/Functions/Engine_MaterialFunctions01/Shading/PowerToRoughness.uexp" 262
"../../../Engine/Content/EngineMaterials/FlatNormal.uasset" 263
"../../../Engine/Content/EngineMaterials/FlatNormal.uexp" 264
"../../../Engine/Plugins/Interchange/Runtime/Content/Functions/MF_OrenNayerView.uasset" 265
"../../../Engine/Plugins/Interchange/Runtime/Content/Functions/MF_OrenNayerView.uexp" 266
"../../../Engine/Plugins/Interchange/Runtime/Content/Functions/MF_SchlickApprox.uasset" 267
"../../../Engine/Plugins/Interchange/Runtime/Content/Functions/MF_SchlickApprox.uexp" 268
"../../../Engine/Plugins/Interchange/Runtime/Content/Utilities/New_LUT.uasset" 269
"../../../Engine/Plugins/Interchange/Runtime/Content/Utilities/New_LUT.uexp" 270
"../../../Engine/Content/Functions/Engine_MaterialFunctions03/Math/RemapValueRange.uasset" 271
"../../../Engine/Content/Functions/Engine_MaterialFunctions03/Math/RemapValueRange.uexp" 272
"../../../Engine/Plugins/Interchange/Runtime/Content/Functions/MF_Iridescence.uasset" 273
"../../../Engine/Plugins/Interchange/Runtime/Content/Functions/MF_Iridescence.uexp" 274
"../../../Engine/Plugins/Interchange/Runtime/Content/Materials/OrenNayerMaterial.uasset" 275
"../../../Engine/Plugins/Interchange/Runtime/Content/Materials/OrenNayerMaterial.uexp" 276
"../../../Engine/Content/MobileResources/HUD/VirtualJoystick_Background.uasset" 277
"../../../Engine/Content/MobileResources/HUD/VirtualJoystick_Background.uexp" 278
"../../../Engine/Content/MobileResources/HUD/VirtualJoystick_Thumb.uasset" 279
"../../../Engine/Content/MobileResources/HUD/VirtualJoystick_Thumb.uexp" 280
"../../../Engine/Content/MobileResources/HUD/DefaultVirtualJoysticks.uasset" 281
"../../../Engine/Content/MobileResources/HUD/DefaultVirtualJoysticks.uexp" 282
"../../../Engine/Plugins/2D/Paper2D/Content/PlaceholderTextures/DummySpriteTexture.ubulk" 283
"../../../Engine/Plugins/2D/Paper2D/Content/PlaceholderTextures/DummySpriteTexture.uasset" 284
"../../../Engine/Plugins/2D/Paper2D/Content/PlaceholderTextures/DummySpriteTexture.uexp" 285
"../../../Engine/Plugins/2D/Paper2D/Content/DefaultSpriteMaterial.uasset" 286
"../../../Engine/Plugins/2D/Paper2D/Content/DefaultSpriteMaterial.uexp" 287
"../../../Engine/Plugins/2D/Paper2D/Content/OpaqueUnlitSpriteMaterial.uasset" 288
"../../../Engine/Plugins/2D/Paper2D/Content/OpaqueUnlitSpriteMaterial.uexp" 289
"../../../Engine/Plugins/2D/Paper2D/Content/MaskedUnlitSpriteMaterial.uasset" 290
"../../../Engine/Plugins/2D/Paper2D/Content/MaskedUnlitSpriteMaterial.uexp" 291
"../../../Engine/Plugins/2D/Paper2D/Content/DummySprite.uasset" 292
"../../../Engine/Plugins/2D/Paper2D/Content/DummySprite.uexp" 293
"../../../Engine/Plugins/2D/Paper2D/Content/DefaultPaperTerrainMaterial.uasset" 294
"../../../Engine/Plugins/2D/Paper2D/Content/DefaultPaperTerrainMaterial.uexp" 295
"../../../Engine/Plugins/Interchange/Runtime/Content/Pipelines/DefaultAssetsPipeline.uasset" 296
"../../../Engine/Plugins/Interchange/Runtime/Content/Pipelines/DefaultAssetsPipeline.uexp" 297
"../../../Engine/Plugins/Animation/ControlRig/Content/M_Manip.uasset" 298
"../../../Engine/Plugins/Animation/ControlRig/Content/M_Manip.uexp" 299
"../../../Engine/Plugins/Animation/ControlRig/Content/Controls/DefaultGizmoLibraryNormalized.uasset" 300
"../../../Engine/Plugins/Animation/ControlRig/Content/Controls/DefaultGizmoLibraryNormalized.uexp" 301
"../../../Engine/Plugins/Animation/ControlRig/Content/Controls/ControlRig_Wedge_solid.ubulk" 302
"../../../Engine/Plugins/Animation/ControlRig/Content/Controls/ControlRig_Wedge_solid.uasset" 303
"../../../Engine/Plugins/Animation/ControlRig/Content/Controls/ControlRig_Wedge_solid.uexp" 304
"../../../Engine/Plugins/Animation/ControlRig/Content/Controls/ControlRig_Wedge_3mm.ubulk" 305
"../../../Engine/Plugins/Animation/ControlRig/Content/Controls/ControlRig_Wedge_3mm.uasset" 306
"../../../Engine/Plugins/Animation/ControlRig/Content/Controls/ControlRig_Wedge_3mm.uexp" 307
"../../../Engine/Plugins/Animation/ControlRig/Content/Controls/ControlRig_Wedge_1mm.ubulk" 308
"../../../Engine/Plugins/Animation/ControlRig/Content/Controls/ControlRig_Wedge_1mm.uasset" 309
"../../../Engine/Plugins/Animation/ControlRig/Content/Controls/ControlRig_Wedge_1mm.uexp" 310
"../../../Engine/Plugins/Animation/ControlRig/Content/Controls/ControlRig_Triangle_solid.ubulk" 311
"../../../Engine/Plugins/Animation/ControlRig/Content/Controls/ControlRig_Triangle_solid.uasset" 312
"../../../Engine/Plugins/Animation/ControlRig/Content/Controls/ControlRig_Triangle_solid.uexp" 313
"../../../Engine/Plugins/Animation/ControlRig/Content/Controls/ControlRig_Triangle_3mm.ubulk" 314
"../../../Engine/Plugins/Animation/ControlRig/Content/Controls/ControlRig_Triangle_3mm.uasset" 315
"../../../Engine/Plugins/Animation/ControlRig/Content/Controls/ControlRig_Triangle_3mm.uexp" 316
"../../../Engine/Plugins/Animation/ControlRig/Content/Controls/ControlRig_Triangle_1mm.ubulk" 317
"../../../Engine/Plugins/Animation/ControlRig/Content/Controls/ControlRig_Triangle_1mm.uasset" 318
"../../../Engine/Plugins/Animation/ControlRig/Content/Controls/ControlRig_Triangle_1mm.uexp" 319
"../../../Engine/Plugins/Animation/ControlRig/Content/Controls/ControlRig_Star4_solid.ubulk" 320
"../../../Engine/Plugins/Animation/ControlRig/Content/Controls/ControlRig_Star4_solid.uasset" 321
"../../../Engine/Plugins/Animation/ControlRig/Content/Controls/ControlRig_Star4_solid.uexp" 322
"../../../Engine/Plugins/Animation/ControlRig/Content/Controls/ControlRig_Star4_3mm.ubulk" 323
"../../../Engine/Plugins/Animation/ControlRig/Content/Controls/ControlRig_Star4_3mm.uasset" 324
"../../../Engine/Plugins/Animation/ControlRig/Content/Controls/ControlRig_Star4_3mm.uexp" 325
"../../../Engine/Plugins/Animation/ControlRig/Content/Controls/ControlRig_Star4_1mm.ubulk" 326
"../../../Engine/Plugins/Animation/ControlRig/Content/Controls/ControlRig_Star4_1mm.uasset" 327
"../../../Engine/Plugins/Animation/ControlRig/Content/Controls/ControlRig_Star4_1mm.uexp" 328
"../../../Engine/Plugins/Animation/ControlRig/Content/Controls/ControlRig_Square_solid.ubulk" 329
"../../../Engine/Plugins/Animation/ControlRig/Content/Controls/ControlRig_Square_solid.uasset" 330
"../../../Engine/Plugins/Animation/ControlRig/Content/Controls/ControlRig_Square_solid.uexp" 331
"../../../Engine/Plugins/Animation/ControlRig/Content/Controls/ControlRig_Square_3mm.ubulk" 332
"../../../Engine/Plugins/Animation/ControlRig/Content/Controls/ControlRig_Square_3mm.uasset" 333
"../../../Engine/Plugins/Animation/ControlRig/Content/Controls/ControlRig_Square_3mm.uexp" 334
"../../../Engine/Plugins/Animation/ControlRig/Content/Controls/ControlRig_Square_1mm.ubulk" 335
"../../../Engine/Plugins/Animation/ControlRig/Content/Controls/ControlRig_Square_1mm.uasset" 336
"../../../Engine/Plugins/Animation/ControlRig/Content/Controls/ControlRig_Square_1mm.uexp" 337
"../../../Engine/Plugins/Animation/ControlRig/Content/Controls/ControlRig_Sphere_solid.ubulk" 338
"../../../Engine/Plugins/Animation/ControlRig/Content/Controls/ControlRig_Sphere_solid.uasset" 339
"../../../Engine/Plugins/Animation/ControlRig/Content/Controls/ControlRig_Sphere_solid.uexp" 340
"../../../Engine/Plugins/Animation/ControlRig/Content/Controls/ControlRig_Sphere_3mm.ubulk" 341
"../../../Engine/Plugins/Animation/ControlRig/Content/Controls/ControlRig_Sphere_3mm.uasset" 342
"../../../Engine/Plugins/Animation/ControlRig/Content/Controls/ControlRig_Sphere_3mm.uexp" 343
"../../../Engine/Plugins/Animation/ControlRig/Content/Controls/ControlRig_Sphere_1mm.ubulk" 344
"../../../Engine/Plugins/Animation/ControlRig/Content/Controls/ControlRig_Sphere_1mm.uasset" 345
"../../../Engine/Plugins/Animation/ControlRig/Content/Controls/ControlRig_Sphere_1mm.uexp" 346
"../../../Engine/Plugins/Animation/ControlRig/Content/Controls/ControlRig_RoundedTriangle_solid.ubulk" 347
"../../../Engine/Plugins/Animation/ControlRig/Content/Controls/ControlRig_RoundedTriangle_solid.uasset" 348
"../../../Engine/Plugins/Animation/ControlRig/Content/Controls/ControlRig_RoundedTriangle_solid.uexp" 349
"../../../Engine/Plugins/Animation/ControlRig/Content/Controls/ControlRig_RoundedTriangle_3mm.ubulk" 350
"../../../Engine/Plugins/Animation/ControlRig/Content/Controls/ControlRig_RoundedTriangle_3mm.uasset" 351
"../../../Engine/Plugins/Animation/ControlRig/Content/Controls/ControlRig_RoundedTriangle_3mm.uexp" 352
"../../../Engine/Plugins/Animation/ControlRig/Content/Controls/ControlRig_RoundedTriangle_1mm.ubulk" 353
"../../../Engine/Plugins/Animation/ControlRig/Content/Controls/ControlRig_RoundedTriangle_1mm.uasset" 354
"../../../Engine/Plugins/Animation/ControlRig/Content/Controls/ControlRig_RoundedTriangle_1mm.uexp" 355
"../../../Engine/Plugins/Animation/ControlRig/Content/Controls/ControlRig_RoundedSquare_solid.ubulk" 356
"../../../Engine/Plugins/Animation/ControlRig/Content/Controls/ControlRig_RoundedSquare_solid.uasset" 357
"../../../Engine/Plugins/Animation/ControlRig/Content/Controls/ControlRig_RoundedSquare_solid.uexp" 358
"../../../Engine/Plugins/Animation/ControlRig/Content/Controls/ControlRig_RoundedSquare_3mm.ubulk" 359
"../../../Engine/Plugins/Animation/ControlRig/Content/Controls/ControlRig_RoundedSquare_3mm.uasset" 360
"../../../Engine/Plugins/Animation/ControlRig/Content/Controls/ControlRig_RoundedSquare_3mm.uexp" 361
"../../../Engine/Plugins/Animation/ControlRig/Content/Controls/ControlRig_RoundedSquare_1mm.ubulk" 362
"../../../Engine/Plugins/Animation/ControlRig/Content/Controls/ControlRig_RoundedSquare_1mm.uasset" 363
"../../../Engine/Plugins/Animation/ControlRig/Content/Controls/ControlRig_RoundedSquare_1mm.uexp" 364
"../../../Engine/Plugins/Animation/ControlRig/Content/Controls/ControlRig_QuarterCircle_solid.ubulk" 365
"../../../Engine/Plugins/Animation/ControlRig/Content/Controls/ControlRig_QuarterCircle_solid.uasset" 366
"../../../Engine/Plugins/Animation/ControlRig/Content/Controls/ControlRig_QuarterCircle_solid.uexp" 367
"../../../Engine/Plugins/Animation/ControlRig/Content/Controls/ControlRig_QuarterCircle_3mm.ubulk" 368
"../../../Engine/Plugins/Animation/ControlRig/Content/Controls/ControlRig_QuarterCircle_3mm.uasset" 369
"../../../Engine/Plugins/Animation/ControlRig/Content/Controls/ControlRig_QuarterCircle_3mm.uexp" 370
"../../../Engine/Plugins/Animation/ControlRig/Content/Controls/ControlRig_QuarterCircle_1mm.ubulk" 371
"../../../Engine/Plugins/Animation/ControlRig/Content/Controls/ControlRig_QuarterCircle_1mm.uasset" 372
"../../../Engine/Plugins/Animation/ControlRig/Content/Controls/ControlRig_QuarterCircle_1mm.uexp" 373
"../../../Engine/Plugins/Animation/ControlRig/Content/Controls/ControlRig_Pyramid_solid.ubulk" 374
"../../../Engine/Plugins/Animation/ControlRig/Content/Controls/ControlRig_Pyramid_solid.uasset" 375
"../../../Engine/Plugins/Animation/ControlRig/Content/Controls/ControlRig_Pyramid_solid.uexp" 376
"../../../Engine/Plugins/Animation/ControlRig/Content/Controls/ControlRig_Pyramid_3mm.ubulk" 377
"../../../Engine/Plugins/Animation/ControlRig/Content/Controls/ControlRig_Pyramid_3mm.uasset" 378
"../../../Engine/Plugins/Animation/ControlRig/Content/Controls/ControlRig_Pyramid_3mm.uexp" 379
"../../../Engine/Plugins/Animation/ControlRig/Content/Controls/ControlRig_Pyramid_1mm.ubulk" 380
"../../../Engine/Plugins/Animation/ControlRig/Content/Controls/ControlRig_Pyramid_1mm.uasset" 381
"../../../Engine/Plugins/Animation/ControlRig/Content/Controls/ControlRig_Pyramid_1mm.uexp" 382
"../../../Engine/Plugins/Animation/ControlRig/Content/Controls/ControlRig_Octagon_solid.ubulk" 383
"../../../Engine/Plugins/Animation/ControlRig/Content/Controls/ControlRig_Octagon_solid.uasset" 384
"../../../Engine/Plugins/Animation/ControlRig/Content/Controls/ControlRig_Octagon_solid.uexp" 385
"../../../Engine/Plugins/Animation/ControlRig/Content/Controls/ControlRig_Octagon_3mm.ubulk" 386
"../../../Engine/Plugins/Animation/ControlRig/Content/Controls/ControlRig_Octagon_3mm.uasset" 387
"../../../Engine/Plugins/Animation/ControlRig/Content/Controls/ControlRig_Octagon_3mm.uexp" 388
"../../../Engine/Plugins/Animation/ControlRig/Content/Controls/ControlRig_Octagon_1mm.ubulk" 389
"../../../Engine/Plugins/Animation/ControlRig/Content/Controls/ControlRig_Octagon_1mm.uasset" 390
"../../../Engine/Plugins/Animation/ControlRig/Content/Controls/ControlRig_Octagon_1mm.uexp" 391
"../../../Engine/Plugins/Animation/ControlRig/Content/Controls/ControlRig_Hexagon_solid.ubulk" 392
"../../../Engine/Plugins/Animation/ControlRig/Content/Controls/ControlRig_Hexagon_solid.uasset" 393
"../../../Engine/Plugins/Animation/ControlRig/Content/Controls/ControlRig_Hexagon_solid.uexp" 394
"../../../Engine/Plugins/Animation/ControlRig/Content/Controls/ControlRig_Hexagon_3mm.ubulk" 395
"../../../Engine/Plugins/Animation/ControlRig/Content/Controls/ControlRig_Hexagon_3mm.uasset" 396
"../../../Engine/Plugins/Animation/ControlRig/Content/Controls/ControlRig_Hexagon_3mm.uexp" 397
"../../../Engine/Plugins/Animation/ControlRig/Content/Controls/ControlRig_Hexagon_1mm.ubulk" 398
"../../../Engine/Plugins/Animation/ControlRig/Content/Controls/ControlRig_Hexagon_1mm.uasset" 399
"../../../Engine/Plugins/Animation/ControlRig/Content/Controls/ControlRig_Hexagon_1mm.uexp" 400
"../../../Engine/Plugins/Animation/ControlRig/Content/Controls/ControlRig_HalfCircle_solid.ubulk" 401
"../../../Engine/Plugins/Animation/ControlRig/Content/Controls/ControlRig_HalfCircle_solid.uasset" 402
"../../../Engine/Plugins/Animation/ControlRig/Content/Controls/ControlRig_HalfCircle_solid.uexp" 403
"../../../Engine/Plugins/Animation/ControlRig/Content/Controls/ControlRig_HalfCircle_3mm.ubulk" 404
"../../../Engine/Plugins/Animation/ControlRig/Content/Controls/ControlRig_HalfCircle_3mm.uasset" 405
"../../../Engine/Plugins/Animation/ControlRig/Content/Controls/ControlRig_HalfCircle_3mm.uexp" 406
"../../../Engine/Plugins/Animation/ControlRig/Content/Controls/ControlRig_HalfCircle_1mm.ubulk" 407
"../../../Engine/Plugins/Animation/ControlRig/Content/Controls/ControlRig_HalfCircle_1mm.uasset" 408
"../../../Engine/Plugins/Animation/ControlRig/Content/Controls/ControlRig_HalfCircle_1mm.uexp" 409
"../../../Engine/Plugins/Animation/ControlRig/Content/Controls/ControlRig_Diamond_solid.ubulk" 410
"../../../Engine/Plugins/Animation/ControlRig/Content/Controls/ControlRig_Diamond_solid.uasset" 411
"../../../Engine/Plugins/Animation/ControlRig/Content/Controls/ControlRig_Diamond_solid.uexp" 412
"../../../Engine/Plugins/Animation/ControlRig/Content/Controls/ControlRig_Diamond_3mm.ubulk" 413
"../../../Engine/Plugins/Animation/ControlRig/Content/Controls/ControlRig_Diamond_3mm.uasset" 414
"../../../Engine/Plugins/Animation/ControlRig/Content/Controls/ControlRig_Diamond_3mm.uexp" 415
"../../../Engine/Plugins/Animation/ControlRig/Content/Controls/ControlRig_Diamond_1mm.ubulk" 416
"../../../Engine/Plugins/Animation/ControlRig/Content/Controls/ControlRig_Diamond_1mm.uasset" 417
"../../../Engine/Plugins/Animation/ControlRig/Content/Controls/ControlRig_Diamond_1mm.uexp" 418
"../../../Engine/Plugins/Animation/ControlRig/Content/Controls/ControlRig_Circle_solid.ubulk" 419
"../../../Engine/Plugins/Animation/ControlRig/Content/Controls/ControlRig_Circle_solid.uasset" 420
"../../../Engine/Plugins/Animation/ControlRig/Content/Controls/ControlRig_Circle_solid.uexp" 421
"../../../Engine/Plugins/Animation/ControlRig/Content/Controls/ControlRig_Circle_3mm.ubulk" 422
"../../../Engine/Plugins/Animation/ControlRig/Content/Controls/ControlRig_Circle_3mm.uasset" 423
"../../../Engine/Plugins/Animation/ControlRig/Content/Controls/ControlRig_Circle_3mm.uexp" 424
"../../../Engine/Plugins/Animation/ControlRig/Content/Controls/ControlRig_Circle_1mm.ubulk" 425
"../../../Engine/Plugins/Animation/ControlRig/Content/Controls/ControlRig_Circle_1mm.uasset" 426
"../../../Engine/Plugins/Animation/ControlRig/Content/Controls/ControlRig_Circle_1mm.uexp" 427
"../../../Engine/Plugins/Animation/ControlRig/Content/Controls/ControlRig_Box_solid.ubulk" 428
"../../../Engine/Plugins/Animation/ControlRig/Content/Controls/ControlRig_Box_solid.uasset" 429
"../../../Engine/Plugins/Animation/ControlRig/Content/Controls/ControlRig_Box_solid.uexp" 430
"../../../Engine/Plugins/Animation/ControlRig/Content/Controls/ControlRig_Box_3mm.ubulk" 431
"../../../Engine/Plugins/Animation/ControlRig/Content/Controls/ControlRig_Box_3mm.uasset" 432
"../../../Engine/Plugins/Animation/ControlRig/Content/Controls/ControlRig_Box_3mm.uexp" 433
"../../../Engine/Plugins/Animation/ControlRig/Content/Controls/ControlRig_Box_1mm.ubulk" 434
"../../../Engine/Plugins/Animation/ControlRig/Content/Controls/ControlRig_Box_1mm.uasset" 435
"../../../Engine/Plugins/Animation/ControlRig/Content/Controls/ControlRig_Box_1mm.uexp" 436
"../../../Engine/Plugins/Animation/ControlRig/Content/Controls/ControlRig_Arrow_solid.ubulk" 437
"../../../Engine/Plugins/Animation/ControlRig/Content/Controls/ControlRig_Arrow_solid.uasset" 438
"../../../Engine/Plugins/Animation/ControlRig/Content/Controls/ControlRig_Arrow_solid.uexp" 439
"../../../Engine/Plugins/Animation/ControlRig/Content/Controls/ControlRig_Arrow_3mm.ubulk" 440
"../../../Engine/Plugins/Animation/ControlRig/Content/Controls/ControlRig_Arrow_3mm.uasset" 441
"../../../Engine/Plugins/Animation/ControlRig/Content/Controls/ControlRig_Arrow_3mm.uexp" 442
"../../../Engine/Plugins/Animation/ControlRig/Content/Controls/ControlRig_Arrow_1mm.ubulk" 443
"../../../Engine/Plugins/Animation/ControlRig/Content/Controls/ControlRig_Arrow_1mm.uasset" 444
"../../../Engine/Plugins/Animation/ControlRig/Content/Controls/ControlRig_Arrow_1mm.uexp" 445
"../../../Engine/Plugins/Animation/ControlRig/Content/Controls/ControlRig_Arrow4_solid.ubulk" 446
"../../../Engine/Plugins/Animation/ControlRig/Content/Controls/ControlRig_Arrow4_solid.uasset" 447
"../../../Engine/Plugins/Animation/ControlRig/Content/Controls/ControlRig_Arrow4_solid.uexp" 448
"../../../Engine/Plugins/Animation/ControlRig/Content/Controls/ControlRig_Arrow4_3mm.ubulk" 449
"../../../Engine/Plugins/Animation/ControlRig/Content/Controls/ControlRig_Arrow4_3mm.uasset" 450
"../../../Engine/Plugins/Animation/ControlRig/Content/Controls/ControlRig_Arrow4_3mm.uexp" 451
"../../../Engine/Plugins/Animation/ControlRig/Content/Controls/ControlRig_Arrow4_1mm.ubulk" 452
"../../../Engine/Plugins/Animation/ControlRig/Content/Controls/ControlRig_Arrow4_1mm.uasset" 453
"../../../Engine/Plugins/Animation/ControlRig/Content/Controls/ControlRig_Arrow4_1mm.uexp" 454
"../../../Engine/Plugins/Animation/ControlRig/Content/Controls/ControlRig_Arrow2_solid.ubulk" 455
"../../../Engine/Plugins/Animation/ControlRig/Content/Controls/ControlRig_Arrow2_solid.uasset" 456
"../../../Engine/Plugins/Animation/ControlRig/Content/Controls/ControlRig_Arrow2_solid.uexp" 457
"../../../Engine/Plugins/Animation/ControlRig/Content/Controls/ControlRig_Arrow2_3mm.ubulk" 458
"../../../Engine/Plugins/Animation/ControlRig/Content/Controls/ControlRig_Arrow2_3mm.uasset" 459
"../../../Engine/Plugins/Animation/ControlRig/Content/Controls/ControlRig_Arrow2_3mm.uexp" 460
"../../../Engine/Plugins/Animation/ControlRig/Content/Controls/ControlRig_Arrow2_1mm.ubulk" 461
"../../../Engine/Plugins/Animation/ControlRig/Content/Controls/ControlRig_Arrow2_1mm.uasset" 462
"../../../Engine/Plugins/Animation/ControlRig/Content/Controls/ControlRig_Arrow2_1mm.uexp" 463
"../../../Engine/Plugins/Animation/ControlRig/Content/Controls/ControlRigXRayMaterial.uasset" 464
"../../../Engine/Plugins/Animation/ControlRig/Content/Controls/ControlRigXRayMaterial.uexp" 465
"../../../Engine/Plugins/Animation/ControlRig/Content/Controls/ControlRigGizmoMaterial.uasset" 466
"../../../Engine/Plugins/Animation/ControlRig/Content/Controls/ControlRigGizmoMaterial.uexp" 467
"../../../Engine/Plugins/Editor/SpeedTreeImporter/Content/SpeedTree9/game_wind_noise.ubulk" 468
"../../../Engine/Plugins/Editor/SpeedTreeImporter/Content/SpeedTree9/game_wind_noise.uasset" 469
"../../../Engine/Plugins/Editor/SpeedTreeImporter/Content/SpeedTree9/game_wind_noise.uexp" 470
"../../../Engine/Plugins/Editor/SpeedTreeImporter/Content/SpeedTree9/UnpackDirection.uasset" 471
"../../../Engine/Plugins/Editor/SpeedTreeImporter/Content/SpeedTree9/UnpackDirection.uexp" 472
"../../../Engine/Content/Functions/Engine_MaterialFunctions02/ObjectLocalBounds.uasset" 473
"../../../Engine/Content/Functions/Engine_MaterialFunctions02/ObjectLocalBounds.uexp" 474
"../../../Engine/Content/Functions/Engine_MaterialFunctions02/UVs/BoundingBoxBased_0-1_UVW.uasset" 475
"../../../Engine/Content/Functions/Engine_MaterialFunctions02/UVs/BoundingBoxBased_0-1_UVW.uexp" 476
"../../../Engine/Content/Functions/Engine_MaterialFunctions02/Utility/VectorLength.uasset" 477
"../../../Engine/Content/Functions/Engine_MaterialFunctions02/Utility/VectorLength.uexp" 478
"../../../Engine/Plugins/Editor/SpeedTreeImporter/Content/SpeedTree9/UnpackInteger3.uasset" 479
"../../../Engine/Plugins/Editor/SpeedTreeImporter/Content/SpeedTree9/UnpackInteger3.uexp" 480
"../../../Engine/Plugins/Editor/SpeedTreeImporter/Content/SpeedTree9/SpeedTreeCameraFacing.uasset" 481
"../../../Engine/Plugins/Editor/SpeedTreeImporter/Content/SpeedTree9/SpeedTreeCameraFacing.uexp" 482
"../../../Engine/Content/Functions/Engine_MaterialFunctions02/WorldPositionOffset/ObjectScale.uasset" 483
"../../../Engine/Content/Functions/Engine_MaterialFunctions02/WorldPositionOffset/ObjectScale.uexp" 484
"../../../Engine/Content/Functions/Engine_MaterialFunctions02/SafeNormalize.uasset" 485
"../../../Engine/Content/Functions/Engine_MaterialFunctions02/SafeNormalize.uexp" 486
"../../../Engine/Plugins/Editor/SpeedTreeImporter/Content/SpeedTree9/SpeedTreeWindMotion.uasset" 487
"../../../Engine/Plugins/Editor/SpeedTreeImporter/Content/SpeedTree9/SpeedTreeWindMotion.uexp" 488
"../../../Engine/Plugins/Editor/SpeedTreeImporter/Content/SpeedTree9/SpeedTreeBranchMotion.uasset" 489
"../../../Engine/Plugins/Editor/SpeedTreeImporter/Content/SpeedTree9/SpeedTreeBranchMotion.uexp" 490
"../../../Engine/Plugins/Editor/SpeedTreeImporter/Content/SpeedTree9/SpeedTreeWind.uasset" 491
"../../../Engine/Plugins/Editor/SpeedTreeImporter/Content/SpeedTree9/SpeedTreeWind.uexp" 492
"../../../Engine/Plugins/Editor/SpeedTreeImporter/Content/SpeedTree9/EmptyNormal.uasset" 493
"../../../Engine/Plugins/Editor/SpeedTreeImporter/Content/SpeedTree9/EmptyNormal.uexp" 494
"../../../Engine/Plugins/Editor/SpeedTreeImporter/Content/SpeedTree9/Empty.uasset" 495
"../../../Engine/Plugins/Editor/SpeedTreeImporter/Content/SpeedTree9/Empty.uexp" 496
"../../../Engine/Plugins/Editor/SpeedTreeImporter/Content/SpeedTree9/SpeedTreeMaster.uasset" 497
"../../../Engine/Plugins/Editor/SpeedTreeImporter/Content/SpeedTree9/SpeedTreeMaster.uexp" 498
"../../../Engine/Plugins/Editor/SpeedTreeImporter/Content/SpeedTree9/SpeedTreeBillboard.uasset" 499
"../../../Engine/Plugins/Editor/SpeedTreeImporter/Content/SpeedTree9/SpeedTreeBillboard.uexp" 500
"../../../Engine/Plugins/Editor/SpeedTreeImporter/Content/SpeedTree9/SpeedTreeBillboardMaster.uasset" 501
"../../../Engine/Plugins/Editor/SpeedTreeImporter/Content/SpeedTree9/SpeedTreeBillboardMaster.uexp" 502
"../../../Engine/Plugins/Interchange/Runtime/Content/Pipelines/DefaultSceneAssetsPipeline.uasset" 503
"../../../Engine/Plugins/Interchange/Runtime/Content/Pipelines/DefaultSceneAssetsPipeline.uexp" 504
"../../../Engine/Plugins/Interchange/Runtime/Content/Pipelines/DefaultMaterialPipeline.uasset" 505
"../../../Engine/Plugins/Interchange/Runtime/Content/Pipelines/DefaultMaterialPipeline.uexp" 506
"../../../Engine/Content/Functions/Engine_MaterialFunctions02/Texturing/CustomRotator.uasset" 507
"../../../Engine/Content/Functions/Engine_MaterialFunctions02/Texturing/CustomRotator.uexp" 508
"../../../Engine/Content/Functions/Engine_MaterialFunctions02/Texturing/ScreenAlignedPixelToPixelUVs.uasset" 509
"../../../Engine/Content/Functions/Engine_MaterialFunctions02/Texturing/ScreenAlignedPixelToPixelUVs.uexp" 510
"../../../Engine/Plugins/Interchange/Runtime/Content/Utilities/T_Bayer64_Grayscale_64px.uasset" 511
"../../../Engine/Plugins/Interchange/Runtime/Content/Utilities/T_Bayer64_Grayscale_64px.uexp" 512
"../../../Engine/Plugins/Interchange/Runtime/Content/gltf/MaterialFunctions/MF_Temporal_Blur.uasset" 513
"../../../Engine/Plugins/Interchange/Runtime/Content/gltf/MaterialFunctions/MF_Temporal_Blur.uexp" 514
"../../../Engine/Plugins/Interchange/Runtime/Content/gltf/MaterialFunctions/MF_Fresnel_DS.uasset" 515
"../../../Engine/Plugins/Interchange/Runtime/Content/gltf/MaterialFunctions/MF_Fresnel_DS.uexp" 516
"../../../Engine/Plugins/Interchange/Runtime/Content/Functions/MX_Transmission.uasset" 517
"../../../Engine/Plugins/Interchange/Runtime/Content/Functions/MX_Transmission.uexp" 518
"../../../Engine/Plugins/Interchange/Runtime/Content/Functions/MX_StandardSurface.uasset" 519
"../../../Engine/Plugins/Interchange/Runtime/Content/Functions/MX_StandardSurface.uexp" 520
"../../../Engine/Plugins/Interchange/Runtime/Content/Functions/MX_TransmissionSurface.uasset" 521
"../../../Engine/Plugins/Interchange/Runtime/Content/Functions/MX_TransmissionSurface.uexp" 522
"../../../Engine/Content/Functions/Engine_MaterialFunctions02/Math/AddComponents.uasset" 523
"../../../Engine/Content/Functions/Engine_MaterialFunctions02/Math/AddComponents.uexp" 524
"../../../Engine/Content/Functions/Engine_MaterialFunctions02/WorldPositionOffset/V2/ObjectScale.uasset" 525
"../../../Engine/Content/Functions/Engine_MaterialFunctions02/WorldPositionOffset/V2/ObjectScale.uexp" 526
"../../../Engine/Plugins/Interchange/Runtime/Content/gltf/MaterialFunctions/MF_TransmissionOpacity.uasset" 527
"../../../Engine/Plugins/Interchange/Runtime/Content/gltf/MaterialFunctions/MF_TransmissionOpacity.uexp" 528
"../../../Engine/Plugins/Interchange/Runtime/Content/gltf/MaterialFunctions/MF_RotateV2.uasset" 529
"../../../Engine/Plugins/Interchange/Runtime/Content/gltf/MaterialFunctions/MF_RotateV2.uexp" 530
"../../../Engine/Plugins/Interchange/Runtime/Content/gltf/MaterialFunctions/MF_TransformUVs.uasset" 531
"../../../Engine/Plugins/Interchange/Runtime/Content/gltf/MaterialFunctions/MF_TransformUVs.uexp" 532
"../../../Engine/Plugins/Interchange/Runtime/Content/gltf/Textures/T_White_srgb.uasset" 533
"../../../Engine/Plugins/Interchange/Runtime/Content/gltf/Textures/T_White_srgb.uexp" 534
"../../../Engine/Plugins/Interchange/Runtime/Content/gltf/MaterialFunctions/MF_BaseColor.uasset" 535
"../../../Engine/Plugins/Interchange/Runtime/Content/gltf/MaterialFunctions/MF_BaseColor.uexp" 536
"../../../Engine/Plugins/Interchange/Runtime/Content/gltf/MaterialFunctions/MF_DiffuseSpecGloss.uasset" 537
"../../../Engine/Plugins/Interchange/Runtime/Content/gltf/MaterialFunctions/MF_DiffuseSpecGloss.uexp" 538
"../../../Engine/Plugins/Interchange/Runtime/Content/gltf/Textures/T_White_Linear.uasset" 539
"../../../Engine/Plugins/Interchange/Runtime/Content/gltf/Textures/T_White_Linear.uexp" 540
"../../../Engine/Plugins/Interchange/Runtime/Content/gltf/MaterialFunctions/MF_MetallicRoughness.uasset" 541
"../../../Engine/Plugins/Interchange/Runtime/Content/gltf/MaterialFunctions/MF_MetallicRoughness.uexp" 542
"../../../Engine/Plugins/Interchange/Runtime/Content/gltf/MaterialFunctions/MF_Transmission.uasset" 543
"../../../Engine/Plugins/Interchange/Runtime/Content/gltf/MaterialFunctions/MF_Transmission.uexp" 544
"../../../Engine/Plugins/Interchange/Runtime/Content/gltf/MaterialFunctions/MF_Occlusion.uasset" 545
"../../../Engine/Plugins/Interchange/Runtime/Content/gltf/MaterialFunctions/MF_Occlusion.uexp" 546
"../../../Engine/Plugins/Interchange/Runtime/Content/gltf/MaterialFunctions/MF_Specular.uasset" 547
"../../../Engine/Plugins/Interchange/Runtime/Content/gltf/MaterialFunctions/MF_Specular.uexp" 548
"../../../Engine/Plugins/Interchange/Runtime/Content/gltf/MaterialFunctions/MF_IOR.uasset" 549
"../../../Engine/Plugins/Interchange/Runtime/Content/gltf/MaterialFunctions/MF_IOR.uexp" 550
"../../../Engine/Content/Functions/Engine_MaterialFunctions01/Texturing/FlattenNormal.uasset" 551
"../../../Engine/Content/Functions/Engine_MaterialFunctions01/Texturing/FlattenNormal.uexp" 552
"../../../Engine/Content/Functions/Engine_MaterialFunctions02/Math/Transform3x3Matrix.uasset" 553
"../../../Engine/Content/Functions/Engine_MaterialFunctions02/Math/Transform3x3Matrix.uexp" 554
"../../../Engine/Plugins/Interchange/Runtime/Content/gltf/MaterialFunctions/MF_RotateNormals_TS.uasset" 555
"../../../Engine/Plugins/Interchange/Runtime/Content/gltf/MaterialFunctions/MF_RotateNormals_TS.uexp" 556
"../../../Engine/Plugins/Interchange/Runtime/Content/gltf/Textures/T_Generic_N.uasset" 557
"../../../Engine/Plugins/Interchange/Runtime/Content/gltf/Textures/T_Generic_N.uexp" 558
"../../../Engine/Plugins/Interchange/Runtime/Content/gltf/MaterialFunctions/MF_Normals.uasset" 559
"../../../Engine/Plugins/Interchange/Runtime/Content/gltf/MaterialFunctions/MF_Normals.uexp" 560
"../../../Engine/Plugins/Interchange/Runtime/Content/gltf/MaterialFunctions/MF_PerceivedBrightness.uasset" 561
"../../../Engine/Plugins/Interchange/Runtime/Content/gltf/MaterialFunctions/MF_PerceivedBrightness.uexp" 562
"../../../Engine/Plugins/Interchange/Runtime/Content/gltf/MaterialFunctions/MF_SpecGlossToMetalRoughness.uasset" 563
"../../../Engine/Plugins/Interchange/Runtime/Content/gltf/MaterialFunctions/MF_SpecGlossToMetalRoughness.uexp" 564
"../../../Engine/Plugins/Interchange/Runtime/Content/gltf/M_Transmission.uasset" 565
"../../../Engine/Plugins/Interchange/Runtime/Content/gltf/M_Transmission.uexp" 566
"../../../Engine/Plugins/Interchange/Runtime/Content/gltf/MaterialInstances_MR/MI_Transmission_TS.uasset" 567
"../../../Engine/Plugins/Interchange/Runtime/Content/gltf/MaterialInstances_MR/MI_Transmission_TS.uexp" 568
"../../../Engine/Plugins/Interchange/Runtime/Content/gltf/MaterialInstances_MR/MI_Transmission.uasset" 569
"../../../Engine/Plugins/Interchange/Runtime/Content/gltf/MaterialInstances_MR/MI_Transmission.uexp" 570
"../../../Engine/Plugins/Interchange/Runtime/Content/gltf/MaterialFunctions/MF_Clearcoat.uasset" 571
"../../../Engine/Plugins/Interchange/Runtime/Content/gltf/MaterialFunctions/MF_Clearcoat.uexp" 572
"../../../Engine/Plugins/Interchange/Runtime/Content/gltf/MaterialFunctions/MF_Emissive.uasset" 573
"../../../Engine/Plugins/Interchange/Runtime/Content/gltf/MaterialFunctions/MF_Emissive.uexp" 574
"../../../Engine/Plugins/Interchange/Runtime/Content/gltf/M_Translucent.uasset" 575
"../../../Engine/Plugins/Interchange/Runtime/Content/gltf/M_Translucent.uexp" 576
"../../../Engine/Plugins/Interchange/Runtime/Content/gltf/MaterialInstances_MR/MI_Translucent_TS.uasset" 577
"../../../Engine/Plugins/Interchange/Runtime/Content/gltf/MaterialInstances_MR/MI_Translucent_TS.uexp" 578
"../../../Engine/Plugins/Interchange/Runtime/Content/gltf/MaterialInstances_MR/MI_Translucent_ClearCoat_TS.uasset" 579
"../../../Engine/Plugins/Interchange/Runtime/Content/gltf/MaterialInstances_MR/MI_Translucent_ClearCoat_TS.uexp" 580
"../../../Engine/Plugins/Interchange/Runtime/Content/gltf/MaterialInstances_MR/MI_Translucent_ClearCoat.uasset" 581
"../../../Engine/Plugins/Interchange/Runtime/Content/gltf/MaterialInstances_MR/MI_Translucent_ClearCoat.uexp" 582
"../../../Engine/Plugins/Interchange/Runtime/Content/gltf/MaterialInstances_MR/MI_Translucent.uasset" 583
"../../../Engine/Plugins/Interchange/Runtime/Content/gltf/MaterialInstances_MR/MI_Translucent.uexp" 584
"../../../Engine/Plugins/Interchange/Runtime/Content/gltf/M_Unlit.uasset" 585
"../../../Engine/Plugins/Interchange/Runtime/Content/gltf/M_Unlit.uexp" 586
"../../../Engine/Plugins/Interchange/Runtime/Content/gltf/MaterialInstances_MR/MI_Opaque_Unlit_TS.uasset" 587
"../../../Engine/Plugins/Interchange/Runtime/Content/gltf/MaterialInstances_MR/MI_Opaque_Unlit_TS.uexp" 588
"../../../Engine/Plugins/Interchange/Runtime/Content/gltf/MaterialInstances_MR/MI_Opaque_Unlit.uasset" 589
"../../../Engine/Plugins/Interchange/Runtime/Content/gltf/MaterialInstances_MR/MI_Opaque_Unlit.uexp" 590
"../../../Engine/Plugins/Interchange/Runtime/Content/gltf/M_Opaque.uasset" 591
"../../../Engine/Plugins/Interchange/Runtime/Content/gltf/M_Opaque.uexp" 592
"../../../Engine/Plugins/Interchange/Runtime/Content/gltf/MaterialInstances_MR/MI_Opaque_TS.uasset" 593
"../../../Engine/Plugins/Interchange/Runtime/Content/gltf/MaterialInstances_MR/MI_Opaque_TS.uexp" 594
"../../../Engine/Plugins/Interchange/Runtime/Content/gltf/MaterialFunctions/MF_Sheen.uasset" 595
"../../../Engine/Plugins/Interchange/Runtime/Content/gltf/MaterialFunctions/MF_Sheen.uexp" 596
"../../../Engine/Content/Functions/Engine_MaterialFunctions01/Shading/FuzzyShading.uasset" 597
"../../../Engine/Content/Functions/Engine_MaterialFunctions01/Shading/FuzzyShading.uexp" 598
"../../../Engine/Plugins/Interchange/Runtime/Content/gltf/M_Sheen.uasset" 599
"../../../Engine/Plugins/Interchange/Runtime/Content/gltf/M_Sheen.uexp" 600
"../../../Engine/Plugins/Interchange/Runtime/Content/gltf/MaterialInstances_MR/MI_Opaque_Sheen_TS.uasset" 601
"../../../Engine/Plugins/Interchange/Runtime/Content/gltf/MaterialInstances_MR/MI_Opaque_Sheen_TS.uexp" 602
"../../../Engine/Plugins/Interchange/Runtime/Content/gltf/MaterialInstances_MR/MI_Opaque_Sheen.uasset" 603
"../../../Engine/Plugins/Interchange/Runtime/Content/gltf/MaterialInstances_MR/MI_Opaque_Sheen.uexp" 604
"../../../Engine/Plugins/Interchange/Runtime/Content/gltf/MaterialInstances_MR/MI_Opaque_ClearCoat_TS.uasset" 605
"../../../Engine/Plugins/Interchange/Runtime/Content/gltf/MaterialInstances_MR/MI_Opaque_ClearCoat_TS.uexp" 606
"../../../Engine/Plugins/Interchange/Runtime/Content/gltf/MaterialInstances_MR/MI_Opaque_ClearCoat.uasset" 607
"../../../Engine/Plugins/Interchange/Runtime/Content/gltf/MaterialInstances_MR/MI_Opaque_ClearCoat.uexp" 608
"../../../Engine/Plugins/Interchange/Runtime/Content/gltf/MaterialInstances_MR/MI_Opaque.uasset" 609
"../../../Engine/Plugins/Interchange/Runtime/Content/gltf/MaterialInstances_MR/MI_Opaque.uexp" 610
"../../../Engine/Plugins/Interchange/Runtime/Content/gltf/MaterialInstances_SG/MI_Transmission_TS.uasset" 611
"../../../Engine/Plugins/Interchange/Runtime/Content/gltf/MaterialInstances_SG/MI_Transmission_TS.uexp" 612
"../../../Engine/Plugins/Interchange/Runtime/Content/gltf/MaterialInstances_SG/MI_Transmission.uasset" 613
"../../../Engine/Plugins/Interchange/Runtime/Content/gltf/MaterialInstances_SG/MI_Transmission.uexp" 614
"../../../Engine/Plugins/Interchange/Runtime/Content/gltf/MaterialInstances_SG/MI_Translucent_TS.uasset" 615
"../../../Engine/Plugins/Interchange/Runtime/Content/gltf/MaterialInstances_SG/MI_Translucent_TS.uexp" 616
"../../../Engine/Plugins/Interchange/Runtime/Content/gltf/MaterialInstances_SG/MI_Translucent_ClearCoat_TS.uasset" 617
"../../../Engine/Plugins/Interchange/Runtime/Content/gltf/MaterialInstances_SG/MI_Translucent_ClearCoat_TS.uexp" 618
"../../../Engine/Plugins/Interchange/Runtime/Content/gltf/MaterialInstances_SG/MI_Translucent_ClearCoat.uasset" 619
"../../../Engine/Plugins/Interchange/Runtime/Content/gltf/MaterialInstances_SG/MI_Translucent_ClearCoat.uexp" 620
"../../../Engine/Plugins/Interchange/Runtime/Content/gltf/MaterialInstances_SG/MI_Translucent.uasset" 621
"../../../Engine/Plugins/Interchange/Runtime/Content/gltf/MaterialInstances_SG/MI_Translucent.uexp" 622
"../../../Engine/Plugins/Interchange/Runtime/Content/gltf/MaterialInstances_SG/MI_Opaque_TS.uasset" 623
"../../../Engine/Plugins/Interchange/Runtime/Content/gltf/MaterialInstances_SG/MI_Opaque_TS.uexp" 624
"../../../Engine/Plugins/Interchange/Runtime/Content/gltf/MaterialInstances_SG/MI_Opaque_Sheen_TS.uasset" 625
"../../../Engine/Plugins/Interchange/Runtime/Content/gltf/MaterialInstances_SG/MI_Opaque_Sheen_TS.uexp" 626
"../../../Engine/Plugins/Interchange/Runtime/Content/gltf/MaterialInstances_SG/MI_Opaque_Sheen.uasset" 627
"../../../Engine/Plugins/Interchange/Runtime/Content/gltf/MaterialInstances_SG/MI_Opaque_Sheen.uexp" 628
"../../../Engine/Plugins/Interchange/Runtime/Content/gltf/MaterialInstances_SG/MI_Opaque_ClearCoat_TS.uasset" 629
"../../../Engine/Plugins/Interchange/Runtime/Content/gltf/MaterialInstances_SG/MI_Opaque_ClearCoat_TS.uexp" 630
"../../../Engine/Plugins/Interchange/Runtime/Content/gltf/MaterialInstances_SG/MI_Opaque_ClearCoat.uasset" 631
"../../../Engine/Plugins/Interchange/Runtime/Content/gltf/MaterialInstances_SG/MI_Opaque_ClearCoat.uexp" 632
"../../../Engine/Plugins/Interchange/Runtime/Content/gltf/MaterialInstances_SG/MI_Opaque.uasset" 633
"../../../Engine/Plugins/Interchange/Runtime/Content/gltf/MaterialInstances_SG/MI_Opaque.uexp" 634
"D:/LobinhoTheGame/UE5_LobinhoTheGame/Content/SFX/Music2.ubulk" 635
"D:/LobinhoTheGame/UE5_LobinhoTheGame/Content/SFX/Music2.uasset" 636
"D:/LobinhoTheGame/UE5_LobinhoTheGame/Content/SFX/Music2.uexp" 637
"../../../Engine/Content/MaterialTemplates/LayerBlends/T_DefaultMaskTexture.uasset" 638
"../../../Engine/Content/MaterialTemplates/LayerBlends/T_DefaultMaskTexture.uexp" 639
"D:/LobinhoTheGame/UE5_LobinhoTheGame/Content/Light_Foliage/Materials/Master_Materials/M_Master_Rock.uasset" 640
"D:/LobinhoTheGame/UE5_LobinhoTheGame/Content/Light_Foliage/Materials/Master_Materials/M_Master_Rock.uexp" 641
"D:/LobinhoTheGame/UE5_LobinhoTheGame/Content/Light_Foliage/Textures/T_Rock_03_Normal.ubulk" 642
"D:/LobinhoTheGame/UE5_LobinhoTheGame/Content/Light_Foliage/Textures/T_Rock_03_Normal.uasset" 643
"D:/LobinhoTheGame/UE5_LobinhoTheGame/Content/Light_Foliage/Textures/T_Rock_03_Normal.uexp" 644
"D:/LobinhoTheGame/UE5_LobinhoTheGame/Content/Light_Foliage/Textures/T_Rock_03_Mask.ubulk" 645
"D:/LobinhoTheGame/UE5_LobinhoTheGame/Content/Light_Foliage/Textures/T_Rock_03_Mask.uasset" 646
"D:/LobinhoTheGame/UE5_LobinhoTheGame/Content/Light_Foliage/Textures/T_Rock_03_Mask.uexp" 647
"D:/LobinhoTheGame/UE5_LobinhoTheGame/Content/Light_Foliage/Materials/MI_Rock_03.uasset" 648
"D:/LobinhoTheGame/UE5_LobinhoTheGame/Content/Light_Foliage/Materials/MI_Rock_03.uexp" 649
"D:/LobinhoTheGame/UE5_LobinhoTheGame/Content/Light_Foliage/Meshes/SM_Rock_03.ubulk" 650
"D:/LobinhoTheGame/UE5_LobinhoTheGame/Content/Light_Foliage/Meshes/SM_Rock_03.uasset" 651
"D:/LobinhoTheGame/UE5_LobinhoTheGame/Content/Light_Foliage/Meshes/SM_Rock_03.uexp" 652
"../../../Engine/Content/EngineMaterials/Good64x64TilingNoiseHighFreq.uasset" 653
"../../../Engine/Content/EngineMaterials/Good64x64TilingNoiseHighFreq.uexp" 654
"D:/LobinhoTheGame/UE5_LobinhoTheGame/Content/Light_Foliage/Textures/T_Grass_01_Normal.ubulk" 655
"D:/LobinhoTheGame/UE5_LobinhoTheGame/Content/Light_Foliage/Textures/T_Grass_01_Normal.uasset" 656
"D:/LobinhoTheGame/UE5_LobinhoTheGame/Content/Light_Foliage/Textures/T_Grass_01_Normal.uexp" 657
"../../../Engine/Content/Functions/Engine_MaterialFunctions02/Utility/DitherTemporalAA.uasset" 658
"../../../Engine/Content/Functions/Engine_MaterialFunctions02/Utility/DitherTemporalAA.uexp" 659
"../../../Engine/Content/Functions/Engine_MaterialFunctions01/WorldPositionOffset/SimpleGrassWind.uasset" 660
"../../../Engine/Content/Functions/Engine_MaterialFunctions01/WorldPositionOffset/SimpleGrassWind.uexp" 661
"../../../Engine/Content/Functions/Engine_MaterialFunctions01/Density/ExponentialDensity.uasset" 662
"../../../Engine/Content/Functions/Engine_MaterialFunctions01/Density/ExponentialDensity.uexp" 663
"../../../Engine/Content/Functions/Engine_MaterialFunctions01/Gradient/RadialGradientExponential.uasset" 664
"../../../Engine/Content/Functions/Engine_MaterialFunctions01/Gradient/RadialGradientExponential.uexp" 665
"../../../Engine/Content/EngineMaterials/T_Default_Normal.ubulk" 666
"../../../Engine/Content/EngineMaterials/T_Default_Normal.uasset" 667
"../../../Engine/Content/EngineMaterials/T_Default_Normal.uexp" 668
"D:/LobinhoTheGame/UE5_LobinhoTheGame/Content/Light_Foliage/Materials/Master_Materials/M_Master_Foliage.uasset" 669
"D:/LobinhoTheGame/UE5_LobinhoTheGame/Content/Light_Foliage/Materials/Master_Materials/M_Master_Foliage.uexp" 670
"D:/LobinhoTheGame/UE5_LobinhoTheGame/Content/Light_Foliage/Textures/T_Grass_01_Mask.ubulk" 671
"D:/LobinhoTheGame/UE5_LobinhoTheGame/Content/Light_Foliage/Textures/T_Grass_01_Mask.uasset" 672
"D:/LobinhoTheGame/UE5_LobinhoTheGame/Content/Light_Foliage/Textures/T_Grass_01_Mask.uexp" 673
"D:/LobinhoTheGame/UE5_LobinhoTheGame/Content/Light_Foliage/Materials/MI_Grass_05.uasset" 674
"D:/LobinhoTheGame/UE5_LobinhoTheGame/Content/Light_Foliage/Materials/MI_Grass_05.uexp" 675
"D:/LobinhoTheGame/UE5_LobinhoTheGame/Content/Light_Foliage/Meshes/SM_Grass_05.ubulk" 676
"D:/LobinhoTheGame/UE5_LobinhoTheGame/Content/Light_Foliage/Meshes/SM_Grass_05.uasset" 677
"D:/LobinhoTheGame/UE5_LobinhoTheGame/Content/Light_Foliage/Meshes/SM_Grass_05.uexp" 678
"D:/LobinhoTheGame/UE5_LobinhoTheGame/Content/AnimalVarietyPack/DeerStagAndDoe/Meshes/SK_DeerStag_PhysicsAsset.uasset" 679
"D:/LobinhoTheGame/UE5_LobinhoTheGame/Content/AnimalVarietyPack/DeerStagAndDoe/Meshes/SK_DeerStag_PhysicsAsset.uexp" 680
"D:/LobinhoTheGame/UE5_LobinhoTheGame/Content/AnimalVarietyPack/DeerStagAndDoe/Textures/T_Stag_BaseColor.ubulk" 681
"D:/LobinhoTheGame/UE5_LobinhoTheGame/Content/AnimalVarietyPack/DeerStagAndDoe/Textures/T_Stag_BaseColor.uasset" 682
"D:/LobinhoTheGame/UE5_LobinhoTheGame/Content/AnimalVarietyPack/DeerStagAndDoe/Textures/T_Stag_BaseColor.uexp" 683
"D:/LobinhoTheGame/UE5_LobinhoTheGame/Content/AnimalVarietyPack/DeerStagAndDoe/Textures/T_Stag_Specular.uasset" 684
"D:/LobinhoTheGame/UE5_LobinhoTheGame/Content/AnimalVarietyPack/DeerStagAndDoe/Textures/T_Stag_Specular.uexp" 685
"D:/LobinhoTheGame/UE5_LobinhoTheGame/Content/AnimalVarietyPack/DeerStagAndDoe/Textures/T_Stag_OcclusionRoughnessMetllic.ubulk" 686
"D:/LobinhoTheGame/UE5_LobinhoTheGame/Content/AnimalVarietyPack/DeerStagAndDoe/Textures/T_Stag_OcclusionRoughnessMetllic.uasset" 687
"D:/LobinhoTheGame/UE5_LobinhoTheGame/Content/AnimalVarietyPack/DeerStagAndDoe/Textures/T_Stag_OcclusionRoughnessMetllic.uexp" 688
"D:/LobinhoTheGame/UE5_LobinhoTheGame/Content/AnimalVarietyPack/DeerStagAndDoe/Textures/T_Stag_Nml.ubulk" 689
"D:/LobinhoTheGame/UE5_LobinhoTheGame/Content/AnimalVarietyPack/DeerStagAndDoe/Textures/T_Stag_Nml.uasset" 690
"D:/LobinhoTheGame/UE5_LobinhoTheGame/Content/AnimalVarietyPack/DeerStagAndDoe/Textures/T_Stag_Nml.uexp" 691
"D:/LobinhoTheGame/UE5_LobinhoTheGame/Content/AnimalVarietyPack/DeerStagAndDoe/Materials/M_DeerStagFur.uasset" 692
"D:/LobinhoTheGame/UE5_LobinhoTheGame/Content/AnimalVarietyPack/DeerStagAndDoe/Materials/M_DeerStagFur.uexp" 693
"D:/LobinhoTheGame/UE5_LobinhoTheGame/Content/AnimalVarietyPack/DeerStagAndDoe/Materials/M_DeerStag.uasset" 694
"D:/LobinhoTheGame/UE5_LobinhoTheGame/Content/AnimalVarietyPack/DeerStagAndDoe/Materials/M_DeerStag.uexp" 695
"D:/LobinhoTheGame/UE5_LobinhoTheGame/Content/AnimalVarietyPack/DeerStagAndDoe/Meshes/SK_DeerStag_Skeleton.uasset" 696
"D:/LobinhoTheGame/UE5_LobinhoTheGame/Content/AnimalVarietyPack/DeerStagAndDoe/Meshes/SK_DeerStag_Skeleton.uexp" 697
"D:/LobinhoTheGame/UE5_LobinhoTheGame/Content/AnimalVarietyPack/DeerStagAndDoe/Meshes/SK_DeerStag.uasset" 698
"D:/LobinhoTheGame/UE5_LobinhoTheGame/Content/AnimalVarietyPack/DeerStagAndDoe/Meshes/SK_DeerStag.uexp" 699
"D:/LobinhoTheGame/UE5_LobinhoTheGame/Content/SFX/CartoonBite.ubulk" 700
"D:/LobinhoTheGame/UE5_LobinhoTheGame/Content/SFX/CartoonBite.uasset" 701
"D:/LobinhoTheGame/UE5_LobinhoTheGame/Content/SFX/CartoonBite.uexp" 702
"D:/LobinhoTheGame/UE5_LobinhoTheGame/Content/SFX/CartoonBite_Cue.uasset" 703
"D:/LobinhoTheGame/UE5_LobinhoTheGame/Content/SFX/CartoonBite_Cue.uexp" 704
"D:/LobinhoTheGame/UE5_LobinhoTheGame/Content/UI/Health/Deer_HealthBar.uasset" 705
"D:/LobinhoTheGame/UE5_LobinhoTheGame/Content/UI/Health/Deer_HealthBar.uexp" 706
"D:/LobinhoTheGame/UE5_LobinhoTheGame/Content/AnimalVarietyPack/DeerStagAndDoe/Animations/ANIM_DeerStag_IdleGraze.uasset" 707
"D:/LobinhoTheGame/UE5_LobinhoTheGame/Content/AnimalVarietyPack/DeerStagAndDoe/Animations/ANIM_DeerStag_IdleGraze.uexp" 708
"../../../Engine/Content/Animation/DefaultAnimCurveCompressionSettings.uasset" 709
"../../../Engine/Content/Animation/DefaultAnimCurveCompressionSettings.uexp" 710
"D:/LobinhoTheGame/UE5_LobinhoTheGame/Content/SFX/Footsteps_Grass2.ubulk" 711
"D:/LobinhoTheGame/UE5_LobinhoTheGame/Content/SFX/Footsteps_Grass2.uasset" 712
"D:/LobinhoTheGame/UE5_LobinhoTheGame/Content/SFX/Footsteps_Grass2.uexp" 713
"D:/LobinhoTheGame/UE5_LobinhoTheGame/Content/SFX/SimpleAttenuation.uasset" 714
"D:/LobinhoTheGame/UE5_LobinhoTheGame/Content/SFX/SimpleAttenuation.uexp" 715
"D:/LobinhoTheGame/UE5_LobinhoTheGame/Content/SFX/Footsteps_Grass1.ubulk" 716
"D:/LobinhoTheGame/UE5_LobinhoTheGame/Content/SFX/Footsteps_Grass1.uasset" 717
"D:/LobinhoTheGame/UE5_LobinhoTheGame/Content/SFX/Footsteps_Grass1.uexp" 718
"D:/LobinhoTheGame/UE5_LobinhoTheGame/Content/SFX/Footsteps_Grass3.ubulk" 719
"D:/LobinhoTheGame/UE5_LobinhoTheGame/Content/SFX/Footsteps_Grass3.uasset" 720
"D:/LobinhoTheGame/UE5_LobinhoTheGame/Content/SFX/Footsteps_Grass3.uexp" 721
"D:/LobinhoTheGame/UE5_LobinhoTheGame/Content/SFX/Footsteps_Grass_Cue.uasset" 722
"D:/LobinhoTheGame/UE5_LobinhoTheGame/Content/SFX/Footsteps_Grass_Cue.uexp" 723
"D:/LobinhoTheGame/UE5_LobinhoTheGame/Content/Blueprints/Footsteps_Notify.uasset" 724
"D:/LobinhoTheGame/UE5_LobinhoTheGame/Content/Blueprints/Footsteps_Notify.uexp" 725
"../../../Engine/Content/Animation/DefaultAnimBoneCompressionSettings.uasset" 726
"../../../Engine/Content/Animation/DefaultAnimBoneCompressionSettings.uexp" 727
"D:/LobinhoTheGame/UE5_LobinhoTheGame/Content/AnimalVarietyPack/DeerStagAndDoe/Animations/ANIM_DeerStag_Walk.uasset" 728
"D:/LobinhoTheGame/UE5_LobinhoTheGame/Content/AnimalVarietyPack/DeerStagAndDoe/Animations/ANIM_DeerStag_Walk.uexp" 729
"D:/LobinhoTheGame/UE5_LobinhoTheGame/Content/AnimalVarietyPack/DeerStagAndDoe/Animations/ANIM_DeerStag_Run.uasset" 730
"D:/LobinhoTheGame/UE5_LobinhoTheGame/Content/AnimalVarietyPack/DeerStagAndDoe/Animations/ANIM_DeerStag_Run.uexp" 731
"D:/LobinhoTheGame/UE5_LobinhoTheGame/Content/AnimalVarietyPack/DeerStagAndDoe/Animations/ANIM_DeerStag_IdleBreathe.uasset" 732
"D:/LobinhoTheGame/UE5_LobinhoTheGame/Content/AnimalVarietyPack/DeerStagAndDoe/Animations/ANIM_DeerStag_IdleBreathe.uexp" 733
"D:/LobinhoTheGame/UE5_LobinhoTheGame/Content/AnimalVarietyPack/DeerStagAndDoe/Animations/BS_Deer.uasset" 734
"D:/LobinhoTheGame/UE5_LobinhoTheGame/Content/AnimalVarietyPack/DeerStagAndDoe/Animations/BS_Deer.uexp" 735
"D:/LobinhoTheGame/UE5_LobinhoTheGame/Content/AnimalVarietyPack/DeerStagAndDoe/Animations/ANIM_DeerStag_Death_Loop.uasset" 736
"D:/LobinhoTheGame/UE5_LobinhoTheGame/Content/AnimalVarietyPack/DeerStagAndDoe/Animations/ANIM_DeerStag_Death_Loop.uexp" 737
"D:/LobinhoTheGame/UE5_LobinhoTheGame/Content/AnimalVarietyPack/DeerStagAndDoe/Animations/Deer_AnimBP.uasset" 738
"D:/LobinhoTheGame/UE5_LobinhoTheGame/Content/AnimalVarietyPack/DeerStagAndDoe/Animations/Deer_AnimBP.uexp" 739
"D:/LobinhoTheGame/UE5_LobinhoTheGame/Content/AnimalVarietyPack/DeerStagAndDoe/Animations/ANIM_DeerStag_Death.uasset" 740
"D:/LobinhoTheGame/UE5_LobinhoTheGame/Content/AnimalVarietyPack/DeerStagAndDoe/Animations/ANIM_DeerStag_Death.uexp" 741
"D:/LobinhoTheGame/UE5_LobinhoTheGame/Content/AnimalVarietyPack/DeerStagAndDoe/Animations/ANIM_DeerStag_Death_Montage.uasset" 742
"D:/LobinhoTheGame/UE5_LobinhoTheGame/Content/AnimalVarietyPack/DeerStagAndDoe/Animations/ANIM_DeerStag_Death_Montage.uexp" 743
"D:/LobinhoTheGame/UE5_LobinhoTheGame/Content/SFX/Life-UP1.ubulk" 744
"D:/LobinhoTheGame/UE5_LobinhoTheGame/Content/SFX/Life-UP1.uasset" 745
"D:/LobinhoTheGame/UE5_LobinhoTheGame/Content/SFX/Life-UP1.uexp" 746
"D:/LobinhoTheGame/UE5_LobinhoTheGame/Content/SFX/Life-UP2.ubulk" 747
"D:/LobinhoTheGame/UE5_LobinhoTheGame/Content/SFX/Life-UP2.uasset" 748
"D:/LobinhoTheGame/UE5_LobinhoTheGame/Content/SFX/Life-UP2.uexp" 749
"D:/LobinhoTheGame/UE5_LobinhoTheGame/Content/SFX/Life-UP_Cue.uasset" 750
"D:/LobinhoTheGame/UE5_LobinhoTheGame/Content/SFX/Life-UP_Cue.uexp" 751
"D:/LobinhoTheGame/UE5_LobinhoTheGame/Content/SFX/Alert2.ubulk" 752
"D:/LobinhoTheGame/UE5_LobinhoTheGame/Content/SFX/Alert2.uasset" 753
"D:/LobinhoTheGame/UE5_LobinhoTheGame/Content/SFX/Alert2.uexp" 754
"D:/LobinhoTheGame/UE5_LobinhoTheGame/Content/SFX/Alert1.ubulk" 755
"D:/LobinhoTheGame/UE5_LobinhoTheGame/Content/SFX/Alert1.uasset" 756
"D:/LobinhoTheGame/UE5_LobinhoTheGame/Content/SFX/Alert1.uexp" 757
"D:/LobinhoTheGame/UE5_LobinhoTheGame/Content/SFX/Alert_Cue.uasset" 758
"D:/LobinhoTheGame/UE5_LobinhoTheGame/Content/SFX/Alert_Cue.uexp" 759
"D:/LobinhoTheGame/UE5_LobinhoTheGame/Content/AnimalVarietyPack/Wolf/Meshes/SK_Wolf_Skeleton.uasset" 760
"D:/LobinhoTheGame/UE5_LobinhoTheGame/Content/AnimalVarietyPack/Wolf/Meshes/SK_Wolf_Skeleton.uexp" 761
"D:/LobinhoTheGame/UE5_LobinhoTheGame/Content/AnimalVarietyPack/Wolf/Animations/ANIM_Wolf_RunBite_RM.uasset" 762
"D:/LobinhoTheGame/UE5_LobinhoTheGame/Content/AnimalVarietyPack/Wolf/Animations/ANIM_Wolf_RunBite_RM.uexp" 763
"D:/LobinhoTheGame/UE5_LobinhoTheGame/Content/SFX/Wolf-Snarl1.ubulk" 764
"D:/LobinhoTheGame/UE5_LobinhoTheGame/Content/SFX/Wolf-Snarl1.uasset" 765
"D:/LobinhoTheGame/UE5_LobinhoTheGame/Content/SFX/Wolf-Snarl1.uexp" 766
"D:/LobinhoTheGame/UE5_LobinhoTheGame/Content/SFX/Wolf-Snarl3.ubulk" 767
"D:/LobinhoTheGame/UE5_LobinhoTheGame/Content/SFX/Wolf-Snarl3.uasset" 768
"D:/LobinhoTheGame/UE5_LobinhoTheGame/Content/SFX/Wolf-Snarl3.uexp" 769
"D:/LobinhoTheGame/UE5_LobinhoTheGame/Content/SFX/Wolf-Snarl2.ubulk" 770
"D:/LobinhoTheGame/UE5_LobinhoTheGame/Content/SFX/Wolf-Snarl2.uasset" 771
"D:/LobinhoTheGame/UE5_LobinhoTheGame/Content/SFX/Wolf-Snarl2.uexp" 772
"D:/LobinhoTheGame/UE5_LobinhoTheGame/Content/SFX/Wolf-Snarl_Cue.uasset" 773
"D:/LobinhoTheGame/UE5_LobinhoTheGame/Content/SFX/Wolf-Snarl_Cue.uexp" 774
"D:/LobinhoTheGame/UE5_LobinhoTheGame/Content/Blueprints/Damage_Notify.uasset" 775
"D:/LobinhoTheGame/UE5_LobinhoTheGame/Content/Blueprints/Damage_Notify.uexp" 776
"D:/LobinhoTheGame/UE5_LobinhoTheGame/Content/AnimalVarietyPack/Wolf/Animations/ANIM_Wolf_RunBite_RM_Montage.uasset" 777
"D:/LobinhoTheGame/UE5_LobinhoTheGame/Content/AnimalVarietyPack/Wolf/Animations/ANIM_Wolf_RunBite_RM_Montage.uexp" 778
"D:/LobinhoTheGame/UE5_LobinhoTheGame/Content/AnimalVarietyPack/Wolf/Animations/ANIM_Wolf_Death_Loop.uasset" 779
"D:/LobinhoTheGame/UE5_LobinhoTheGame/Content/AnimalVarietyPack/Wolf/Animations/ANIM_Wolf_Death_Loop.uexp" 780
"D:/LobinhoTheGame/UE5_LobinhoTheGame/Content/AnimalVarietyPack/Wolf/Animations/ANIM_Wolf_Run.uasset" 781
"D:/LobinhoTheGame/UE5_LobinhoTheGame/Content/AnimalVarietyPack/Wolf/Animations/ANIM_Wolf_Run.uexp" 782
"D:/LobinhoTheGame/UE5_LobinhoTheGame/Content/AnimalVarietyPack/Wolf/Animations/ANIM_Wolf_Walk.uasset" 783
"D:/LobinhoTheGame/UE5_LobinhoTheGame/Content/AnimalVarietyPack/Wolf/Animations/ANIM_Wolf_Walk.uexp" 784
"D:/LobinhoTheGame/UE5_LobinhoTheGame/Content/AnimalVarietyPack/Wolf/Animations/ANIM_Wolf_IdleBreathe.uasset" 785
"D:/LobinhoTheGame/UE5_LobinhoTheGame/Content/AnimalVarietyPack/Wolf/Animations/ANIM_Wolf_IdleBreathe.uexp" 786
"D:/LobinhoTheGame/UE5_LobinhoTheGame/Content/AnimalVarietyPack/Wolf/Animations/BS_Wolf.uasset" 787
"D:/LobinhoTheGame/UE5_LobinhoTheGame/Content/AnimalVarietyPack/Wolf/Animations/BS_Wolf.uexp" 788
"D:/LobinhoTheGame/UE5_LobinhoTheGame/Content/AnimalVarietyPack/Wolf/Animations/Wolf_AnimBP.uasset" 789
"D:/LobinhoTheGame/UE5_LobinhoTheGame/Content/AnimalVarietyPack/Wolf/Animations/Wolf_AnimBP.uexp" 790
"D:/LobinhoTheGame/UE5_LobinhoTheGame/Content/UI/Icons/Lobinho-Icon.uasset" 791
"D:/LobinhoTheGame/UE5_LobinhoTheGame/Content/UI/Icons/Lobinho-Icon.uexp" 792
"D:/LobinhoTheGame/UE5_LobinhoTheGame/Content/UI/Fonts/Roboto-BlackItalic.uexp" 793
"D:/LobinhoTheGame/UE5_LobinhoTheGame/Content/UI/Fonts/Roboto-BlackItalic.uasset" 794
"D:/LobinhoTheGame/UE5_LobinhoTheGame/Content/UI/Fonts/Roboto-BlackItalic.ufont" 795
"D:/LobinhoTheGame/UE5_LobinhoTheGame/Content/UI/Fonts/Roboto-BlackItalic_Font.uasset" 796
"D:/LobinhoTheGame/UE5_LobinhoTheGame/Content/UI/Fonts/Roboto-BlackItalic_Font.uexp" 797
"D:/LobinhoTheGame/UE5_LobinhoTheGame/Content/UI/Health/Wolf_HealthBar.uasset" 798
"D:/LobinhoTheGame/UE5_LobinhoTheGame/Content/UI/Health/Wolf_HealthBar.uexp" 799
"D:/LobinhoTheGame/UE5_LobinhoTheGame/Content/AnimalVarietyPack/Wolf/Textures/T_Wolf_Nml.ubulk" 800
"D:/LobinhoTheGame/UE5_LobinhoTheGame/Content/AnimalVarietyPack/Wolf/Textures/T_Wolf_Nml.uasset" 801
"D:/LobinhoTheGame/UE5_LobinhoTheGame/Content/AnimalVarietyPack/Wolf/Textures/T_Wolf_Nml.uexp" 802
"D:/LobinhoTheGame/UE5_LobinhoTheGame/Content/AnimalVarietyPack/Wolf/Textures/T_Wolf_BaseColorAlpha.ubulk" 803
"D:/LobinhoTheGame/UE5_LobinhoTheGame/Content/AnimalVarietyPack/Wolf/Textures/T_Wolf_BaseColorAlpha.uasset" 804
"D:/LobinhoTheGame/UE5_LobinhoTheGame/Content/AnimalVarietyPack/Wolf/Textures/T_Wolf_BaseColorAlpha.uexp" 805
"D:/LobinhoTheGame/UE5_LobinhoTheGame/Content/AnimalVarietyPack/Wolf/Textures/T_Wolf_Specular.uasset" 806
"D:/LobinhoTheGame/UE5_LobinhoTheGame/Content/AnimalVarietyPack/Wolf/Textures/T_Wolf_Specular.uexp" 807
"D:/LobinhoTheGame/UE5_LobinhoTheGame/Content/AnimalVarietyPack/Wolf/Textures/T_Wolf_OcclusionRoughnessMetallic.ubulk" 808
"D:/LobinhoTheGame/UE5_LobinhoTheGame/Content/AnimalVarietyPack/Wolf/Textures/T_Wolf_OcclusionRoughnessMetallic.uasset" 809
"D:/LobinhoTheGame/UE5_LobinhoTheGame/Content/AnimalVarietyPack/Wolf/Textures/T_Wolf_OcclusionRoughnessMetallic.uexp" 810
"D:/LobinhoTheGame/UE5_LobinhoTheGame/Content/AnimalVarietyPack/Wolf/Materials/M_Wolf.uasset" 811
"D:/LobinhoTheGame/UE5_LobinhoTheGame/Content/AnimalVarietyPack/Wolf/Materials/M_Wolf.uexp" 812
"D:/LobinhoTheGame/UE5_LobinhoTheGame/Content/AnimalVarietyPack/Wolf/Meshes/SK_Wolf_PhysicsAsset.uasset" 813
"D:/LobinhoTheGame/UE5_LobinhoTheGame/Content/AnimalVarietyPack/Wolf/Meshes/SK_Wolf_PhysicsAsset.uexp" 814
"D:/LobinhoTheGame/UE5_LobinhoTheGame/Content/AnimalVarietyPack/Wolf/Materials/M_WolfFur.uasset" 815
"D:/LobinhoTheGame/UE5_LobinhoTheGame/Content/AnimalVarietyPack/Wolf/Materials/M_WolfFur.uexp" 816
"D:/LobinhoTheGame/UE5_LobinhoTheGame/Content/AnimalVarietyPack/Wolf/Meshes/SK_Wolf.uasset" 817
"D:/LobinhoTheGame/UE5_LobinhoTheGame/Content/AnimalVarietyPack/Wolf/Meshes/SK_Wolf.uexp" 818
"D:/LobinhoTheGame/UE5_LobinhoTheGame/Content/AnimalVarietyPack/Wolf/Animations/ANIM_Wolf_Bite.uasset" 819
"D:/LobinhoTheGame/UE5_LobinhoTheGame/Content/AnimalVarietyPack/Wolf/Animations/ANIM_Wolf_Bite.uexp" 820
"D:/LobinhoTheGame/UE5_LobinhoTheGame/Content/AnimalVarietyPack/Wolf/Animations/ANIM_Wolf_Bite_Montage.uasset" 821
"D:/LobinhoTheGame/UE5_LobinhoTheGame/Content/AnimalVarietyPack/Wolf/Animations/ANIM_Wolf_Bite_Montage.uexp" 822
"D:/LobinhoTheGame/UE5_LobinhoTheGame/Content/AnimalVarietyPack/Wolf/Animations/ANIM_Wolf_Death.uasset" 823
"D:/LobinhoTheGame/UE5_LobinhoTheGame/Content/AnimalVarietyPack/Wolf/Animations/ANIM_Wolf_Death.uexp" 824
"D:/LobinhoTheGame/UE5_LobinhoTheGame/Content/AnimalVarietyPack/Wolf/Animations/ANIM_Wolf_Death_Montage.uasset" 825
"D:/LobinhoTheGame/UE5_LobinhoTheGame/Content/AnimalVarietyPack/Wolf/Animations/ANIM_Wolf_Death_Montage.uexp" 826
"D:/LobinhoTheGame/UE5_LobinhoTheGame/Content/SFX/Lose_Defeat.ubulk" 827
"D:/LobinhoTheGame/UE5_LobinhoTheGame/Content/SFX/Lose_Defeat.uasset" 828
"D:/LobinhoTheGame/UE5_LobinhoTheGame/Content/SFX/Lose_Defeat.uexp" 829
"D:/LobinhoTheGame/UE5_LobinhoTheGame/Content/UI/Fonts/Roboto-Black.uexp" 830
"D:/LobinhoTheGame/UE5_LobinhoTheGame/Content/UI/Fonts/Roboto-Black.uasset" 831
"D:/LobinhoTheGame/UE5_LobinhoTheGame/Content/UI/Fonts/Roboto-Black.ufont" 832
"D:/LobinhoTheGame/UE5_LobinhoTheGame/Content/UI/Fonts/Roboto-Black_Font.uasset" 833
"D:/LobinhoTheGame/UE5_LobinhoTheGame/Content/UI/Fonts/Roboto-Black_Font.uexp" 834
"D:/LobinhoTheGame/UE5_LobinhoTheGame/Content/UI/Menus/GameOver.uasset" 835
"D:/LobinhoTheGame/UE5_LobinhoTheGame/Content/UI/Menus/GameOver.uexp" 836
"D:/LobinhoTheGame/UE5_LobinhoTheGame/Content/AnimalVarietyPack/Wolf/Animations/BP_Wolf_Character.uasset" 837
"D:/LobinhoTheGame/UE5_LobinhoTheGame/Content/AnimalVarietyPack/Wolf/Animations/BP_Wolf_Character.uexp" 838
"D:/LobinhoTheGame/UE5_LobinhoTheGame/Content/AnimalVarietyPack/DeerStagAndDoe/Animations/BP_Deer_Character.uasset" 839
"D:/LobinhoTheGame/UE5_LobinhoTheGame/Content/AnimalVarietyPack/DeerStagAndDoe/Animations/BP_Deer_Character.uexp" 840
"D:/LobinhoTheGame/UE5_LobinhoTheGame/Content/SFX/Defeat.ubulk" 841
"D:/LobinhoTheGame/UE5_LobinhoTheGame/Content/SFX/Defeat.uasset" 842
"D:/LobinhoTheGame/UE5_LobinhoTheGame/Content/SFX/Defeat.uexp" 843
"D:/LobinhoTheGame/UE5_LobinhoTheGame/Content/Light_Foliage/Textures/T_Bush_04_Mask.ubulk" 844
"D:/LobinhoTheGame/UE5_LobinhoTheGame/Content/Light_Foliage/Textures/T_Bush_04_Mask.uasset" 845
"D:/LobinhoTheGame/UE5_LobinhoTheGame/Content/Light_Foliage/Textures/T_Bush_04_Mask.uexp" 846
"D:/LobinhoTheGame/UE5_LobinhoTheGame/Content/Light_Foliage/Textures/T_Bush_04_Normal.ubulk" 847
"D:/LobinhoTheGame/UE5_LobinhoTheGame/Content/Light_Foliage/Textures/T_Bush_04_Normal.uasset" 848
"D:/LobinhoTheGame/UE5_LobinhoTheGame/Content/Light_Foliage/Textures/T_Bush_04_Normal.uexp" 849
"D:/LobinhoTheGame/UE5_LobinhoTheGame/Content/Light_Foliage/Materials/MI_Bush_04.uasset" 850
"D:/LobinhoTheGame/UE5_LobinhoTheGame/Content/Light_Foliage/Materials/MI_Bush_04.uexp" 851
"D:/LobinhoTheGame/UE5_LobinhoTheGame/Content/Light_Foliage/Meshes/SM_Bush_04.ubulk" 852
"D:/LobinhoTheGame/UE5_LobinhoTheGame/Content/Light_Foliage/Meshes/SM_Bush_04.uasset" 853
"D:/LobinhoTheGame/UE5_LobinhoTheGame/Content/Light_Foliage/Meshes/SM_Bush_04.uexp" 854
"D:/LobinhoTheGame/UE5_LobinhoTheGame/Content/Light_Foliage/Textures/T_Bush_02_Mask.ubulk" 855
"D:/LobinhoTheGame/UE5_LobinhoTheGame/Content/Light_Foliage/Textures/T_Bush_02_Mask.uasset" 856
"D:/LobinhoTheGame/UE5_LobinhoTheGame/Content/Light_Foliage/Textures/T_Bush_02_Mask.uexp" 857
"D:/LobinhoTheGame/UE5_LobinhoTheGame/Content/Light_Foliage/Textures/T_Bush_02_Normal.ubulk" 858
"D:/LobinhoTheGame/UE5_LobinhoTheGame/Content/Light_Foliage/Textures/T_Bush_02_Normal.uasset" 859
"D:/LobinhoTheGame/UE5_LobinhoTheGame/Content/Light_Foliage/Textures/T_Bush_02_Normal.uexp" 860
"D:/LobinhoTheGame/UE5_LobinhoTheGame/Content/Light_Foliage/Materials/MI_Bush_02.uasset" 861
"D:/LobinhoTheGame/UE5_LobinhoTheGame/Content/Light_Foliage/Materials/MI_Bush_02.uexp" 862
"D:/LobinhoTheGame/UE5_LobinhoTheGame/Content/Light_Foliage/Textures/T_Bush_Branch_Mask.uasset" 863
"D:/LobinhoTheGame/UE5_LobinhoTheGame/Content/Light_Foliage/Textures/T_Bush_Branch_Mask.uexp" 864
"D:/LobinhoTheGame/UE5_LobinhoTheGame/Content/Light_Foliage/Materials/MI_Branch.uasset" 865
"D:/LobinhoTheGame/UE5_LobinhoTheGame/Content/Light_Foliage/Materials/MI_Branch.uexp" 866
"D:/LobinhoTheGame/UE5_LobinhoTheGame/Content/Light_Foliage/Meshes/SM_Bush_02.ubulk" 867
"D:/LobinhoTheGame/UE5_LobinhoTheGame/Content/Light_Foliage/Meshes/SM_Bush_02.uasset" 868
"D:/LobinhoTheGame/UE5_LobinhoTheGame/Content/Light_Foliage/Meshes/SM_Bush_02.uexp" 869
"D:/LobinhoTheGame/UE5_LobinhoTheGame/Content/Light_Foliage/Textures/T_Grass_04_Mask.ubulk" 870
"D:/LobinhoTheGame/UE5_LobinhoTheGame/Content/Light_Foliage/Textures/T_Grass_04_Mask.uasset" 871
"D:/LobinhoTheGame/UE5_LobinhoTheGame/Content/Light_Foliage/Textures/T_Grass_04_Mask.uexp" 872
"D:/LobinhoTheGame/UE5_LobinhoTheGame/Content/Light_Foliage/Materials/MI_Grass_04.uasset" 873
"D:/LobinhoTheGame/UE5_LobinhoTheGame/Content/Light_Foliage/Materials/MI_Grass_04.uexp" 874
"D:/LobinhoTheGame/UE5_LobinhoTheGame/Content/Light_Foliage/Meshes/SM_Grass_04.ubulk" 875
"D:/LobinhoTheGame/UE5_LobinhoTheGame/Content/Light_Foliage/Meshes/SM_Grass_04.uasset" 876
"D:/LobinhoTheGame/UE5_LobinhoTheGame/Content/Light_Foliage/Meshes/SM_Grass_04.uexp" 877
"D:/LobinhoTheGame/UE5_LobinhoTheGame/Content/Light_Foliage/Textures/T_Rock_02_Normal.ubulk" 878
"D:/LobinhoTheGame/UE5_LobinhoTheGame/Content/Light_Foliage/Textures/T_Rock_02_Normal.uasset" 879
"D:/LobinhoTheGame/UE5_LobinhoTheGame/Content/Light_Foliage/Textures/T_Rock_02_Normal.uexp" 880
"D:/LobinhoTheGame/UE5_LobinhoTheGame/Content/Light_Foliage/Textures/T_Rock_02_Mask.ubulk" 881
"D:/LobinhoTheGame/UE5_LobinhoTheGame/Content/Light_Foliage/Textures/T_Rock_02_Mask.uasset" 882
"D:/LobinhoTheGame/UE5_LobinhoTheGame/Content/Light_Foliage/Textures/T_Rock_02_Mask.uexp" 883
"D:/LobinhoTheGame/UE5_LobinhoTheGame/Content/Light_Foliage/Materials/MI_Rock_02.uasset" 884
"D:/LobinhoTheGame/UE5_LobinhoTheGame/Content/Light_Foliage/Materials/MI_Rock_02.uexp" 885
"D:/LobinhoTheGame/UE5_LobinhoTheGame/Content/Light_Foliage/Meshes/SM_Rock_02.ubulk" 886
"D:/LobinhoTheGame/UE5_LobinhoTheGame/Content/Light_Foliage/Meshes/SM_Rock_02.uasset" 887
"D:/LobinhoTheGame/UE5_LobinhoTheGame/Content/Light_Foliage/Meshes/SM_Rock_02.uexp" 888
"D:/LobinhoTheGame/UE5_LobinhoTheGame/Content/Light_Foliage/Materials/MI_Grass_01.uasset" 889
"D:/LobinhoTheGame/UE5_LobinhoTheGame/Content/Light_Foliage/Materials/MI_Grass_01.uexp" 890
"D:/LobinhoTheGame/UE5_LobinhoTheGame/Content/Light_Foliage/Meshes/SM_Grass_01.ubulk" 891
"D:/LobinhoTheGame/UE5_LobinhoTheGame/Content/Light_Foliage/Meshes/SM_Grass_01.uasset" 892
"D:/LobinhoTheGame/UE5_LobinhoTheGame/Content/Light_Foliage/Meshes/SM_Grass_01.uexp" 893
"D:/LobinhoTheGame/UE5_LobinhoTheGame/Content/Light_Foliage/Textures/T_Bush_01_Mask.ubulk" 894
"D:/LobinhoTheGame/UE5_LobinhoTheGame/Content/Light_Foliage/Textures/T_Bush_01_Mask.uasset" 895
"D:/LobinhoTheGame/UE5_LobinhoTheGame/Content/Light_Foliage/Textures/T_Bush_01_Mask.uexp" 896
"D:/LobinhoTheGame/UE5_LobinhoTheGame/Content/Light_Foliage/Textures/T_Bush_01_Normal.ubulk" 897
"D:/LobinhoTheGame/UE5_LobinhoTheGame/Content/Light_Foliage/Textures/T_Bush_01_Normal.uasset" 898
"D:/LobinhoTheGame/UE5_LobinhoTheGame/Content/Light_Foliage/Textures/T_Bush_01_Normal.uexp" 899
"D:/LobinhoTheGame/UE5_LobinhoTheGame/Content/Light_Foliage/Materials/MI_Bush_01.uasset" 900
"D:/LobinhoTheGame/UE5_LobinhoTheGame/Content/Light_Foliage/Materials/MI_Bush_01.uexp" 901
"D:/LobinhoTheGame/UE5_LobinhoTheGame/Content/Light_Foliage/Meshes/SM_Bush_01.ubulk" 902
"D:/LobinhoTheGame/UE5_LobinhoTheGame/Content/Light_Foliage/Meshes/SM_Bush_01.uasset" 903
"D:/LobinhoTheGame/UE5_LobinhoTheGame/Content/Light_Foliage/Meshes/SM_Bush_01.uexp" 904
"D:/LobinhoTheGame/UE5_LobinhoTheGame/Content/Light_Foliage/Textures/T_Shrub_Mask.ubulk" 905
"D:/LobinhoTheGame/UE5_LobinhoTheGame/Content/Light_Foliage/Textures/T_Shrub_Mask.uasset" 906
"D:/LobinhoTheGame/UE5_LobinhoTheGame/Content/Light_Foliage/Textures/T_Shrub_Mask.uexp" 907
"D:/LobinhoTheGame/UE5_LobinhoTheGame/Content/Light_Foliage/Textures/T_Shrub_Normal.ubulk" 908
"D:/LobinhoTheGame/UE5_LobinhoTheGame/Content/Light_Foliage/Textures/T_Shrub_Normal.uasset" 909
"D:/LobinhoTheGame/UE5_LobinhoTheGame/Content/Light_Foliage/Textures/T_Shrub_Normal.uexp" 910
"D:/LobinhoTheGame/UE5_LobinhoTheGame/Content/Light_Foliage/Materials/MI_Shrub.uasset" 911
"D:/LobinhoTheGame/UE5_LobinhoTheGame/Content/Light_Foliage/Materials/MI_Shrub.uexp" 912
"D:/LobinhoTheGame/UE5_LobinhoTheGame/Content/Light_Foliage/Meshes/SM_Shrub_02.ubulk" 913
"D:/LobinhoTheGame/UE5_LobinhoTheGame/Content/Light_Foliage/Meshes/SM_Shrub_02.uasset" 914
"D:/LobinhoTheGame/UE5_LobinhoTheGame/Content/Light_Foliage/Meshes/SM_Shrub_02.uexp" 915
"D:/LobinhoTheGame/UE5_LobinhoTheGame/Content/Light_Foliage/Textures/T_Grass_07_Mask.ubulk" 916
"D:/LobinhoTheGame/UE5_LobinhoTheGame/Content/Light_Foliage/Textures/T_Grass_07_Mask.uasset" 917
"D:/LobinhoTheGame/UE5_LobinhoTheGame/Content/Light_Foliage/Textures/T_Grass_07_Mask.uexp" 918
"D:/LobinhoTheGame/UE5_LobinhoTheGame/Content/Light_Foliage/Textures/T_Grass_07_Normal.ubulk" 919
"D:/LobinhoTheGame/UE5_LobinhoTheGame/Content/Light_Foliage/Textures/T_Grass_07_Normal.uasset" 920
"D:/LobinhoTheGame/UE5_LobinhoTheGame/Content/Light_Foliage/Textures/T_Grass_07_Normal.uexp" 921
"D:/LobinhoTheGame/UE5_LobinhoTheGame/Content/Light_Foliage/Materials/MI_Grass_07.uasset" 922
"D:/LobinhoTheGame/UE5_LobinhoTheGame/Content/Light_Foliage/Materials/MI_Grass_07.uexp" 923
"D:/LobinhoTheGame/UE5_LobinhoTheGame/Content/Light_Foliage/Meshes/SM_Grass_07.ubulk" 924
"D:/LobinhoTheGame/UE5_LobinhoTheGame/Content/Light_Foliage/Meshes/SM_Grass_07.uasset" 925
"D:/LobinhoTheGame/UE5_LobinhoTheGame/Content/Light_Foliage/Meshes/SM_Grass_07.uexp" 926
"D:/LobinhoTheGame/UE5_LobinhoTheGame/Content/Light_Foliage/Textures/T_Rock_06_Mask.ubulk" 927
"D:/LobinhoTheGame/UE5_LobinhoTheGame/Content/Light_Foliage/Textures/T_Rock_06_Mask.uasset" 928
"D:/LobinhoTheGame/UE5_LobinhoTheGame/Content/Light_Foliage/Textures/T_Rock_06_Mask.uexp" 929
"D:/LobinhoTheGame/UE5_LobinhoTheGame/Content/Light_Foliage/Textures/T_Rock_06_Normal.ubulk" 930
"D:/LobinhoTheGame/UE5_LobinhoTheGame/Content/Light_Foliage/Textures/T_Rock_06_Normal.uasset" 931
"D:/LobinhoTheGame/UE5_LobinhoTheGame/Content/Light_Foliage/Textures/T_Rock_06_Normal.uexp" 932
"D:/LobinhoTheGame/UE5_LobinhoTheGame/Content/Light_Foliage/Materials/MI_Rock_06.uasset" 933
"D:/LobinhoTheGame/UE5_LobinhoTheGame/Content/Light_Foliage/Materials/MI_Rock_06.uexp" 934
"D:/LobinhoTheGame/UE5_LobinhoTheGame/Content/Light_Foliage/Meshes/SM_Rock_06.ubulk" 935
"D:/LobinhoTheGame/UE5_LobinhoTheGame/Content/Light_Foliage/Meshes/SM_Rock_06.uasset" 936
"D:/LobinhoTheGame/UE5_LobinhoTheGame/Content/Light_Foliage/Meshes/SM_Rock_06.uexp" 937
"D:/LobinhoTheGame/UE5_LobinhoTheGame/Content/Light_Foliage/Textures/T_Rock_07_Normal.ubulk" 938
"D:/LobinhoTheGame/UE5_LobinhoTheGame/Content/Light_Foliage/Textures/T_Rock_07_Normal.uasset" 939
"D:/LobinhoTheGame/UE5_LobinhoTheGame/Content/Light_Foliage/Textures/T_Rock_07_Normal.uexp" 940
"D:/LobinhoTheGame/UE5_LobinhoTheGame/Content/Light_Foliage/Textures/T_Rock_07_Mask.ubulk" 941
"D:/LobinhoTheGame/UE5_LobinhoTheGame/Content/Light_Foliage/Textures/T_Rock_07_Mask.uasset" 942
"D:/LobinhoTheGame/UE5_LobinhoTheGame/Content/Light_Foliage/Textures/T_Rock_07_Mask.uexp" 943
"D:/LobinhoTheGame/UE5_LobinhoTheGame/Content/Light_Foliage/Materials/MI_Rock_07.uasset" 944
"D:/LobinhoTheGame/UE5_LobinhoTheGame/Content/Light_Foliage/Materials/MI_Rock_07.uexp" 945
"D:/LobinhoTheGame/UE5_LobinhoTheGame/Content/Light_Foliage/Meshes/SM_Rock_07.ubulk" 946
"D:/LobinhoTheGame/UE5_LobinhoTheGame/Content/Light_Foliage/Meshes/SM_Rock_07.uasset" 947
"D:/LobinhoTheGame/UE5_LobinhoTheGame/Content/Light_Foliage/Meshes/SM_Rock_07.uexp" 948
"../../../Engine/Content/EngineMaterials/DefaultPhysicalMaterial.uasset" 949
"../../../Engine/Content/EngineMaterials/DefaultPhysicalMaterial.uexp" 950
"D:/LobinhoTheGame/UE5_LobinhoTheGame/Content/Light_Foliage/Textures/T_Rock_04_Mask.ubulk" 951
"D:/LobinhoTheGame/UE5_LobinhoTheGame/Content/Light_Foliage/Textures/T_Rock_04_Mask.uasset" 952
"D:/LobinhoTheGame/UE5_LobinhoTheGame/Content/Light_Foliage/Textures/T_Rock_04_Mask.uexp" 953
"D:/LobinhoTheGame/UE5_LobinhoTheGame/Content/Light_Foliage/Textures/T_Rock_04_Normal.ubulk" 954
"D:/LobinhoTheGame/UE5_LobinhoTheGame/Content/Light_Foliage/Textures/T_Rock_04_Normal.uasset" 955
"D:/LobinhoTheGame/UE5_LobinhoTheGame/Content/Light_Foliage/Textures/T_Rock_04_Normal.uexp" 956
"D:/LobinhoTheGame/UE5_LobinhoTheGame/Content/Light_Foliage/Materials/MI_Rock_04.uasset" 957
"D:/LobinhoTheGame/UE5_LobinhoTheGame/Content/Light_Foliage/Materials/MI_Rock_04.uexp" 958
"D:/LobinhoTheGame/UE5_LobinhoTheGame/Content/Light_Foliage/Meshes/SM_Rock_04.ubulk" 959
"D:/LobinhoTheGame/UE5_LobinhoTheGame/Content/Light_Foliage/Meshes/SM_Rock_04.uasset" 960
"D:/LobinhoTheGame/UE5_LobinhoTheGame/Content/Light_Foliage/Meshes/SM_Rock_04.uexp" 961
"D:/LobinhoTheGame/UE5_LobinhoTheGame/Content/Light_Foliage/Textures/T_Flower_01_Mask.ubulk" 962
"D:/LobinhoTheGame/UE5_LobinhoTheGame/Content/Light_Foliage/Textures/T_Flower_01_Mask.uasset" 963
"D:/LobinhoTheGame/UE5_LobinhoTheGame/Content/Light_Foliage/Textures/T_Flower_01_Mask.uexp" 964
"D:/LobinhoTheGame/UE5_LobinhoTheGame/Content/Light_Foliage/Textures/T_Flower_01_Normal.ubulk" 965
"D:/LobinhoTheGame/UE5_LobinhoTheGame/Content/Light_Foliage/Textures/T_Flower_01_Normal.uasset" 966
"D:/LobinhoTheGame/UE5_LobinhoTheGame/Content/Light_Foliage/Textures/T_Flower_01_Normal.uexp" 967
"D:/LobinhoTheGame/UE5_LobinhoTheGame/Content/Light_Foliage/Materials/MI_Flower_01.uasset" 968
"D:/LobinhoTheGame/UE5_LobinhoTheGame/Content/Light_Foliage/Materials/MI_Flower_01.uexp" 969
"D:/LobinhoTheGame/UE5_LobinhoTheGame/Content/Light_Foliage/Textures/T_Flower_01_Mask_02.ubulk" 970
"D:/LobinhoTheGame/UE5_LobinhoTheGame/Content/Light_Foliage/Textures/T_Flower_01_Mask_02.uasset" 971
"D:/LobinhoTheGame/UE5_LobinhoTheGame/Content/Light_Foliage/Textures/T_Flower_01_Mask_02.uexp" 972
"D:/LobinhoTheGame/UE5_LobinhoTheGame/Content/Light_Foliage/Textures/T_Flower_01_Normal_02.ubulk" 973
"D:/LobinhoTheGame/UE5_LobinhoTheGame/Content/Light_Foliage/Textures/T_Flower_01_Normal_02.uasset" 974
"D:/LobinhoTheGame/UE5_LobinhoTheGame/Content/Light_Foliage/Textures/T_Flower_01_Normal_02.uexp" 975
"D:/LobinhoTheGame/UE5_LobinhoTheGame/Content/Light_Foliage/Materials/MI_Flower_02.uasset" 976
"D:/LobinhoTheGame/UE5_LobinhoTheGame/Content/Light_Foliage/Materials/MI_Flower_02.uexp" 977
"D:/LobinhoTheGame/UE5_LobinhoTheGame/Content/Light_Foliage/Meshes/SM_Flowers_01.ubulk" 978
"D:/LobinhoTheGame/UE5_LobinhoTheGame/Content/Light_Foliage/Meshes/SM_Flowers_01.uasset" 979
"D:/LobinhoTheGame/UE5_LobinhoTheGame/Content/Light_Foliage/Meshes/SM_Flowers_01.uexp" 980
"D:/LobinhoTheGame/UE5_LobinhoTheGame/Content/Light_Foliage/Textures/T_Rock_05_Mask.ubulk" 981
"D:/LobinhoTheGame/UE5_LobinhoTheGame/Content/Light_Foliage/Textures/T_Rock_05_Mask.uasset" 982
"D:/LobinhoTheGame/UE5_LobinhoTheGame/Content/Light_Foliage/Textures/T_Rock_05_Mask.uexp" 983
"D:/LobinhoTheGame/UE5_LobinhoTheGame/Content/Light_Foliage/Textures/T_Rock_05_Normal.ubulk" 984
"D:/LobinhoTheGame/UE5_LobinhoTheGame/Content/Light_Foliage/Textures/T_Rock_05_Normal.uasset" 985
"D:/LobinhoTheGame/UE5_LobinhoTheGame/Content/Light_Foliage/Textures/T_Rock_05_Normal.uexp" 986
"D:/LobinhoTheGame/UE5_LobinhoTheGame/Content/Light_Foliage/Materials/MI_Rock_05.uasset" 987
"D:/LobinhoTheGame/UE5_LobinhoTheGame/Content/Light_Foliage/Materials/MI_Rock_05.uexp" 988
"D:/LobinhoTheGame/UE5_LobinhoTheGame/Content/Light_Foliage/Meshes/SM_Rock_05.ubulk" 989
"D:/LobinhoTheGame/UE5_LobinhoTheGame/Content/Light_Foliage/Meshes/SM_Rock_05.uasset" 990
"D:/LobinhoTheGame/UE5_LobinhoTheGame/Content/Light_Foliage/Meshes/SM_Rock_05.uexp" 991
"D:/LobinhoTheGame/UE5_LobinhoTheGame/Content/Light_Foliage/Materials/MI_Bush_05.uasset" 992
"D:/LobinhoTheGame/UE5_LobinhoTheGame/Content/Light_Foliage/Materials/MI_Bush_05.uexp" 993
"D:/LobinhoTheGame/UE5_LobinhoTheGame/Content/Light_Foliage/Meshes/SM_Bush_05.ubulk" 994
"D:/LobinhoTheGame/UE5_LobinhoTheGame/Content/Light_Foliage/Meshes/SM_Bush_05.uasset" 995
"D:/LobinhoTheGame/UE5_LobinhoTheGame/Content/Light_Foliage/Meshes/SM_Bush_05.uexp" 996
"D:/LobinhoTheGame/UE5_LobinhoTheGame/Content/Light_Foliage/Meshes/SM_Shrub_01.ubulk" 997
"D:/LobinhoTheGame/UE5_LobinhoTheGame/Content/Light_Foliage/Meshes/SM_Shrub_01.uasset" 998
"D:/LobinhoTheGame/UE5_LobinhoTheGame/Content/Light_Foliage/Meshes/SM_Shrub_01.uexp" 999
"D:/LobinhoTheGame/UE5_LobinhoTheGame/Content/Light_Foliage/Textures/T_Bush_03_Normal.ubulk" 1000
"D:/LobinhoTheGame/UE5_LobinhoTheGame/Content/Light_Foliage/Textures/T_Bush_03_Normal.uasset" 1001
"D:/LobinhoTheGame/UE5_LobinhoTheGame/Content/Light_Foliage/Textures/T_Bush_03_Normal.uexp" 1002
"D:/LobinhoTheGame/UE5_LobinhoTheGame/Content/Light_Foliage/Textures/T_Bush_03_Mask.ubulk" 1003
"D:/LobinhoTheGame/UE5_LobinhoTheGame/Content/Light_Foliage/Textures/T_Bush_03_Mask.uasset" 1004
"D:/LobinhoTheGame/UE5_LobinhoTheGame/Content/Light_Foliage/Textures/T_Bush_03_Mask.uexp" 1005
"D:/LobinhoTheGame/UE5_LobinhoTheGame/Content/Light_Foliage/Materials/MI_Bush_03.uasset" 1006
"D:/LobinhoTheGame/UE5_LobinhoTheGame/Content/Light_Foliage/Materials/MI_Bush_03.uexp" 1007
"D:/LobinhoTheGame/UE5_LobinhoTheGame/Content/Light_Foliage/Meshes/SM_Bush_03.ubulk" 1008
"D:/LobinhoTheGame/UE5_LobinhoTheGame/Content/Light_Foliage/Meshes/SM_Bush_03.uasset" 1009
"D:/LobinhoTheGame/UE5_LobinhoTheGame/Content/Light_Foliage/Meshes/SM_Bush_03.uexp" 1010
"D:/LobinhoTheGame/UE5_LobinhoTheGame/Content/Light_Foliage/Materials/MI_Grass_06.uasset" 1011
"D:/LobinhoTheGame/UE5_LobinhoTheGame/Content/Light_Foliage/Materials/MI_Grass_06.uexp" 1012
"D:/LobinhoTheGame/UE5_LobinhoTheGame/Content/Light_Foliage/Meshes/SM_Grass_06.ubulk" 1013
"D:/LobinhoTheGame/UE5_LobinhoTheGame/Content/Light_Foliage/Meshes/SM_Grass_06.uasset" 1014
"D:/LobinhoTheGame/UE5_LobinhoTheGame/Content/Light_Foliage/Meshes/SM_Grass_06.uexp" 1015
"D:/LobinhoTheGame/UE5_LobinhoTheGame/Content/PN_interactiveSpruceForest/Textures/PivotPainterTextures/full/low/spruce_full_01_low_VEC.uasset" 1016
"D:/LobinhoTheGame/UE5_LobinhoTheGame/Content/PN_interactiveSpruceForest/Textures/PivotPainterTextures/full/low/spruce_full_01_low_VEC.uexp" 1017
"D:/LobinhoTheGame/UE5_LobinhoTheGame/Content/PN_interactiveSpruceForest/Textures/PivotPainterTextures/full/low/spruce_full_01_low_PIV.uasset" 1018
"D:/LobinhoTheGame/UE5_LobinhoTheGame/Content/PN_interactiveSpruceForest/Textures/PivotPainterTextures/full/low/spruce_full_01_low_PIV.uexp" 1019
"../../../Engine/Content/Functions/Engine_MaterialFunctions01/Gradient/LinearGradient.uasset" 1020
"../../../Engine/Content/Functions/Engine_MaterialFunctions01/Gradient/LinearGradient.uexp" 1021
"../../../Engine/Content/Functions/Engine_MaterialFunctions01/ImageAdjustment/CheapContrast.uasset" 1022
"../../../Engine/Content/Functions/Engine_MaterialFunctions01/ImageAdjustment/CheapContrast.uexp" 1023
"../../../Engine/Content/Functions/Engine_MaterialFunctions02/Texturing/HeightLerp.uasset" 1024
"../../../Engine/Content/Functions/Engine_MaterialFunctions02/Texturing/HeightLerp.uexp" 1025
"../../../Engine/Content/Functions/Engine_MaterialFunctions01/SpeedTree/SpeedTreeColorVariation.uasset" 1026
"../../../Engine/Content/Functions/Engine_MaterialFunctions01/SpeedTree/SpeedTreeColorVariation.uexp" 1027
"../../../Engine/Content/MapTemplates/TilingNoise05.ubulk" 1028
"../../../Engine/Content/MapTemplates/TilingNoise05.uasset" 1029
"../../../Engine/Content/MapTemplates/TilingNoise05.uexp" 1030
"D:/LobinhoTheGame/UE5_LobinhoTheGame/Content/PN_interactiveSpruceForest/Textures/MasterTextures/CoverTextures/Moss_N.ubulk" 1031
"D:/LobinhoTheGame/UE5_LobinhoTheGame/Content/PN_interactiveSpruceForest/Textures/MasterTextures/CoverTextures/Moss_N.uasset" 1032
"D:/LobinhoTheGame/UE5_LobinhoTheGame/Content/PN_interactiveSpruceForest/Textures/MasterTextures/CoverTextures/Moss_N.uexp" 1033
"D:/LobinhoTheGame/UE5_LobinhoTheGame/Content/PN_interactiveSpruceForest/Textures/MasterTextures/CoverTextures/Moss_A.ubulk" 1034
"D:/LobinhoTheGame/UE5_LobinhoTheGame/Content/PN_interactiveSpruceForest/Textures/MasterTextures/CoverTextures/Moss_A.uasset" 1035
"D:/LobinhoTheGame/UE5_LobinhoTheGame/Content/PN_interactiveSpruceForest/Textures/MasterTextures/CoverTextures/Moss_A.uexp" 1036
"D:/LobinhoTheGame/UE5_LobinhoTheGame/Content/PN_interactiveSpruceForest/Textures/MasterTextures/ModelTextures/Branch_AOSH.ubulk" 1037
"D:/LobinhoTheGame/UE5_LobinhoTheGame/Content/PN_interactiveSpruceForest/Textures/MasterTextures/ModelTextures/Branch_AOSH.uasset" 1038
"D:/LobinhoTheGame/UE5_LobinhoTheGame/Content/PN_interactiveSpruceForest/Textures/MasterTextures/ModelTextures/Branch_AOSH.uexp" 1039
"../../../Engine/Content/Functions/Engine_MaterialFunctions02/SmoothThreshold.uasset" 1040
"../../../Engine/Content/Functions/Engine_MaterialFunctions02/SmoothThreshold.uexp" 1041
"D:/LobinhoTheGame/UE5_LobinhoTheGame/Content/PN_interactiveSpruceForest/Textures/MasterTextures/ModelTextures/Bark_AOSH.ubulk" 1042
"D:/LobinhoTheGame/UE5_LobinhoTheGame/Content/PN_interactiveSpruceForest/Textures/MasterTextures/ModelTextures/Bark_AOSH.uasset" 1043
"D:/LobinhoTheGame/UE5_LobinhoTheGame/Content/PN_interactiveSpruceForest/Textures/MasterTextures/ModelTextures/Bark_AOSH.uexp" 1044
"D:/LobinhoTheGame/UE5_LobinhoTheGame/Content/PN_interactiveSpruceForest/Textures/MasterTextures/ModelTextures/Bark_N.uexp" 1045
"D:/LobinhoTheGame/UE5_LobinhoTheGame/Content/PN_interactiveSpruceForest/Textures/MasterTextures/ModelTextures/Bark_N.ubulk" 1046
"D:/LobinhoTheGame/UE5_LobinhoTheGame/Content/PN_interactiveSpruceForest/Textures/MasterTextures/ModelTextures/Bark_N.uasset" 1047
"D:/LobinhoTheGame/UE5_LobinhoTheGame/Content/PN_interactiveSpruceForest/Textures/MasterTextures/ModelTextures/Bark_N.uptnl" 1048
"D:/LobinhoTheGame/UE5_LobinhoTheGame/Content/PN_interactiveSpruceForest/Textures/MasterTextures/ModelTextures/Leaf_N.ubulk" 1049
"D:/LobinhoTheGame/UE5_LobinhoTheGame/Content/PN_interactiveSpruceForest/Textures/MasterTextures/ModelTextures/Leaf_N.uasset" 1050
"D:/LobinhoTheGame/UE5_LobinhoTheGame/Content/PN_interactiveSpruceForest/Textures/MasterTextures/ModelTextures/Leaf_N.uexp" 1051
"D:/LobinhoTheGame/UE5_LobinhoTheGame/Content/PN_interactiveSpruceForest/Textures/MasterTextures/ModelTextures/Branch_A.ubulk" 1052
"D:/LobinhoTheGame/UE5_LobinhoTheGame/Content/PN_interactiveSpruceForest/Textures/MasterTextures/ModelTextures/Branch_A.uasset" 1053
"D:/LobinhoTheGame/UE5_LobinhoTheGame/Content/PN_interactiveSpruceForest/Textures/MasterTextures/ModelTextures/Branch_A.uexp" 1054
"D:/LobinhoTheGame/UE5_LobinhoTheGame/Content/PN_interactiveSpruceForest/Textures/MasterTextures/ModelTextures/Leaf_AOSM.ubulk" 1055
"D:/LobinhoTheGame/UE5_LobinhoTheGame/Content/PN_interactiveSpruceForest/Textures/MasterTextures/ModelTextures/Leaf_AOSM.uasset" 1056
"D:/LobinhoTheGame/UE5_LobinhoTheGame/Content/PN_interactiveSpruceForest/Textures/MasterTextures/ModelTextures/Leaf_AOSM.uexp" 1057
"D:/LobinhoTheGame/UE5_LobinhoTheGame/Content/PN_interactiveSpruceForest/Textures/MasterTextures/CoverTextures/Moss_AOSH.ubulk" 1058
"D:/LobinhoTheGame/UE5_LobinhoTheGame/Content/PN_interactiveSpruceForest/Textures/MasterTextures/CoverTextures/Moss_AOSH.uasset" 1059
"D:/LobinhoTheGame/UE5_LobinhoTheGame/Content/PN_interactiveSpruceForest/Textures/MasterTextures/CoverTextures/Moss_AOSH.uexp" 1060
"D:/LobinhoTheGame/UE5_LobinhoTheGame/Content/PN_interactiveSpruceForest/Textures/MasterTextures/ModelTextures/Leaf_O.uasset" 1061
"D:/LobinhoTheGame/UE5_LobinhoTheGame/Content/PN_interactiveSpruceForest/Textures/MasterTextures/ModelTextures/Leaf_O.uexp" 1062
"D:/LobinhoTheGame/UE5_LobinhoTheGame/Content/PN_interactiveSpruceForest/Textures/MasterTextures/ModelTextures/Leaf_A_02.ubulk" 1063
"D:/LobinhoTheGame/UE5_LobinhoTheGame/Content/PN_interactiveSpruceForest/Textures/MasterTextures/ModelTextures/Leaf_A_02.uasset" 1064
"D:/LobinhoTheGame/UE5_LobinhoTheGame/Content/PN_interactiveSpruceForest/Textures/MasterTextures/ModelTextures/Leaf_A_02.uexp" 1065
"D:/LobinhoTheGame/UE5_LobinhoTheGame/Content/PN_interactiveSpruceForest/Textures/MasterTextures/ModelTextures/Bark_A_.ubulk" 1066
"D:/LobinhoTheGame/UE5_LobinhoTheGame/Content/PN_interactiveSpruceForest/Textures/MasterTextures/ModelTextures/Bark_A_.uasset" 1067
"D:/LobinhoTheGame/UE5_LobinhoTheGame/Content/PN_interactiveSpruceForest/Textures/MasterTextures/ModelTextures/Bark_A_.uexp" 1068
"D:/LobinhoTheGame/UE5_LobinhoTheGame/Content/PN_interactiveSpruceForest/Textures/MasterTextures/ModelTextures/Branch_N.ubulk" 1069
"D:/LobinhoTheGame/UE5_LobinhoTheGame/Content/PN_interactiveSpruceForest/Textures/MasterTextures/ModelTextures/Branch_N.uasset" 1070
"D:/LobinhoTheGame/UE5_LobinhoTheGame/Content/PN_interactiveSpruceForest/Textures/MasterTextures/ModelTextures/Branch_N.uexp" 1071
"../../../Engine/Content/Functions/Engine_MaterialFunctions01/Shading/FuzzyShadingGrass.uasset" 1072
"../../../Engine/Content/Functions/Engine_MaterialFunctions01/Shading/FuzzyShadingGrass.uexp" 1073
"../../../Engine/Content/Functions/Engine_MaterialFunctions02/ExampleContent/PivotPainter2/test2_rgb_PivotPos_a_ParentIndexInt_UV_2.uasset" 1074
"../../../Engine/Content/Functions/Engine_MaterialFunctions02/ExampleContent/PivotPainter2/test2_rgb_PivotPos_a_ParentIndexInt_UV_2.uexp" 1075
"../../../Engine/Content/Functions/Engine_MaterialFunctions02/Math/TimeWithSpeedVariable.uasset" 1076
"../../../Engine/Content/Functions/Engine_MaterialFunctions02/Math/TimeWithSpeedVariable.uexp" 1077
"../../../Engine/Content/Functions/Engine_MaterialFunctions02/Lerp_Multiple_Float2.uasset" 1078
"../../../Engine/Content/Functions/Engine_MaterialFunctions02/Lerp_Multiple_Float2.uexp" 1079
"../../../Engine/Content/Functions/Engine_MaterialFunctions02/ExampleContent/PivotPainter2/SimpExPivPos.uasset" 1080
"../../../Engine/Content/Functions/Engine_MaterialFunctions02/ExampleContent/PivotPainter2/SimpExPivPos.uexp" 1081
"../../../Engine/Content/Functions/Engine_MaterialFunctions02/PivotPainter2/2dArrayLookupByIndex.uasset" 1082
"../../../Engine/Content/Functions/Engine_MaterialFunctions02/PivotPainter2/2dArrayLookupByIndex.uexp" 1083
"../../../Engine/Content/Functions/Engine_MaterialFunctions02/PivotPainter2/ms_PivotPainter2_ReturnParentTextureInfo.uasset" 1084
"../../../Engine/Content/Functions/Engine_MaterialFunctions02/PivotPainter2/ms_PivotPainter2_ReturnParentTextureInfo.uexp" 1085
"../../../Engine/Content/Functions/Engine_MaterialFunctions02/ExampleContent/PivotPainter2/PP2_rgb_XVect_a_XExtent.uasset" 1086
"../../../Engine/Content/Functions/Engine_MaterialFunctions02/ExampleContent/PivotPainter2/PP2_rgb_XVect_a_XExtent.uexp" 1087
"../../../Engine/Content/Functions/Engine_MaterialFunctions02/ms_PivotPainter2_UnpackIntegerAsFloat.uasset" 1088
"../../../Engine/Content/Functions/Engine_MaterialFunctions02/ms_PivotPainter2_UnpackIntegerAsFloat.uexp" 1089
"D:/LobinhoTheGame/UE5_LobinhoTheGame/Content/PN_interactiveSpruceForest/Materials/MaterialFunctions/PN_BendingParameters.uasset" 1090
"D:/LobinhoTheGame/UE5_LobinhoTheGame/Content/PN_interactiveSpruceForest/Materials/MaterialFunctions/PN_BendingParameters.uexp" 1091
"../../../Engine/Content/Functions/Engine_MaterialFunctions02/PivotPainter2/ms_PivotPainter2_DecodePostion.uasset" 1092
"../../../Engine/Content/Functions/Engine_MaterialFunctions02/PivotPainter2/ms_PivotPainter2_DecodePostion.uexp" 1093
"../../../Engine/Content/Functions/Engine_MaterialFunctions02/PivotPainter2/ms_PivotPainter2_DecodeAxisVector.uasset" 1094
"../../../Engine/Content/Functions/Engine_MaterialFunctions02/PivotPainter2/ms_PivotPainter2_DecodeAxisVector.uexp" 1095
"D:/LobinhoTheGame/UE5_LobinhoTheGame/Content/PN_interactiveSpruceForest/Materials/MaterialFunctions/PN_Bending.uasset" 1096
"D:/LobinhoTheGame/UE5_LobinhoTheGame/Content/PN_interactiveSpruceForest/Materials/MaterialFunctions/PN_Bending.uexp" 1097
"../../../Engine/Content/Functions/Engine_MaterialFunctions02/WorldPositionOffset/ObjectPivotPoint.uasset" 1098
"../../../Engine/Content/Functions/Engine_MaterialFunctions02/WorldPositionOffset/ObjectPivotPoint.uexp" 1099
"D:/LobinhoTheGame/UE5_LobinhoTheGame/Content/PN_interactiveSpruceForest/Materials/MaterialFunctions/PN_MultiBend.uasset" 1100
"D:/LobinhoTheGame/UE5_LobinhoTheGame/Content/PN_interactiveSpruceForest/Materials/MaterialFunctions/PN_MultiBend.uexp" 1101
"../../../Engine/Content/Functions/Engine_MaterialFunctions02/PivotPainter2/ms_PivotPainter2_Decode8BitAlphaAxisExtent.uasset" 1102
"../../../Engine/Content/Functions/Engine_MaterialFunctions02/PivotPainter2/ms_PivotPainter2_Decode8BitAlphaAxisExtent.uexp" 1103
"../../../Engine/Content/Functions/Engine_MaterialFunctions02/ExampleContent/Textures/WindTurblenceVectorAndGustMagnitude.uasset" 1104
"../../../Engine/Content/Functions/Engine_MaterialFunctions02/ExampleContent/Textures/WindTurblenceVectorAndGustMagnitude.uexp" 1105
"D:/LobinhoTheGame/UE5_LobinhoTheGame/Content/PN_interactiveSpruceForest/Materials/PN_WindParameters.uasset" 1106
"D:/LobinhoTheGame/UE5_LobinhoTheGame/Content/PN_interactiveSpruceForest/Materials/PN_WindParameters.uexp" 1107
"D:/LobinhoTheGame/UE5_LobinhoTheGame/Content/PN_interactiveSpruceForest/Materials/MaterialFunctions/PN_WindAnimation.uasset" 1108
"D:/LobinhoTheGame/UE5_LobinhoTheGame/Content/PN_interactiveSpruceForest/Materials/MaterialFunctions/PN_WindAnimation.uexp" 1109
"../../../Engine/Content/Functions/Engine_MaterialFunctions02/PivotPainter2/ms_PivotPainter2_CalculateMeshElementIndex.uasset" 1110
"../../../Engine/Content/Functions/Engine_MaterialFunctions02/PivotPainter2/ms_PivotPainter2_CalculateMeshElementIndex.uexp" 1111
"D:/LobinhoTheGame/UE5_LobinhoTheGame/Content/PN_interactiveSpruceForest/Materials/MaterialFunctions/PN_AnimationShader.uasset" 1112
"D:/LobinhoTheGame/UE5_LobinhoTheGame/Content/PN_interactiveSpruceForest/Materials/MaterialFunctions/PN_AnimationShader.uexp" 1113
"D:/LobinhoTheGame/UE5_LobinhoTheGame/Content/PN_interactiveSpruceForest/Materials/MasterMaterials/MA_Summer.uasset" 1114
"D:/LobinhoTheGame/UE5_LobinhoTheGame/Content/PN_interactiveSpruceForest/Materials/MasterMaterials/MA_Summer.uexp" 1115
"D:/LobinhoTheGame/UE5_LobinhoTheGame/Content/PN_interactiveSpruceForest/Materials/MaterialInstances/full/low/spruce_full_01_low_MA.uasset" 1116
"D:/LobinhoTheGame/UE5_LobinhoTheGame/Content/PN_interactiveSpruceForest/Materials/MaterialInstances/full/low/spruce_full_01_low_MA.uexp" 1117
"D:/LobinhoTheGame/UE5_LobinhoTheGame/Content/PN_interactiveSpruceForest/Materials/MaterialInstances/full/low/spruce_full_01_low_trunk.uasset" 1118
"D:/LobinhoTheGame/UE5_LobinhoTheGame/Content/PN_interactiveSpruceForest/Materials/MaterialInstances/full/low/spruce_full_01_low_trunk.uexp" 1119
"D:/LobinhoTheGame/UE5_LobinhoTheGame/Content/PN_interactiveSpruceForest/Materials/MaterialInstances/full/low/spruce_full_01_low_branch.uasset" 1120
"D:/LobinhoTheGame/UE5_LobinhoTheGame/Content/PN_interactiveSpruceForest/Materials/MaterialInstances/full/low/spruce_full_01_low_branch.uexp" 1121
"D:/LobinhoTheGame/UE5_LobinhoTheGame/Content/PN_interactiveSpruceForest/Textures/PivotPainterTextures/imposter/Imposter_PIV.uasset" 1122
"D:/LobinhoTheGame/UE5_LobinhoTheGame/Content/PN_interactiveSpruceForest/Textures/PivotPainterTextures/imposter/Imposter_PIV.uexp" 1123
"D:/LobinhoTheGame/UE5_LobinhoTheGame/Content/PN_interactiveSpruceForest/Textures/PivotPainterTextures/imposter/Imposter_VEC.uasset" 1124
"D:/LobinhoTheGame/UE5_LobinhoTheGame/Content/PN_interactiveSpruceForest/Textures/PivotPainterTextures/imposter/Imposter_VEC.uexp" 1125
"D:/LobinhoTheGame/UE5_LobinhoTheGame/Content/PN_interactiveSpruceForest/Textures/Imposter/full_01_imposter_N.ubulk" 1126
"D:/LobinhoTheGame/UE5_LobinhoTheGame/Content/PN_interactiveSpruceForest/Textures/Imposter/full_01_imposter_N.uasset" 1127
"D:/LobinhoTheGame/UE5_LobinhoTheGame/Content/PN_interactiveSpruceForest/Textures/Imposter/full_01_imposter_N.uexp" 1128
"D:/LobinhoTheGame/UE5_LobinhoTheGame/Content/PN_interactiveSpruceForest/Textures/Imposter/full_01_imposter_A_unlit.uasset" 1129
"D:/LobinhoTheGame/UE5_LobinhoTheGame/Content/PN_interactiveSpruceForest/Textures/Imposter/full_01_imposter_A_unlit.uexp" 1130
"D:/LobinhoTheGame/UE5_LobinhoTheGame/Content/PN_interactiveSpruceForest/Textures/Imposter/full_01_imposter_O.uasset" 1131
"D:/LobinhoTheGame/UE5_LobinhoTheGame/Content/PN_interactiveSpruceForest/Textures/Imposter/full_01_imposter_O.uexp" 1132
"../../../Engine/Content/Functions/Engine_MaterialFunctions02/Utility/VectorToRadialValue.uasset" 1133
"../../../Engine/Content/Functions/Engine_MaterialFunctions02/Utility/VectorToRadialValue.uexp" 1134
"../../../Engine/Content/Functions/Engine_MaterialFunctions02/ExampleContent/DebugNumberStrip.uasset" 1135
"../../../Engine/Content/Functions/Engine_MaterialFunctions02/ExampleContent/DebugNumberStrip.uexp" 1136
"../../../Engine/Content/Functions/Engine_MaterialFunctions01/Texturing/ComputeMipLevel.uasset" 1137
"../../../Engine/Content/Functions/Engine_MaterialFunctions01/Texturing/ComputeMipLevel.uexp" 1138
"../../../Engine/Content/Functions/Engine_MaterialFunctions01/Texturing/TextureCropping.uasset" 1139
"../../../Engine/Content/Functions/Engine_MaterialFunctions01/Texturing/TextureCropping.uexp" 1140
"../../../Engine/Content/Functions/Engine_MaterialFunctions02/ExampleContent/Textures/DebugNumberPeriod.uasset" 1141
"../../../Engine/Content/Functions/Engine_MaterialFunctions02/ExampleContent/Textures/DebugNumberPeriod.uexp" 1142
"../../../Engine/Content/Functions/Engine_MaterialFunctions02/Utility/DebugScalarValues.uasset" 1143
"../../../Engine/Content/Functions/Engine_MaterialFunctions02/Utility/DebugScalarValues.uexp" 1144
"../../../Engine/Content/Functions/Engine_MaterialFunctions02/Utility/DebugFloat2Values.uasset" 1145
"../../../Engine/Content/Functions/Engine_MaterialFunctions02/Utility/DebugFloat2Values.uexp" 1146
"../../../Engine/Content/Functions/Engine_MaterialFunctions02/ExampleContent/Textures/flipbook.ubulk" 1147
"../../../Engine/Content/Functions/Engine_MaterialFunctions02/ExampleContent/Textures/flipbook.uasset" 1148
"../../../Engine/Content/Functions/Engine_MaterialFunctions02/ExampleContent/Textures/flipbook.uexp" 1149
"../../../Engine/Content/Functions/Engine_MaterialFunctions02/Texturing/FlipBook.uasset" 1150
"../../../Engine/Content/Functions/Engine_MaterialFunctions02/Texturing/FlipBook.uexp" 1151
"../../../Engine/Content/ArtTools/RenderToTexture/MaterialFunctions/FoliageZRotation.uasset" 1152
"../../../Engine/Content/ArtTools/RenderToTexture/MaterialFunctions/FoliageZRotation.uexp" 1153
"../../../Engine/Content/Functions/Engine_MaterialFunctions02/Math/CreateThirdOrthogonalVector.uasset" 1154
"../../../Engine/Content/Functions/Engine_MaterialFunctions02/Math/CreateThirdOrthogonalVector.uexp" 1155
"../../../Engine/Content/Functions/Engine_MaterialFunctions02/Math/Pi.uasset" 1156
"../../../Engine/Content/Functions/Engine_MaterialFunctions02/Math/Pi.uexp" 1157
"../../../Engine/Content/ArtTools/RenderToTexture/MaterialFunctions/ImposterUVs.uasset" 1158
"../../../Engine/Content/ArtTools/RenderToTexture/MaterialFunctions/ImposterUVs.uexp" 1159
"D:/LobinhoTheGame/UE5_LobinhoTheGame/Content/PN_interactiveSpruceForest/Textures/MasterTextures/CoverTextures/Snow_A.ubulk" 1160
"D:/LobinhoTheGame/UE5_LobinhoTheGame/Content/PN_interactiveSpruceForest/Textures/MasterTextures/CoverTextures/Snow_A.uasset" 1161
"D:/LobinhoTheGame/UE5_LobinhoTheGame/Content/PN_interactiveSpruceForest/Textures/MasterTextures/CoverTextures/Snow_A.uexp" 1162
"D:/LobinhoTheGame/UE5_LobinhoTheGame/Content/PN_interactiveSpruceForest/Materials/MasterMaterials/MA_Imposter.uasset" 1163
"D:/LobinhoTheGame/UE5_LobinhoTheGame/Content/PN_interactiveSpruceForest/Materials/MasterMaterials/MA_Imposter.uexp" 1164
"D:/LobinhoTheGame/UE5_LobinhoTheGame/Content/PN_interactiveSpruceForest/Materials/MaterialInstances/imposter/low/full_01_imposter.uasset" 1165
"D:/LobinhoTheGame/UE5_LobinhoTheGame/Content/PN_interactiveSpruceForest/Materials/MaterialInstances/imposter/low/full_01_imposter.uexp" 1166
"D:/LobinhoTheGame/UE5_LobinhoTheGame/Content/PN_interactiveSpruceForest/Materials/MaterialInstances/full/low/spruce_full_01_low_leaf.uasset" 1167
"D:/LobinhoTheGame/UE5_LobinhoTheGame/Content/PN_interactiveSpruceForest/Materials/MaterialInstances/full/low/spruce_full_01_low_leaf.uexp" 1168
"D:/LobinhoTheGame/UE5_LobinhoTheGame/Content/PN_interactiveSpruceForest/Meshes/full/low/spruce_full_01_low.ubulk" 1169
"D:/LobinhoTheGame/UE5_LobinhoTheGame/Content/PN_interactiveSpruceForest/Meshes/full/low/spruce_full_01_low.uasset" 1170
"D:/LobinhoTheGame/UE5_LobinhoTheGame/Content/PN_interactiveSpruceForest/Meshes/full/low/spruce_full_01_low.uexp" 1171
"D:/LobinhoTheGame/UE5_LobinhoTheGame/Content/UI/Misc/Hunt_Begin.uasset" 1172
"D:/LobinhoTheGame/UE5_LobinhoTheGame/Content/UI/Misc/Hunt_Begin.uexp" 1173
"D:/LobinhoTheGame/UE5_LobinhoTheGame/Content/Light_Foliage/Textures/T_Grass_03_Normal.ubulk" 1174
"D:/LobinhoTheGame/UE5_LobinhoTheGame/Content/Light_Foliage/Textures/T_Grass_03_Normal.uasset" 1175
"D:/LobinhoTheGame/UE5_LobinhoTheGame/Content/Light_Foliage/Textures/T_Grass_03_Normal.uexp" 1176
"D:/LobinhoTheGame/UE5_LobinhoTheGame/Content/Light_Foliage/Textures/T_Grass_03_Mask.ubulk" 1177
"D:/LobinhoTheGame/UE5_LobinhoTheGame/Content/Light_Foliage/Textures/T_Grass_03_Mask.uasset" 1178
"D:/LobinhoTheGame/UE5_LobinhoTheGame/Content/Light_Foliage/Textures/T_Grass_03_Mask.uexp" 1179
"D:/LobinhoTheGame/UE5_LobinhoTheGame/Content/Light_Foliage/Materials/MI_Grass_03.uasset" 1180
"D:/LobinhoTheGame/UE5_LobinhoTheGame/Content/Light_Foliage/Materials/MI_Grass_03.uexp" 1181
"D:/LobinhoTheGame/UE5_LobinhoTheGame/Content/Light_Foliage/Meshes/SM_Grass_03.ubulk" 1182
"D:/LobinhoTheGame/UE5_LobinhoTheGame/Content/Light_Foliage/Meshes/SM_Grass_03.uasset" 1183
"D:/LobinhoTheGame/UE5_LobinhoTheGame/Content/Light_Foliage/Meshes/SM_Grass_03.uexp" 1184
"D:/LobinhoTheGame/UE5_LobinhoTheGame/Content/Light_Foliage/Textures/T_Rock_08_Normal.ubulk" 1185
"D:/LobinhoTheGame/UE5_LobinhoTheGame/Content/Light_Foliage/Textures/T_Rock_08_Normal.uasset" 1186
"D:/LobinhoTheGame/UE5_LobinhoTheGame/Content/Light_Foliage/Textures/T_Rock_08_Normal.uexp" 1187
"D:/LobinhoTheGame/UE5_LobinhoTheGame/Content/Light_Foliage/Textures/T_Rock_08_Mask.ubulk" 1188
"D:/LobinhoTheGame/UE5_LobinhoTheGame/Content/Light_Foliage/Textures/T_Rock_08_Mask.uasset" 1189
"D:/LobinhoTheGame/UE5_LobinhoTheGame/Content/Light_Foliage/Textures/T_Rock_08_Mask.uexp" 1190
"D:/LobinhoTheGame/UE5_LobinhoTheGame/Content/Light_Foliage/Materials/MI_Rock_08.uasset" 1191
"D:/LobinhoTheGame/UE5_LobinhoTheGame/Content/Light_Foliage/Materials/MI_Rock_08.uexp" 1192
"D:/LobinhoTheGame/UE5_LobinhoTheGame/Content/Light_Foliage/Meshes/SM_Rock_08.ubulk" 1193
"D:/LobinhoTheGame/UE5_LobinhoTheGame/Content/Light_Foliage/Meshes/SM_Rock_08.uasset" 1194
"D:/LobinhoTheGame/UE5_LobinhoTheGame/Content/Light_Foliage/Meshes/SM_Rock_08.uexp" 1195
"../../../Engine/Content/Functions/MaterialLayerFunctions/MatLayerBlend_Standard.uasset" 1196
"../../../Engine/Content/Functions/MaterialLayerFunctions/MatLayerBlend_Standard.uexp" 1197
"D:/LobinhoTheGame/UE5_LobinhoTheGame/Content/LandscapeStamps/DemoRoom/Textures/T_Ground_Grass_N.ubulk" 1198
"D:/LobinhoTheGame/UE5_LobinhoTheGame/Content/LandscapeStamps/DemoRoom/Textures/T_Ground_Grass_N.uasset" 1199
"D:/LobinhoTheGame/UE5_LobinhoTheGame/Content/LandscapeStamps/DemoRoom/Textures/T_Ground_Grass_N.uexp" 1200
"D:/LobinhoTheGame/UE5_LobinhoTheGame/Content/LandscapeStamps/DemoRoom/Textures/T_Perlin_Noise_M.ubulk" 1201
"D:/LobinhoTheGame/UE5_LobinhoTheGame/Content/LandscapeStamps/DemoRoom/Textures/T_Perlin_Noise_M.uasset" 1202
"D:/LobinhoTheGame/UE5_LobinhoTheGame/Content/LandscapeStamps/DemoRoom/Textures/T_Perlin_Noise_M.uexp" 1203
"D:/LobinhoTheGame/UE5_LobinhoTheGame/Content/Megascans/Surfaces/Grass_pcciV0/T_Grass_pcciV0_4K_ORDp.ubulk" 1204
"D:/LobinhoTheGame/UE5_LobinhoTheGame/Content/Megascans/Surfaces/Grass_pcciV0/T_Grass_pcciV0_4K_ORDp.uasset" 1205
"D:/LobinhoTheGame/UE5_LobinhoTheGame/Content/Megascans/Surfaces/Grass_pcciV0/T_Grass_pcciV0_4K_ORDp.uexp" 1206
"D:/LobinhoTheGame/UE5_LobinhoTheGame/Content/LandscapeStamps/DemoRoom/Textures/T_MacroVariation.uasset" 1207
"D:/LobinhoTheGame/UE5_LobinhoTheGame/Content/LandscapeStamps/DemoRoom/Textures/T_MacroVariation.uexp" 1208
"D:/LobinhoTheGame/UE5_LobinhoTheGame/Content/Megascans/Surfaces/Grass_pcciV0/T_Grass_pcciV0_4K_N.ubulk" 1209
"D:/LobinhoTheGame/UE5_LobinhoTheGame/Content/Megascans/Surfaces/Grass_pcciV0/T_Grass_pcciV0_4K_N.uasset" 1210
"D:/LobinhoTheGame/UE5_LobinhoTheGame/Content/Megascans/Surfaces/Grass_pcciV0/T_Grass_pcciV0_4K_N.uexp" 1211
"D:/LobinhoTheGame/UE5_LobinhoTheGame/Content/Megascans/Surfaces/Grass_pcciV0/T_Grass_pcciV0_4K_D.ubulk" 1212
"D:/LobinhoTheGame/UE5_LobinhoTheGame/Content/Megascans/Surfaces/Grass_pcciV0/T_Grass_pcciV0_4K_D.uasset" 1213
"D:/LobinhoTheGame/UE5_LobinhoTheGame/Content/Megascans/Surfaces/Grass_pcciV0/T_Grass_pcciV0_4K_D.uexp" 1214
"D:/LobinhoTheGame/UE5_LobinhoTheGame/Content/LandscapeStamps/DemoRoom/Textures/T_Ground_Grass_D.ubulk" 1215
"D:/LobinhoTheGame/UE5_LobinhoTheGame/Content/LandscapeStamps/DemoRoom/Textures/T_Ground_Grass_D.uasset" 1216
"D:/LobinhoTheGame/UE5_LobinhoTheGame/Content/LandscapeStamps/DemoRoom/Textures/T_Ground_Grass_D.uexp" 1217
"D:/LobinhoTheGame/UE5_LobinhoTheGame/Content/LandscapeStamps/DemoRoom/Materials/MF_GrassLayer.uasset" 1218
"D:/LobinhoTheGame/UE5_LobinhoTheGame/Content/LandscapeStamps/DemoRoom/Materials/MF_GrassLayer.uexp" 1219
"../../../Engine/Content/Functions/Engine_MaterialFunctions01/AlphaBlend/WorldAlignedBlend.uasset" 1220
"../../../Engine/Content/Functions/Engine_MaterialFunctions01/AlphaBlend/WorldAlignedBlend.uexp" 1221
"D:/LobinhoTheGame/UE5_LobinhoTheGame/Content/LandscapeStamps/DemoRoom/Textures/T_Rock_Sandstone_N.ubulk" 1222
"D:/LobinhoTheGame/UE5_LobinhoTheGame/Content/LandscapeStamps/DemoRoom/Textures/T_Rock_Sandstone_N.uasset" 1223
"D:/LobinhoTheGame/UE5_LobinhoTheGame/Content/LandscapeStamps/DemoRoom/Textures/T_Rock_Sandstone_N.uexp" 1224
"D:/LobinhoTheGame/UE5_LobinhoTheGame/Content/LandscapeStamps/DemoRoom/Textures/T_Rock_Sandstone_D.ubulk" 1225
"D:/LobinhoTheGame/UE5_LobinhoTheGame/Content/LandscapeStamps/DemoRoom/Textures/T_Rock_Sandstone_D.uasset" 1226
"D:/LobinhoTheGame/UE5_LobinhoTheGame/Content/LandscapeStamps/DemoRoom/Textures/T_Rock_Sandstone_D.uexp" 1227
"D:/LobinhoTheGame/UE5_LobinhoTheGame/Content/LandscapeStamps/DemoRoom/Materials/MF_RockLayer.uasset" 1228
"D:/LobinhoTheGame/UE5_LobinhoTheGame/Content/LandscapeStamps/DemoRoom/Materials/MF_RockLayer.uexp" 1229
"D:/LobinhoTheGame/UE5_LobinhoTheGame/Content/LandscapeStamps/DemoRoom/Materials/M_LandscapeMaster.uasset" 1230
"D:/LobinhoTheGame/UE5_LobinhoTheGame/Content/LandscapeStamps/DemoRoom/Materials/M_LandscapeMaster.uexp" 1231
"D:/LobinhoTheGame/UE5_LobinhoTheGame/Content/LandscapeStamps/DemoRoom/Materials/MI_Landscape.uasset" 1232
"D:/LobinhoTheGame/UE5_LobinhoTheGame/Content/LandscapeStamps/DemoRoom/Materials/MI_Landscape.uexp" 1233
"D:/LobinhoTheGame/UE5_LobinhoTheGame/Content/Light_Foliage/Textures/T_Grass_08_Normal.ubulk" 1234
"D:/LobinhoTheGame/UE5_LobinhoTheGame/Content/Light_Foliage/Textures/T_Grass_08_Normal.uasset" 1235
"D:/LobinhoTheGame/UE5_LobinhoTheGame/Content/Light_Foliage/Textures/T_Grass_08_Normal.uexp" 1236
"D:/LobinhoTheGame/UE5_LobinhoTheGame/Content/Light_Foliage/Textures/T_Grass_08_Mask.ubulk" 1237
"D:/LobinhoTheGame/UE5_LobinhoTheGame/Content/Light_Foliage/Textures/T_Grass_08_Mask.uasset" 1238
"D:/LobinhoTheGame/UE5_LobinhoTheGame/Content/Light_Foliage/Textures/T_Grass_08_Mask.uexp" 1239
"D:/LobinhoTheGame/UE5_LobinhoTheGame/Content/Light_Foliage/Materials/MI_Grass_08.uasset" 1240
"D:/LobinhoTheGame/UE5_LobinhoTheGame/Content/Light_Foliage/Materials/MI_Grass_08.uexp" 1241
"D:/LobinhoTheGame/UE5_LobinhoTheGame/Content/Light_Foliage/Meshes/SM_Grass_08.ubulk" 1242
"D:/LobinhoTheGame/UE5_LobinhoTheGame/Content/Light_Foliage/Meshes/SM_Grass_08.uasset" 1243
"D:/LobinhoTheGame/UE5_LobinhoTheGame/Content/Light_Foliage/Meshes/SM_Grass_08.uexp" 1244
"D:/LobinhoTheGame/UE5_LobinhoTheGame/Content/Light_Foliage/Textures/T_Grass_02_Mask.ubulk" 1245
"D:/LobinhoTheGame/UE5_LobinhoTheGame/Content/Light_Foliage/Textures/T_Grass_02_Mask.uasset" 1246
"D:/LobinhoTheGame/UE5_LobinhoTheGame/Content/Light_Foliage/Textures/T_Grass_02_Mask.uexp" 1247
"D:/LobinhoTheGame/UE5_LobinhoTheGame/Content/Light_Foliage/Textures/T_Grass_02_Normal.ubulk" 1248
"D:/LobinhoTheGame/UE5_LobinhoTheGame/Content/Light_Foliage/Textures/T_Grass_02_Normal.uasset" 1249
"D:/LobinhoTheGame/UE5_LobinhoTheGame/Content/Light_Foliage/Textures/T_Grass_02_Normal.uexp" 1250
"D:/LobinhoTheGame/UE5_LobinhoTheGame/Content/Light_Foliage/Materials/MI_Grass_02.uasset" 1251
"D:/LobinhoTheGame/UE5_LobinhoTheGame/Content/Light_Foliage/Materials/MI_Grass_02.uexp" 1252
"D:/LobinhoTheGame/UE5_LobinhoTheGame/Content/Light_Foliage/Meshes/SM_Grass_02.ubulk" 1253
"D:/LobinhoTheGame/UE5_LobinhoTheGame/Content/Light_Foliage/Meshes/SM_Grass_02.uasset" 1254
"D:/LobinhoTheGame/UE5_LobinhoTheGame/Content/Light_Foliage/Meshes/SM_Grass_02.uexp" 1255
"D:/LobinhoTheGame/UE5_LobinhoTheGame/Content/Light_Foliage/Textures/T_Rock_01_Normal.ubulk" 1256
"D:/LobinhoTheGame/UE5_LobinhoTheGame/Content/Light_Foliage/Textures/T_Rock_01_Normal.uasset" 1257
"D:/LobinhoTheGame/UE5_LobinhoTheGame/Content/Light_Foliage/Textures/T_Rock_01_Normal.uexp" 1258
"D:/LobinhoTheGame/UE5_LobinhoTheGame/Content/Light_Foliage/Textures/T_Rock_01_Mask.ubulk" 1259
"D:/LobinhoTheGame/UE5_LobinhoTheGame/Content/Light_Foliage/Textures/T_Rock_01_Mask.uasset" 1260
"D:/LobinhoTheGame/UE5_LobinhoTheGame/Content/Light_Foliage/Textures/T_Rock_01_Mask.uexp" 1261
"D:/LobinhoTheGame/UE5_LobinhoTheGame/Content/Light_Foliage/Materials/MI_Rock_01.uasset" 1262
"D:/LobinhoTheGame/UE5_LobinhoTheGame/Content/Light_Foliage/Materials/MI_Rock_01.uexp" 1263
"D:/LobinhoTheGame/UE5_LobinhoTheGame/Content/Light_Foliage/Meshes/SM_Rock_01.ubulk" 1264
"D:/LobinhoTheGame/UE5_LobinhoTheGame/Content/Light_Foliage/Meshes/SM_Rock_01.uasset" 1265
"D:/LobinhoTheGame/UE5_LobinhoTheGame/Content/Light_Foliage/Meshes/SM_Rock_01.uexp" 1266
"D:/LobinhoTheGame/UE5_LobinhoTheGame/Content/PN_interactiveSpruceForest/Textures/Imposter/half_03_imposter_N.uasset" 1267
"D:/LobinhoTheGame/UE5_LobinhoTheGame/Content/PN_interactiveSpruceForest/Textures/Imposter/half_03_imposter_N.uexp" 1268
"D:/LobinhoTheGame/UE5_LobinhoTheGame/Content/PN_interactiveSpruceForest/Textures/Imposter/half_03_imposter_O.uasset" 1269
"D:/LobinhoTheGame/UE5_LobinhoTheGame/Content/PN_interactiveSpruceForest/Textures/Imposter/half_03_imposter_O.uexp" 1270
"D:/LobinhoTheGame/UE5_LobinhoTheGame/Content/PN_interactiveSpruceForest/Textures/Imposter/half_03_imposter_A.uasset" 1271
"D:/LobinhoTheGame/UE5_LobinhoTheGame/Content/PN_interactiveSpruceForest/Textures/Imposter/half_03_imposter_A.uexp" 1272
"D:/LobinhoTheGame/UE5_LobinhoTheGame/Content/PN_interactiveSpruceForest/Materials/MaterialInstances/imposter/low/half_03_imposter.uasset" 1273
"D:/LobinhoTheGame/UE5_LobinhoTheGame/Content/PN_interactiveSpruceForest/Materials/MaterialInstances/imposter/low/half_03_imposter.uexp" 1274
"D:/LobinhoTheGame/UE5_LobinhoTheGame/Content/PN_interactiveSpruceForest/Textures/PivotPainterTextures/half/low/spruce_half_03_low_VEC.uasset" 1275
"D:/LobinhoTheGame/UE5_LobinhoTheGame/Content/PN_interactiveSpruceForest/Textures/PivotPainterTextures/half/low/spruce_half_03_low_VEC.uexp" 1276
"D:/LobinhoTheGame/UE5_LobinhoTheGame/Content/PN_interactiveSpruceForest/Textures/PivotPainterTextures/half/low/spruce_half_03_low_PIV.uasset" 1277
"D:/LobinhoTheGame/UE5_LobinhoTheGame/Content/PN_interactiveSpruceForest/Textures/PivotPainterTextures/half/low/spruce_half_03_low_PIV.uexp" 1278
"D:/LobinhoTheGame/UE5_LobinhoTheGame/Content/PN_interactiveSpruceForest/Materials/MaterialInstances/half/low/spruce_half_03_low_MA.uasset" 1279
"D:/LobinhoTheGame/UE5_LobinhoTheGame/Content/PN_interactiveSpruceForest/Materials/MaterialInstances/half/low/spruce_half_03_low_MA.uexp" 1280
"D:/LobinhoTheGame/UE5_LobinhoTheGame/Content/PN_interactiveSpruceForest/Materials/MaterialInstances/half/low/spruce_half_03_low_leaf.uasset" 1281
"D:/LobinhoTheGame/UE5_LobinhoTheGame/Content/PN_interactiveSpruceForest/Materials/MaterialInstances/half/low/spruce_half_03_low_leaf.uexp" 1282
"D:/LobinhoTheGame/UE5_LobinhoTheGame/Content/PN_interactiveSpruceForest/Materials/MaterialInstances/half/low/spruce_half_03_low_trunk.uasset" 1283
"D:/LobinhoTheGame/UE5_LobinhoTheGame/Content/PN_interactiveSpruceForest/Materials/MaterialInstances/half/low/spruce_half_03_low_trunk.uexp" 1284
"D:/LobinhoTheGame/UE5_LobinhoTheGame/Content/PN_interactiveSpruceForest/Materials/MaterialInstances/half/low/spruce_half_03_low_branch.uasset" 1285
"D:/LobinhoTheGame/UE5_LobinhoTheGame/Content/PN_interactiveSpruceForest/Materials/MaterialInstances/half/low/spruce_half_03_low_branch.uexp" 1286
"D:/LobinhoTheGame/UE5_LobinhoTheGame/Content/PN_interactiveSpruceForest/Meshes/half/low/spruce_half_03_low.ubulk" 1287
"D:/LobinhoTheGame/UE5_LobinhoTheGame/Content/PN_interactiveSpruceForest/Meshes/half/low/spruce_half_03_low.uasset" 1288
"D:/LobinhoTheGame/UE5_LobinhoTheGame/Content/PN_interactiveSpruceForest/Meshes/half/low/spruce_half_03_low.uexp" 1289
"D:/LobinhoTheGame/UE5_LobinhoTheGame/Content/Maps/LVL_Lobinho.uexp" 1290
"D:/LobinhoTheGame/UE5_LobinhoTheGame/Content/Maps/LVL_Lobinho.ubulk" 1291
"D:/LobinhoTheGame/UE5_LobinhoTheGame/Content/Maps/LVL_Lobinho.umap" 1292
"D:/LobinhoTheGame/UE5_LobinhoTheGame/Content/SFX/Music1.ubulk" 1293
"D:/LobinhoTheGame/UE5_LobinhoTheGame/Content/SFX/Music1.uasset" 1294
"D:/LobinhoTheGame/UE5_LobinhoTheGame/Content/SFX/Music1.uexp" 1295
"D:/LobinhoTheGame/UE5_LobinhoTheGame/Content/UI/Menus/MainMenu.uasset" 1296
"D:/LobinhoTheGame/UE5_LobinhoTheGame/Content/UI/Menus/MainMenu.uexp" 1297
"D:/LobinhoTheGame/UE5_LobinhoTheGame/Content/AnimalVarietyPack/Wolf/Animations/ANIM_Wolf_Rest.uasset" 1298
"D:/LobinhoTheGame/UE5_LobinhoTheGame/Content/AnimalVarietyPack/Wolf/Animations/ANIM_Wolf_Rest.uexp" 1299
"D:/LobinhoTheGame/UE5_LobinhoTheGame/Content/Maps/LVL_Menu.uexp" 1300
"D:/LobinhoTheGame/UE5_LobinhoTheGame/Content/Maps/LVL_Menu.ubulk" 1301
"D:/LobinhoTheGame/UE5_LobinhoTheGame/Content/Maps/LVL_Menu.umap" 1302
"../../../Engine/Content/Maps/Entry_BuiltData.uasset" 1303
"../../../Engine/Content/Maps/Entry_BuiltData.uexp" 1304
"../../../Engine/Content/Maps/Entry.uexp" 1305
"../../../Engine/Content/Maps/Entry.umap" 1306
