"D:/LobinhoTheGame/UE5_LobinhoTheGame/LobinhoTheGame.uproject" 1
"../../../Engine/Plugins/AudioGameplayVolume/AudioGameplayVolume.uplugin" 2
"../../../Engine/Plugins/XGEController/XGEController.uplugin" 3
"../../../Engine/Plugins/Animation/AnimationLocomotionLibrary/AnimationLocomotionLibrary.uplugin" 4
"../../../Engine/Plugins/AudioGameplay/AudioGameplay.uplugin" 5
"../../../Engine/Plugins/Animation/AnimationWarping/AnimationWarping.uplugin" 6
"../../../Engine/Plugins/Animation/GameplayInsights/GameplayInsights.uplugin" 7
"../../../Engine/Plugins/MeshPainting/MeshPainting.uplugin" 8
"../../../Engine/Plugins/EnhancedInput/EnhancedInput.uplugin" 9
"../../../Engine/Plugins/Animation/IKRig/IKRig.uplugin" 10
"../../../Engine/Plugins/Developer/CLionSourceCodeAccess/CLionSourceCodeAccess.uplugin" 11
"../../../Engine/Plugins/Developer/NullSourceCodeAccess/NullSourceCodeAccess.uplugin" 12
"../../../Engine/Plugins/Animation/BlendSpaceMotionAnalysis/BlendSpaceMotionAnalysis.uplugin" 13
"../../../Engine/Plugins/Developer/KDevelopSourceCodeAccess/KDevelopSourceCodeAccess.uplugin" 14
"../../../Engine/Plugins/BlueprintFileUtils/BlueprintFileUtils.uplugin" 15
"../../../Engine/Plugins/Developer/BlankPlugin/BlankPlugin.uplugin" 16
"../../../Engine/Plugins/Animation/MotionWarping/MotionWarping.uplugin" 17
"../../../Engine/Plugins/Developer/PlasticSourceControl/PlasticSourceControl.uplugin" 18
"../../../Engine/Plugins/Developer/RenderDocPlugin/RenderDocPlugin.uplugin" 19
"../../../Engine/Plugins/Developer/AnimationSharing/AnimationSharing.uplugin" 20
"../../../Engine/Plugins/Developer/RiderSourceCodeAccess/RiderSourceCodeAccess.uplugin" 21
"../../../Engine/Plugins/LightWeightInstancesEditor/LightWeightInstancesEditor.uplugin" 22
"../../../Engine/Plugins/Developer/SubversionSourceControl/SubversionSourceControl.uplugin" 23
"../../../Engine/Plugins/ScriptPlugin/ScriptPlugin.uplugin" 24
"../../../Engine/Plugins/Developer/TextureFormatOodle/TextureFormatOodle.uplugin" 25
"../../../Engine/Plugins/TraceUtilities/TraceUtilities.uplugin" 26
"../../../Engine/Plugins/Developer/VisualStudioCodeSourceCodeAccess/VisualStudioCodeSourceCodeAccess.uplugin" 27
"../../../Engine/Plugins/Bridge/Bridge.uplugin" 28
"../../../Engine/Plugins/Developer/UObjectPlugin/UObjectPlugin.uplugin" 29
"../../../Engine/Plugins/Developer/VisualStudioSourceCodeAccess/VisualStudioSourceCodeAccess.uplugin" 30
"../../../Engine/Plugins/Animation/AnimationModifierLibrary/AnimationModifierLibrary.uplugin" 31
"../../../Engine/Plugins/Animation/LiveLinkCurveDebugUI/LiveLinkCurveDebugUI.uplugin" 32
"../../../Engine/Plugins/Developer/XcodeGPUDebuggerPlugin/XcodeGPUDebuggerPlugin.uplugin" 33
"../../../Engine/Plugins/JsonBlueprintUtilities/JsonBlueprintUtilities.uplugin" 34
"../../../Engine/Plugins/Importers/AlembicImporter/AlembicImporter.uplugin" 35
"../../../Engine/Plugins/Animation/RigLogic/RigLogic.uplugin" 36
"../../../Engine/Plugins/Developer/XCodeSourceCodeAccess/XCodeSourceCodeAccess.uplugin" 37
"../../../Engine/Plugins/FastBuildController/FastBuildController.uplugin" 38
"../../../Engine/Plugins/Interchange/Runtime/Interchange.uplugin" 39
"../../../Engine/Plugins/VirtualProduction/CameraCalibrationCore/CameraCalibrationCore.uplugin" 40
"../../../Engine/Plugins/Interchange/Editor/InterchangeEditor.uplugin" 41
"../../../Engine/Plugins/Developer/PropertyAccessNode/PropertyAccessNode.uplugin" 42
"../../../Engine/Plugins/Developer/DumpGPUServices/DumpGPUServices.uplugin" 43
"../../../Engine/Plugins/Animation/ControlRig/ControlRig.uplugin" 44
"../../../Engine/Plugins/Developer/PixWinPlugin/PixWinPlugin.uplugin" 45
"../../../Engine/Plugins/VirtualProduction/DataCharts/DataCharts.uplugin" 46
"../../../Engine/Plugins/Animation/AnimToTexture/AnimToTexture.uplugin" 47
"../../../Engine/Plugins/VirtualProduction/CompositePlane/CompositePlane.uplugin" 48
"../../../Engine/Plugins/VirtualProduction/ICVFX/ICVFX.uplugin" 49
"../../../Engine/Plugins/VirtualProduction/LiveLinkCamera/LiveLinkCamera.uplugin" 50
"../../../Engine/Plugins/VirtualProduction/LevelSnapshots/LevelSnapshots.uplugin" 51
"../../../Engine/Plugins/Animation/DeformerGraph/DeformerGraph.uplugin" 52
"../../../Engine/Plugins/VirtualProduction/MultiUserTakes/MultiUserTakes.uplugin" 53
"../../../Engine/Plugins/Developer/TraceDataFiltering/TraceDataFilters.uplugin" 54
"../../../Engine/Plugins/Animation/ControlRigSpline/ControlRigSpline.uplugin" 55
"../../../Engine/Plugins/VirtualProduction/SequencerPlaylists/SequencerPlaylists.uplugin" 56
"../../../Engine/Plugins/Developer/GitSourceControl/GitSourceControl.uplugin" 57
"../../../Engine/Plugins/Importers/USDMultiUser/USDMultiUser.uplugin" 58
"../../../Engine/Plugins/VirtualProduction/LiveLinkXR/LiveLinkXR.uplugin" 59
"../../../Engine/Plugins/VirtualProduction/LiveLinkLens/LiveLinkLens.uplugin" 60
"../../../Engine/Plugins/VirtualProduction/RemoteControlProtocolDMX/RemoteControlProtocolDMX.uplugin" 61
"../../../Engine/Plugins/VirtualProduction/Switchboard/Switchboard.uplugin" 62
"../../../Engine/Plugins/VirtualProduction/RemoteControlProtocolMIDI/RemoteControlProtocolMIDI.uplugin" 63
"../../../Engine/Plugins/Importers/AlembicHairImporter/AlembicHairImporter.uplugin" 64
"../../../Engine/Plugins/VirtualProduction/LiveLinkFreeD/LiveLinkFreeD.uplugin" 65
"../../../Engine/Plugins/Slate/SlateInsights/SlateInsights.uplugin" 66
"../../../Engine/Plugins/RenderGraphInsights/RenderGraphInsights.uplugin" 67
"../../../Engine/Plugins/VirtualProduction/RemoteControl/RemoteControl.uplugin" 68
"../../../Engine/Plugins/Developer/CodeLiteSourceCodeAccess/CodeLiteSourceCodeAccess.uplugin" 69
"../../../Engine/Plugins/Marketplace/InstaDeform/InstaDeform.uplugin" 70
"../../../Engine/Plugins/Developer/TraceSourceFiltering/TraceSourceFilters.uplugin" 71
"../../../Engine/Plugins/Editor/AssetRegistryExport/AssetRegistryExport.uplugin" 72
"../../../Engine/Plugins/Editor/AssetReferenceRestrictions/AssetReferenceRestrictions.uplugin" 73
"../../../Engine/Plugins/Editor/AssetManagerEditor/AssetManagerEditor.uplugin" 74
"../../../Engine/Plugins/Importers/USDImporter/USDImporter.uplugin" 75
"../../../Engine/Plugins/VirtualProduction/TimedDataMonitor/TimedDataMonitor.uplugin" 76
"../../../Engine/Plugins/Developer/OneSkyLocalizationService/OneSkyLocalizationService.uplugin" 77
"../../../Engine/Plugins/Editor/ConsoleVariablesEditor/ConsoleVariables.uplugin" 78
"../../../Engine/Plugins/VirtualProduction/LiveLinkMasterLockit/LiveLinkMasterLockit.uplugin" 79
"../../../Engine/Plugins/VirtualProduction/RemoteControlProtocolOSC/RemoteControlProtocolOSC.uplugin" 80
"../../../Engine/Plugins/VirtualProduction/StageMonitoring/StageMonitoring.uplugin" 81
"../../../Engine/Plugins/Editor/CryptoKeys/CryptoKeys.uplugin" 82
"../../../Engine/Plugins/Performance/PerformanceMonitor/PerformanceMonitor.uplugin" 83
"../../../Engine/Plugins/VirtualProduction/TextureShare/TextureShare.uplugin" 84
"../../../Engine/Plugins/Editor/EditorScriptingUtilities/EditorScriptingUtilities.uplugin" 85
"../../../Engine/Plugins/VirtualProduction/Takes/Takes.uplugin" 86
"../../../Engine/Plugins/Editor/DisplayClusterLaunch/DisplayClusterLaunch.uplugin" 87
"../../../Engine/Plugins/Editor/MaterialAnalyzer/MaterialAnalyzer.uplugin" 88
"../../../Engine/Plugins/Animation/LiveLink/LiveLink.uplugin" 89
"../../../Engine/Plugins/Editor/GameplayTagsEditor/GameplayTagsEditor.uplugin" 90
"../../../Engine/Plugins/Editor/MacGraphicsSwitching/MacGraphicsSwitching.uplugin" 91
"../../../Engine/Plugins/Editor/MakeCookedEditorAsDLC/MakeCookedEditorAsDLC.uplugin" 92
"../../../Engine/Plugins/Editor/GuidedTutorials/GuidedTutorials.uplugin" 93
"../../../Engine/Plugins/Editor/MobileLauncherProfileWizard/MobileLauncherProfileWizard.uplugin" 94
"../../../Engine/Plugins/Editor/GeometryMode/GeometryMode.uplugin" 95
"../../../Engine/Plugins/Editor/SequencerAnimTools/SequencerAnimTools.uplugin" 96
"../../../Engine/Plugins/VirtualProduction/RemoteControlInterception/RemoteControlInterception.uplugin" 97
"../../../Engine/Plugins/Editor/StylusInput/StylusInput.uplugin" 98
"../../../Engine/Plugins/VirtualProduction/RemoteControlWebInterface/RemoteControlWebInterface.uplugin" 99
"../../../Engine/Plugins/Editor/WaveformEditor/WaveformEditor.uplugin" 100
"../../../Engine/Plugins/VirtualProduction/CameraCalibration/CameraCalibration.uplugin" 101
"../../../Engine/Plugins/Editor/PluginBrowser/PluginBrowser.uplugin" 102
"../../../Engine/Plugins/Slate/SlateScripting/SlateScripting.uplugin" 103
"../../../Engine/Plugins/Editor/WorldPartitionHLODUtilities/WorldPartitionHLODUtilities.uplugin" 104
"../../../Engine/Plugins/Editor/BlueprintHeaderView/BlueprintHeaderView.uplugin" 105
"../../../Engine/Plugins/Experimental/ActorPalette/ActorPalette.uplugin" 106
"../../../Engine/Plugins/VirtualProduction/EpicStageApp/EpicStageApp.uplugin" 107
"../../../Engine/Plugins/Experimental/AppleVision/AppleVision.uplugin" 108
"../../../Engine/Plugins/Editor/CurveEditorTools/CurveEditorTools.uplugin" 109
"../../../Engine/Plugins/Experimental/AssetPlacementEdMode/AssetPlacementEdMode.uplugin" 110
"../../../Engine/Plugins/Experimental/AutomationUtils/AutomationUtils.uplugin" 111
"../../../Engine/Plugins/VirtualProduction/LiveLinkPrestonMDR/LiveLinkPrestonMDR.uplugin" 112
"../../../Engine/Plugins/Experimental/BackChannel/BackChannel.uplugin" 113
"../../../Engine/Plugins/Editor/AssetSearch/AssetSearch.uplugin" 114
"../../../Engine/Plugins/Experimental/ChaosNiagara/ChaosNiagara.uplugin" 115
"../../../Engine/Plugins/Experimental/ChaosSolverPlugin/ChaosSolverPlugin.uplugin" 116
"../../../Engine/Plugins/Developer/PerforceSourceControl/PerforceSourceControl.uplugin" 117
"../../../Engine/Plugins/Editor/SpeedTreeImporter/SpeedTreeImporter.uplugin" 118
"../../../Engine/Plugins/VirtualProduction/LiveLinkVRPN/LiveLinkVRPN.uplugin" 119
"../../../Engine/Plugins/Editor/BlueprintMaterialTextureNodes/BlueprintMaterialTextureNodes.uplugin" 120
"../../../Engine/Plugins/Experimental/CharacterAI/CharacterAI.uplugin" 121
"../../../Engine/Plugins/Experimental/ChaosVehiclesPlugin/ChaosVehiclesPlugin.uplugin" 122
"../../../Engine/Plugins/Editor/GLTFImporter/GLTFImporter.uplugin" 123
"../../../Engine/Plugins/Experimental/CodeEditor/CodeEditor.uplugin" 124
"../../../Engine/Plugins/Compositing/Composure/Composure.uplugin" 125
"../../../Engine/Plugins/Compositing/OpenColorIO/OpenColorIO.uplugin" 126
"../../../Engine/Plugins/Editor/DataValidation/DataValidation.uplugin" 127
"../../../Engine/Plugins/Experimental/ColorCorrectRegions/ColorCorrectRegions.uplugin" 128
"../../../Engine/Plugins/Experimental/AbilitySystemGameFeatureActions/AbilitySystemGameFeatureActions.uplugin" 129
"../../../Engine/Plugins/Experimental/CodeView/CodeView.uplugin" 130
"../../../Engine/Plugins/Experimental/DataInterface/DataInterface.uplugin" 131
"../../../Engine/Plugins/Editor/FacialAnimation/FacialAnimation.uplugin" 132
"../../../Engine/Plugins/Experimental/DataInterfaceGraph/DataInterfaceGraph.uplugin" 133
"../../../Engine/Plugins/Editor/EditorDebugTools/EditorDebugTools.uplugin" 134
"../../../Engine/Plugins/Experimental/DefaultInstallBundleManager/DefaultInstallBundleManager.uplugin" 135
"../../../Engine/Plugins/Experimental/FullBodyIK/FullBodyIK.uplugin" 136
"../../../Engine/Plugins/Experimental/ExampleAssetEditor/ExampleAssetEditor.uplugin" 137
"../../../Engine/Plugins/Experimental/BlueprintSnapNodes/BlueprintSnapNodes.uplugin" 138
"../../../Engine/Plugins/Experimental/GameFeatures/GameFeatures.uplugin" 139
"../../../Engine/Plugins/Experimental/ChaosCloth/ChaosCloth.uplugin" 140
"../../../Engine/Plugins/Experimental/FieldSystemPlugin/FieldSystemPlugin.uplugin" 141
"../../../Engine/Plugins/Experimental/BlueprintStats/BlueprintStats.uplugin" 142
"../../../Engine/Plugins/Experimental/GeometryCollectionPlugin/GeometryCollectionPlugin.uplugin" 143
"../../../Engine/Plugins/Experimental/ChaosEditor/ChaosEditor.uplugin" 144
"../../../Engine/Plugins/Editor/ModelingToolsEditorMode/ModelingToolsEditorMode.uplugin" 145
"../../../Engine/Plugins/Experimental/Chooser/Chooser.uplugin" 146
"../../../Engine/Plugins/Experimental/ChaosUserDataPT/ChaosUserDataPT.uplugin" 147
"../../../Engine/Plugins/Experimental/GizmoFramework/GizmoFramework.uplugin" 148
"../../../Engine/Plugins/Experimental/CommonConversation/CommonConversation.uplugin" 149
"../../../Engine/Plugins/Experimental/HairModelingToolset/HairModelingToolset.uplugin" 150
"../../../Engine/Plugins/Experimental/JWT/JWT.uplugin" 151
"../../../Engine/Plugins/Experimental/ImagePlate/ImagePlate.uplugin" 152
"../../../Engine/Plugins/Experimental/ImpostorBaker/ImpostorBaker.uplugin" 153
"../../../Engine/Plugins/Experimental/LiveLinkFaceImporter/LiveLinkFaceImporter.uplugin" 154
"../../../Engine/Plugins/Experimental/ControlFlows/ControlFlows.uplugin" 155
"../../../Engine/Plugins/Experimental/MeshModelingToolsetExp/MeshModelingToolsetExp.uplugin" 156
"../../../Engine/Plugins/Experimental/Landmass/Landmass.uplugin" 157
"../../../Engine/Plugins/Experimental/CommonUI/CommonUI.uplugin" 158
"../../../Engine/Plugins/Experimental/LandscapePatch/LandscapePatch.uplugin" 159
"../../../Engine/Plugins/Experimental/MotorSimOutputMotoSynth/MotorSimOutputMotoSynth.uplugin" 160
"../../../Engine/Plugins/Experimental/Mutable/Mutable.uplugin" 161
"../../../Engine/Plugins/Experimental/GameplayBehaviors/GameplayBehaviors.uplugin" 162
"../../../Engine/Plugins/Experimental/NaniteDisplacedMesh/NaniteDisplacedMesh.uplugin" 163
"../../../Engine/Plugins/Experimental/ChaosClothEditor/ChaosClothEditor.uplugin" 164
"../../../Engine/Plugins/Experimental/GeometryCacheAbcFile/GeometryCacheAbcFile.uplugin" 165
"../../../Engine/Plugins/Experimental/MotoSynth/MotoSynth.uplugin" 166
"../../../Engine/Plugins/Experimental/PanoramicCapture/PanoramicCapture.uplugin" 167
"../../../Engine/Plugins/Experimental/OptiXDenoise/OptiXDenoise.uplugin" 168
"../../../Engine/Plugins/Experimental/PhysicsControl/PhysicsControl.uplugin" 169
"../../../Engine/Plugins/Experimental/NNI/NeuralNetworkInference.uplugin" 170
"../../../Engine/Plugins/Compositing/LensDistortion/LensDistortion.uplugin" 171
"../../../Engine/Plugins/Experimental/PlanarCutPlugin/PlanarCut.uplugin" 172
"../../../Engine/Plugins/Experimental/GeometryScripting/GeometryScripting.uplugin" 173
"../../../Engine/Plugins/Experimental/PCG/PCG.uplugin" 174
"../../../Engine/Plugins/Experimental/CinematicPrestreaming/CinematicPrestreaming.uplugin" 175
"../../../Engine/Plugins/Experimental/PythonFoundationPackages/PythonFoundationPackages.uplugin" 176
"../../../Engine/Plugins/Developer/PluginUtils/PluginUtils.uplugin" 177
"../../../Engine/Plugins/Experimental/RawInput/RawInput.uplugin" 178
"../../../Engine/Plugins/Experimental/RenderGrid/RenderGrid.uplugin" 179
"../../../Engine/Plugins/Experimental/Dataflow/Dataflow.uplugin" 180
"../../../Engine/Plugins/Experimental/LiveLinkControlRig/LiveLinkControlRig.uplugin" 181
"../../../Engine/Plugins/Experimental/SampleToolsEditorMode/SampleToolsEditorMode.uplugin" 182
"../../../Engine/Plugins/Experimental/Shotgrid/Shotgrid.uplugin" 183
"../../../Engine/Plugins/Experimental/SimpleHMD/SimpleHMD.uplugin" 184
"../../../Engine/Plugins/Experimental/ModularGameplay/ModularGameplay.uplugin" 185
"../../../Engine/Plugins/Experimental/ScreenReader/ScreenReader.uplugin" 186
"../../../Engine/Plugins/Experimental/SkeletalReduction/SkeletalReduction.uplugin" 187
"../../../Engine/Plugins/Experimental/GizmoEdMode/GizmoEdMode.uplugin" 188
"../../../Engine/Plugins/Experimental/Text3D/Text3D.uplugin" 189
"../../../Engine/Plugins/Experimental/GeometryFlow/GeometryFlow.uplugin" 190
"../../../Engine/Plugins/Experimental/UIFramework/UIFramework.uplugin" 191
"../../../Engine/Plugins/Experimental/PlatformCrypto/PlatformCrypto.uplugin" 192
"../../../Engine/Plugins/Experimental/VirtualCamera/VirtualCamera.uplugin" 193
"../../../Engine/Plugins/Experimental/VirtualScouting/VirtualScouting.uplugin" 194
"../../../Engine/Plugins/Experimental/ProxyLODPlugin/ProxyLODPlugin.uplugin" 195
"../../../Engine/Plugins/Experimental/WidgetEditorToolPalette/WidgetEditorToolPalette.uplugin" 196
"../../../Engine/Plugins/Experimental/VirtualProductionUtilities/VirtualProductionUtilities.uplugin" 197
"../../../Engine/Plugins/Compositing/OpenCVLensDistortion/OpenCVLensDistortion.uplugin" 198
"../../../Engine/Plugins/Experimental/Volumetrics/Volumetrics.uplugin" 199
"../../../Engine/Plugins/Experimental/RemoteSession/RemoteSession.uplugin" 200
"../../../Engine/Plugins/Experimental/WaveFunctionCollapse/WaveFunctionCollapse.uplugin" 201
"../../../Engine/Plugins/Experimental/GPULightmass/GPULightmass.uplugin" 202
"../../../Engine/Plugins/Online/OnlineServicesEOS/OnlineServicesEOS.uplugin" 203
"../../../Engine/Plugins/Experimental/SlateScreenReader/SlateScreenReader.uplugin" 204
"../../../Engine/Plugins/Online/OnlineServicesOSSAdapter/OnlineServicesOSSAdapter.uplugin" 205
"../../../Engine/Plugins/Experimental/ChaosCaching/ChaosCaching.uplugin" 206
"../../../Engine/Plugins/Experimental/StaticMeshEditorModeling/StaticMeshEditorModeling.uplugin" 207
"../../../Engine/Plugins/Online/OnlineSubsystemApple/OnlineSubsystemApple.uplugin" 208
"../../../Engine/Plugins/Experimental/StructUtils/StructUtils.uplugin" 209
"../../../Engine/Plugins/Online/OnlineSubsystemFacebook/OnlineSubsystemFacebook.uplugin" 210
"../../../Engine/Plugins/Experimental/WaterExtras/WaterExtras.uplugin" 211
"../../../Engine/Plugins/Online/OnlineServices/OnlineServices.uplugin" 212
"../../../Engine/Plugins/Experimental/Water/Water.uplugin" 213
"../../../Engine/Plugins/Experimental/TextToSpeech/TextToSpeech.uplugin" 214
"../../../Engine/Plugins/Experimental/Iris/Iris.uplugin" 215
"../../../Engine/Plugins/Online/OnlineFramework/OnlineFramework.uplugin" 216
"../../../Engine/Plugins/Experimental/OpenImageDenoise/OpenImageDenoise.uplugin" 217
"../../../Engine/Plugins/Web/HttpBlueprint/HttpBlueprint.uplugin" 218
"../../../Engine/Plugins/Experimental/Gauntlet/Gauntlet.uplugin" 219
"../../../Engine/Plugins/Tests/EditorTests/EditorTests.uplugin" 220
"../../../Engine/Plugins/Online/OnlineSubsystemSteam/OnlineSubsystemSteam.uplugin" 221
"../../../Engine/Plugins/Online/OnlineServicesEOSGS/OnlineServicesEOSGS.uplugin" 222
"../../../Engine/Plugins/Experimental/WebSocketNetworking/WebSocketNetworking.uplugin" 223
"../../../Engine/Plugins/Online/OnlineSubsystemNull/OnlineSubsystemNull.uplugin" 224
"../../../Engine/Plugins/Online/OnlineSubsystemTencent/OnlineSubsystemTencent.uplugin" 225
"../../../Engine/Plugins/Tests/FbxAutomationTestBuilder/FbxAutomationTestBuilder.uplugin" 226
"../../../Engine/Plugins/Tests/AutomationDriverTests/AutomationDriverTests.uplugin" 227
"../../../Engine/Plugins/Tests/RHITests/RHITests.uplugin" 228
"../../../Engine/Plugins/NetcodeUnitTest/NetcodeUnitTest/NetcodeUnitTest.uplugin" 229
"../../../Engine/Plugins/Tests/TestSamples/TestSamples.uplugin" 230
"../../../Engine/Plugins/Online/OnlineSubsystemGoogle/OnlineSubsystemGoogle.uplugin" 231
"../../../Engine/Plugins/Online/OnlineSubsystemAmazon/OnlineSubsystemAmazon.uplugin" 232
"../../../Engine/Plugins/Online/OnlineSubsystemOculus/OnlineSubsystemOculus.uplugin" 233
"../../../Engine/Plugins/Experimental/UVEditor/UVEditor.uplugin" 234
"../../../Engine/Plugins/Cameras/GameplayCameras/GameplayCameras.uplugin" 235
"../../../Engine/Plugins/Online/OnlineBase/OnlineBase.uplugin" 236
"../../../Engine/Plugins/Online/OnlineServicesNull/OnlineServicesNull.uplugin" 237
"../../../Engine/Plugins/Online/OnlineSubsystemEOS/OnlineSubsystemEOS.uplugin" 238
"../../../Engine/Plugins/Compression/OodleNetwork/OodleNetwork.uplugin" 239
"../../../Engine/Plugins/MovieScene/MovieRenderPipeline/MovieRenderPipeline.uplugin" 240
"../../../Engine/Plugins/Experimental/PythonScriptPlugin/PythonScriptPlugin.uplugin" 241
"../../../Engine/Plugins/MovieScene/MoviePipelineMaskRenderPass/MoviePipelineMaskRenderPass.uplugin" 242
"../../../Engine/Plugins/MovieScene/TemplateSequence/TemplateSequence.uplugin" 243
"../../../Engine/Plugins/Tests/FunctionalTestingEditor/FunctionalTestingEditor.uplugin" 244
"../../../Engine/Plugins/Online/OnlineSubsystem/OnlineSubsystem.uplugin" 245
"../../../Engine/Plugins/Tests/PythonAutomationTest/PythonAutomationTest.uplugin" 246
"../../../Engine/Plugins/Media/AndroidMedia/AndroidMedia.uplugin" 247
"../../../Engine/Plugins/Online/SocketSubsystemEOS/SocketSubsystemEOS.uplugin" 248
"../../../Engine/Plugins/Experimental/VirtualHeightfieldMesh/VirtualHeightfieldMesh.uplugin" 249
"../../../Engine/Plugins/Media/BinkMedia/BinkMedia.uplugin" 250
"../../../Engine/Plugins/NetcodeUnitTest/NUTUnrealEngine/NUTUnrealEngine.uplugin" 251
"../../../Engine/Plugins/Media/ElectraPlayer/ElectraPlayer.uplugin" 252
"../../../Engine/Plugins/Tests/InterchangeTests/InterchangeTests.uplugin" 253
"../../../Engine/Plugins/Media/BlackmagicMedia/BlackmagicMedia.uplugin" 254
"../../../Engine/Plugins/Cameras/CameraShakePreviewer/CameraShakePreviewer.uplugin" 255
"../../../Engine/Plugins/MovieScene/ActorSequence/ActorSequence.uplugin" 256
"../../../Engine/Plugins/Media/HardwareEncoders/HardwareEncoders.uplugin" 257
"../../../Engine/Plugins/Media/ElectraSubtitles/ElectraSubtitles.uplugin" 258
"../../../Engine/Plugins/MovieScene/LevelSequenceEditor/LevelSequenceEditor.uplugin" 259
"../../../Engine/Plugins/Media/HLMedia/HLMedia.uplugin" 260
"../../../Engine/Plugins/Online/EOSShared/EOSShared.uplugin" 261
"../../../Engine/Plugins/Online/WebAuth/WebAuth.uplugin" 262
"../../../Engine/Plugins/Media/MediaCompositing/MediaCompositing.uplugin" 263
"../../../Engine/Plugins/Media/ElectraCDM/ElectraCDM.uplugin" 264
"../../../Engine/Plugins/Media/MediaPlate/MediaPlate.uplugin" 265
"../../../Engine/Plugins/MovieScene/SequencerScripting/SequencerScripting.uplugin" 266
"../../../Engine/Plugins/Media/AndroidCamera/AndroidCamera.uplugin" 267
"../../../Engine/Plugins/Media/AppleProResMedia/AppleProResMedia.uplugin" 268
"../../../Engine/Plugins/Media/AjaMedia/AjaMedia.uplugin" 269
"../../../Engine/Plugins/Media/PixelCapture/PixelCapture.uplugin" 270
"../../../Engine/Plugins/Media/PixelStreamingPlayer/PixelStreamingPlayer.uplugin" 271
"../../../Engine/Plugins/Media/LinearTimecode/LinearTimecode.uplugin" 272
"../../../Engine/Plugins/Media/MediaPlayerEditor/MediaPlayerEditor.uplugin" 273
"../../../Engine/Plugins/Media/WebMMedia/WebMMedia.uplugin" 274
"../../../Engine/Plugins/Media/AvidDNxMedia/AvidDNxMedia.uplugin" 275
"../../../Engine/Plugins/Portal/LauncherChunkInstaller/LauncherChunkInstaller.uplugin" 276
"../../../Engine/Plugins/Online/OnlineSubsystemUtils/OnlineSubsystemUtils.uplugin" 277
"../../../Engine/Plugins/Media/MfMedia/MfMedia.uplugin" 278
"../../../Engine/Plugins/Protocols/MQTT/MQTT.uplugin" 279
"../../../Engine/Plugins/Media/TimecodeSynchronizer/TimecodeSynchronizer.uplugin" 280
"../../../Engine/Plugins/Enterprise/DatasmithCADImporter/DatasmithCADImporter.uplugin" 281
"../../../Engine/Plugins/Media/MediaMovieStreamer/MediaMovieStreamer.uplugin" 282
"../../../Engine/Plugins/Enterprise/AxFImporter/AxFImporter.uplugin" 283
"../../../Engine/Plugins/Media/PixelStreaming/PixelStreaming.uplugin" 284
"../../../Engine/Plugins/MovieScene/CustomizableSequencerTracks/CustomizableSequencerTracks.uplugin" 285
"../../../Engine/Plugins/Enterprise/DatasmithGLTFImporter/DatasmithGLTFImporter.uplugin" 286
"../../../Engine/Plugins/Media/MediaIOFramework/MediaIOFramework.uplugin" 287
"../../../Engine/Plugins/Enterprise/GLTFExporter/GLTFExporter.uplugin" 288
"../../../Engine/Plugins/Media/HAPMedia/HAPMedia.uplugin" 289
"../../../Engine/Plugins/MovieScene/ReplayTracks/ReplayTracks.uplugin" 290
"../../../Engine/Plugins/Enterprise/VariantManager/VariantManager.uplugin" 291
"../../../Engine/Plugins/Tests/RuntimeTests/RuntimeTests.uplugin" 292
"../../../Engine/Plugins/Enterprise/VariantManagerContent/VariantManagerContent.uplugin" 293
"../../../Engine/Plugins/Media/MediaFrameworkUtilities/MediaFrameworkUtilities.uplugin" 294
"../../../Engine/Plugins/Enterprise/DatasmithImporter/DatasmithImporter.uplugin" 295
"../../../Engine/Plugins/Experimental/MeshLODToolset/MeshLODToolset.uplugin" 296
"../../../Engine/Plugins/Messaging/MessagingDebugger/MessagingDebugger.uplugin" 297
"../../../Engine/Plugins/Runtime/AndroidBackgroundService/AndroidBackgroundService.uplugin" 298
"../../../Engine/Plugins/Enterprise/DataprepEditor/DataprepEditor.uplugin" 299
"../../../Engine/Plugins/Runtime/ActorLayerUtilities/ActorLayerUtilities.uplugin" 300
"../../../Engine/Plugins/FX/Niagara/Niagara.uplugin" 301
"../../../Engine/Plugins/FX/NiagaraFluids/NiagaraFluids.uplugin" 302
"../../../Engine/Plugins/Media/ImgMedia/ImgMedia.uplugin" 303
"../../../Engine/Plugins/Messaging/UdpMessaging/UdpMessaging.uplugin" 304
"../../../Engine/Plugins/Enterprise/DatasmithC4DImporter/DatasmithC4DImporter.uplugin" 305
"../../../Engine/Plugins/Media/ElectraUtil/ElectraUtil.uplugin" 306
"../../../Engine/Plugins/Runtime/AnimationBudgetAllocator/AnimationBudgetAllocator.uplugin" 307
"../../../Engine/Plugins/Enterprise/DatasmithIFCImporter/DatasmithIFCImporter.uplugin" 308
"../../../Engine/Plugins/Runtime/AppleImageUtils/AppleImageUtils.uplugin" 309
"../../../Engine/Plugins/Enterprise/MDLImporter/MDLImporter.uplugin" 310
"../../../Engine/Plugins/Enterprise/LidarPointCloud/LidarPointCloud.uplugin" 311
"../../../Engine/Plugins/Runtime/AssetTags/AssetTags.uplugin" 312
"../../../Engine/Plugins/Runtime/ArchVisCharacter/ArchVisCharacter.uplugin" 313
"../../../Engine/Plugins/Enterprise/DatasmithContent/DatasmithContent.uplugin" 314
"../../../Engine/Plugins/Media/AudioCaptureTimecodeProvider/AudioCaptureTimecodeProvider.uplugin" 315
"../../../Engine/Plugins/Runtime/AudioMotorSim/AudioMotorSim.uplugin" 316
"../../../Engine/Plugins/FX/NiagaraSimCaching/NiagaraSimCaching.uplugin" 317
"../../../Engine/Plugins/Runtime/AudioSynesthesia/AudioSynesthesia.uplugin" 318
"../../../Engine/Plugins/Runtime/ChunkDownloader/ChunkDownloader.uplugin" 319
"../../../Engine/Plugins/Runtime/AudioWidgets/AudioWidgets.uplugin" 320
"../../../Engine/Plugins/Runtime/ExampleDeviceProfileSelector/ExampleDeviceProfileSelector.uplugin" 321
"../../../Engine/Plugins/Runtime/AndroidFileServer/AndroidFileServer.uplugin" 322
"../../../Engine/Plugins/Runtime/CustomMeshComponent/CustomMeshComponent.uplugin" 323
"../../../Engine/Plugins/Runtime/Firebase/Firebase.uplugin" 324
"../../../Engine/Plugins/Runtime/CableComponent/CableComponent.uplugin" 325
"../../../Engine/Plugins/Runtime/AndroidDeviceProfileSelector/AndroidDeviceProfileSelector.uplugin" 326
"../../../Engine/Plugins/Runtime/GameplayBehaviorSmartObjects/GameplayBehaviorSmartObjects.uplugin" 327
"../../../Engine/Plugins/Runtime/GameplayStateTree/GameplayStateTree.uplugin" 328
"../../../Engine/Plugins/Enterprise/DatasmithFBXImporter/DatasmithFBXImporter.uplugin" 329
"../../../Engine/Plugins/Runtime/GeometryCache/GeometryCache.uplugin" 330
"../../../Engine/Plugins/Runtime/ApexDestruction/ApexDestruction.uplugin" 331
"../../../Engine/Plugins/Runtime/GeoReferencing/GeoReferencing.uplugin" 332
"../../../Engine/Plugins/Runtime/AppleMoviePlayer/AppleMoviePlayer.uplugin" 333
"../../../Engine/Plugins/Runtime/GeometryProcessing/GeometryProcessing.uplugin" 334
"../../../Engine/Plugins/Runtime/HPMotionController/HPMotionController.uplugin" 335
"../../../Engine/Plugins/Runtime/AudioCapture/AudioCapture.uplugin" 336
"../../../Engine/Plugins/Runtime/HairStrands/HairStrands.uplugin" 337
"../../../Engine/Plugins/Runtime/InputDebugging/InputDebugging.uplugin" 338
"../../../Engine/Plugins/Messaging/TcpMessaging/TcpMessaging.uplugin" 339
"../../../Engine/Plugins/Runtime/HTTPChunkInstaller/HTTPChunkInstaller.uplugin" 340
"../../../Engine/Plugins/FX/CascadeToNiagaraConverter/CascadeToNiagaraConverter.uplugin" 341
"../../../Engine/Plugins/Runtime/LinuxDeviceProfileSelector/LinuxDeviceProfileSelector.uplugin" 342
"../../../Engine/Plugins/Runtime/LiveLinkOvernDisplay/LiveLinkOverNDisplay.uplugin" 343
"../../../Engine/Plugins/Runtime/LocationServicesIOSImpl/LocationServicesIOSImpl.uplugin" 344
"../../../Engine/Plugins/Runtime/GoogleCloudMessaging/GoogleCloudMessaging.uplugin" 345
"../../../Engine/Plugins/Runtime/MassEntity/MassEntity.uplugin" 346
"../../../Engine/Plugins/Runtime/GooglePAD/GooglePAD.uplugin" 347
"../../../Engine/Plugins/Runtime/Metasound/Metasound.uplugin" 348
"../../../Engine/Plugins/Runtime/NavCorridor/NavCorridor.uplugin" 349
"../../../Engine/Plugins/Runtime/MobileFSR/MobileFSR.uplugin" 350
"../../../Engine/Plugins/Media/AvfMedia/AvfMedia.uplugin" 351
"../../../Engine/Plugins/Runtime/HDRIBackdrop/HDRIBackdrop.uplugin" 352
"../../../Engine/Plugins/Runtime/MicrosoftSpatialAudio/MicroSoftSpatialSound.uplugin" 353
"../../../Engine/Plugins/Runtime/GameplayAbilities/GameplayAbilities.uplugin" 354
"../../../Engine/Plugins/Runtime/ModelViewViewModel/ModelViewViewModel.uplugin" 355
"../../../Engine/Plugins/Runtime/MixedRealityCaptureFramework/MixedRealityCaptureFramework.uplugin" 356
"../../../Engine/Plugins/Runtime/AudioModulation/AudioModulation.uplugin" 357
"../../../Engine/Plugins/Runtime/nDisplayModularFeatures/nDisplayModularFeatures.uplugin" 358
"../../../Engine/Plugins/Runtime/IOSDeviceProfileSelector/IOSDeviceProfileSelector.uplugin" 359
"../../../Engine/Plugins/Runtime/NetworkPrediction/NetworkPrediction.uplugin" 360
"../../../Engine/Plugins/Runtime/NetworkPredictionExtras/NetworkPredictionExtras.uplugin" 361
"../../../Engine/Plugins/Runtime/GameplayInteractions/GameplayInteractions.uplugin" 362
"../../../Engine/Plugins/Runtime/NetworkPredictionInsights/NetworkPredictionInsights.uplugin" 363
"../../../Engine/Plugins/Runtime/OpenXRMsftHandInteraction/OpenXRMsftHandInteraction.uplugin" 364
"../../../Engine/Plugins/Runtime/LocationServicesBPLibrary/LocationServicesBPLibrary.uplugin" 365
"../../../Engine/Plugins/Runtime/OpenXR/OpenXR.uplugin" 366
"../../../Engine/Plugins/Runtime/AndroidMoviePlayer/AndroidMoviePlayer.uplugin" 367
"../../../Engine/Plugins/Runtime/PreLoadScreenMoviePlayer/PreLoadScreenMoviePlayer.uplugin" 368
"../../../Engine/Plugins/Runtime/OSCModulationMixing/OSCModulationMixing.uplugin" 369
"../../../Engine/Plugins/Runtime/MIDIDevice/MIDIDevice.uplugin" 370
"../../../Engine/Plugins/Runtime/ReplicationGraph/ReplicationGraph.uplugin" 371
"../../../Engine/Plugins/Runtime/OpenXREyeTracker/OpenXREyeTracker.uplugin" 372
"../../../Engine/Plugins/Runtime/LocationServicesAndroidImpl/LocationServicesAndroidImpl.uplugin" 373
"../../../Engine/Plugins/Runtime/PropertyAccess/PropertyAccessEditor.uplugin" 374
"../../../Engine/Plugins/Runtime/SignificanceManager/SignificanceManager.uplugin" 375
"../../../Engine/Plugins/Runtime/MobilePatchingUtils/MobilePatchingUtils.uplugin" 376
"../../../Engine/Plugins/Runtime/ResonanceAudio/ResonanceAudio.uplugin" 377
"../../../Engine/Plugins/Runtime/OptionalMobileFeaturesBPLibrary/OptionalMobileFeaturesBPLibrary.uplugin" 378
"../../../Engine/Plugins/Runtime/SoundCueTemplates/SoundCueTemplates.uplugin" 379
"../../../Engine/Plugins/FX/ExampleCustomDataInterface/ExampleCustomDataInterface.uplugin" 380
"../../../Engine/Plugins/Runtime/ReplicationSystemTestPlugin/ReplicationSystemTestPlugin.uplugin" 381
"../../../Engine/Plugins/Runtime/SoundFields/SoundFields.uplugin" 382
"../../../Engine/Plugins/Runtime/Soundscape/Soundscape.uplugin" 383
"../../../Engine/Plugins/Runtime/nDisplay/nDisplay.uplugin" 384
"../../../Engine/Plugins/Runtime/OpenCV/OpenCV.uplugin" 385
"../../../Engine/Plugins/Runtime/SoundUtilities/SoundUtilities.uplugin" 386
"../../../Engine/Plugins/Runtime/SunPosition/SunPosition.uplugin" 387
"../../../Engine/Plugins/Runtime/WarpUtils/WarpUtils.uplugin" 388
"../../../Engine/Plugins/Runtime/WebBrowserWidget/WebBrowserWidget.uplugin" 389
"../../../Engine/Plugins/Runtime/ProceduralMeshComponent/ProceduralMeshComponent.uplugin" 390
"../../../Engine/Plugins/Runtime/DataRegistry/DataRegistry.uplugin" 391
"../../../Engine/Plugins/Runtime/WaveTable/WaveTable.uplugin" 392
"../../../Engine/Plugins/Media/WmfMedia/WmfMedia.uplugin" 393
"../../../Engine/Plugins/Runtime/Synthesis/Synthesis.uplugin" 394
"../../../Engine/Plugins/Runtime/WindowsMoviePlayer/WindowsMoviePlayer.uplugin" 395
"../../../Engine/Plugins/Runtime/OpenXRHandTracking/OpenXRHandTracking.uplugin" 396
"../../../Engine/Plugins/Runtime/ZoneGraph/ZoneGraph.uplugin" 397
"../../../Engine/Plugins/Runtime/WindowsDeviceProfileSelector/WindowsDeviceProfileSelector.uplugin" 398
"../../../Engine/Plugins/Runtime/StateTree/StateTree.uplugin" 399
"../../../Engine/Plugins/AI/MLAdapter/MLAdapter.uplugin" 400
"../../../Engine/Plugins/Runtime/IOSReplayKit/IOSReplayKit.uplugin" 401
"../../../Engine/Plugins/2D/Paper2D/Paper2D.uplugin" 402
"../../../Engine/Plugins/Runtime/ComputeFramework/ComputeFramework.uplugin" 403
"../../../Engine/Plugins/AI/AISupport/AISupport.uplugin" 404
"../../../Engine/Plugins/AI/EnvironmentQueryEditor/EnvironmentQueryEditor.uplugin" 405
"../../../Engine/Plugins/VirtualProduction/DMX/DMXDisplayCluster/DMXDisplayCluster.uplugin" 406
"../../../Engine/Plugins/Runtime/SmartObjects/SmartObjects.uplugin" 407
"../../../Engine/Plugins/VirtualProduction/DMX/DMXPixelMapping/DMXPixelMapping.uplugin" 408
"../../../Engine/Plugins/Editor/ObjectMixer/ObjectMixer/ObjectMixer.uplugin" 409
"../../../Engine/Plugins/Runtime/RenderTrace/RenderTrace.uplugin" 410
"../../../Engine/Plugins/Runtime/AndroidPermission/AndroidPermission.uplugin" 411
"../../../Engine/Plugins/VirtualProduction/DMX/DMXModularFeatures/DMXModularFeatures.uplugin" 412
"../../../Engine/Plugins/Runtime/WebBrowserNativeProxy/WebBrowserNativeProxy.uplugin" 413
"../../../Engine/Plugins/Experimental/Web/WebAPI/WebAPI.uplugin" 414
"../../../Engine/Plugins/Runtime/WebMMoviePlayer/WebMMoviePlayer.uplugin" 415
"../../../Engine/Plugins/Editor/ContentBrowser/ContentBrowserFileDataSource/ContentBrowserFileDataSource.uplugin" 416
"../../../Engine/Plugins/Runtime/Database/ADOSupport/ADOSupport.uplugin" 417
"../../../Engine/Plugins/Runtime/Database/DatabaseSupport/DatabaseSupport.uplugin" 418
"../../../Engine/Plugins/Runtime/ZoneGraphAnnotations/ZoneGraphAnnotations.uplugin" 419
"../../../Engine/Plugins/Runtime/Database/RemoteDatabaseSupport/RemoteDatabaseSupport.uplugin" 420
"../../../Engine/Plugins/Runtime/SoundMod/SoundMod.uplugin" 421
"../../../Engine/Plugins/Editor/ContentBrowser/ContentBrowserAssetDataSource/ContentBrowserAssetDataSource.uplugin" 422
"../../../Engine/Plugins/AI/HTNPlanner/HTNPlanner.uplugin" 423
"../../../Engine/Plugins/Runtime/Database/SQLiteSupport/SQLiteSupport.uplugin" 424
"../../../Engine/Plugins/AI/MassCrowd/MassCrowd.uplugin" 425
"../../../Engine/Plugins/Runtime/PacketHandlers/AESHandlerComponent/AESHandlerComponent.uplugin" 426
"../../../Engine/Plugins/Runtime/SkeletalMerging/SkeletalMerging.uplugin" 427
"../../../Engine/Plugins/Runtime/PacketHandlers/AESGCMHandlerComponent/AESGCMHandlerComponent.uplugin" 428
"../../../Engine/Plugins/Runtime/Analytics/Adjust/Adjust.uplugin" 429
"../../../Engine/Plugins/VirtualProduction/DMX/DatasmithMVR/DatasmithMVR.uplugin" 430
"../../../Engine/Plugins/VirtualProduction/DMX/DMXEngine/DMXEngine.uplugin" 431
"../../../Engine/Plugins/Runtime/PacketHandlers/DTLSHandlerComponent/DTLSHandlerComponent.uplugin" 432
"../../../Engine/Plugins/Runtime/Windows/WinDualShock/WinDualShock.uplugin" 433
"../../../Engine/Plugins/Online/IOS/OnlineSubsystemIOS/OnlineSubsystemIOS.uplugin" 434
"../../../Engine/Plugins/Runtime/Analytics/Flurry/Flurry.uplugin" 435
"../../../Engine/Plugins/Runtime/OSC/OSC.uplugin" 436
"../../../Engine/Plugins/Editor/ObjectMixer/LightMixer/LightMixer.uplugin" 437
"../../../Engine/Plugins/VirtualProduction/DMX/DMXProtocol/DMXProtocol.uplugin" 438
"../../../Engine/Plugins/VirtualProduction/Rivermax/RivermaxCore/RivermaxCore.uplugin" 439
"../../../Engine/Plugins/Runtime/XR/XRVisualization/XRVisualization.uplugin" 440
"../../../Engine/Plugins/Experimental/VirtualProduction/LedWallCalibration/LedWallCalibration.uplugin" 441
"../../../Engine/Plugins/Animation/MLDeformer/NearestNeighborModel/NearestNeighborModel.uplugin" 442
"../../../Engine/Plugins/Runtime/Database/SQLiteCore/SQLiteCore.uplugin" 443
"../../../Engine/Plugins/Runtime/Oculus/OculusAudio/OculusAudio.uplugin" 444
"../../../Engine/Plugins/Editor/ContentBrowser/ContentBrowserClassDataSource/ContentBrowserClassDataSource.uplugin" 445
"../../../Engine/Plugins/Editor/ContentBrowser/ContentBrowserAliasDataSoure/ContentBrowserAliasDataSource.uplugin" 446
"../../../Engine/Plugins/Runtime/AR/ARUtilities/ARUtilities.uplugin" 447
"../../../Engine/Plugins/Runtime/Analytics/AnalyticsMulticast/AnalyticsMulticast.uplugin" 448
"../../../Engine/Plugins/Experimental/Enterprise/DataprepGeometryOperations/DataprepGeometryOperations.uplugin" 449
"../../../Engine/Plugins/AI/MassAI/MassAI.uplugin" 450
"../../../Engine/Plugins/Animation/MLDeformer/VertexDeltaModel/VertexDeltaModel.uplugin" 451
"../../../Engine/Plugins/Runtime/Oculus/OculusVR/OculusVR.uplugin" 452
"../../../Engine/Plugins/Runtime/Steam/SteamSockets/SteamSockets.uplugin" 453
"../../../Engine/Plugins/Runtime/Analytics/FileLogging/FileLogging.uplugin" 454
"../../../Engine/Plugins/VirtualProduction/DMX/DMXFixtures/DMXFixtures.uplugin" 455
"../../../Engine/Plugins/Experimental/AR/PointCloud/PointCloud.uplugin" 456
"../../../Engine/Plugins/Runtime/Steam/SteamShared/SteamShared.uplugin" 457
"../../../Engine/Plugins/Runtime/AR/AzureSpatialAnchors/AzureSpatialAnchors.uplugin" 458
"../../../Engine/Plugins/Runtime/MeshReconstruction/DummyMeshReconstructor/DummyMeshReconstructor.uplugin" 459
"../../../Engine/Plugins/Online/VoiceChat/VoiceChat/VoiceChat.uplugin" 460
"../../../Engine/Plugins/Runtime/MeshModelingToolset/MeshModelingToolset.uplugin" 461
"../../../Engine/Plugins/Runtime/AR/AzureSpatialAnchorsForARKit/AzureSpatialAnchorsForARKit.uplugin" 462
"../../../Engine/Plugins/Experimental/Animation/ContextualAnimation/ContextualAnimation.uplugin" 463
"../../../Engine/Plugins/Runtime/Spatialization/Spatialization.uplugin" 464
"../../../Engine/Plugins/Experimental/Animation/PoseSearch/PoseSearch.uplugin" 465
"../../../Engine/Plugins/Animation/MLDeformer/MLDeformerFramework/MLDeformerFramework.uplugin" 466
"../../../Engine/Plugins/Experimental/Animation/SkeletalMeshModelingTools/SkeletalMeshModelingTools.uplugin" 467
"../../../Engine/Plugins/Runtime/Analytics/AnalyticsBlueprintLibrary/AnalyticsBlueprintLibrary.uplugin" 468
"../../../Engine/Plugins/Developer/Concert/ConcertMain/ConcertMain.uplugin" 469
"../../../Engine/Plugins/Runtime/Advertising/IOSTapJoy/IOSTapJoy.uplugin" 470
"../../../Engine/Plugins/Runtime/Nvidia/Reflex/Reflex.uplugin" 471
"../../../Engine/Plugins/Online/Android/OnlineSubsystemGooglePlay/OnlineSubsystemGooglePlay.uplugin" 472
"../../../Engine/Plugins/Developer/Concert/ConcertSync/ConcertSyncCore/ConcertSyncCore.uplugin" 473
"../../../Engine/Plugins/Runtime/MassGameplay/MassGameplay.uplugin" 474
"../../../Engine/Plugins/Developer/Concert/ConcertSync/ConcertSyncClient/ConcertSyncClient.uplugin" 475
"../../../Engine/Plugins/Runtime/Steam/SteamAudio/SteamAudio.uplugin" 476
"../../../Engine/Plugins/Developer/Concert/ConcertSync/ConcertSyncServer/ConcertSyncServer.uplugin" 477
"../../../Engine/Plugins/Runtime/Steam/SteamController/SteamController.uplugin" 478
"../../../Engine/Plugins/Developer/Concert/ConcertSync/ConcertSyncTest/ConcertSyncTest.uplugin" 479
"../../../Engine/Plugins/Experimental/Animation/CurveExpression/CurveExpression.uplugin" 480
"../../../Engine/Plugins/Runtime/AR/Google/GoogleARCore/GoogleARCore.uplugin" 481
"../../../Engine/Plugins/VirtualProduction/Rivermax/RivermaxMedia/RivermaxMedia.uplugin" 482
"../../../Engine/Plugins/Runtime/AR/Google/GoogleARCoreServices/GoogleARCoreServices.uplugin" 483
"../../../Engine/Plugins/Experimental/Animation/MotionTrajectory/MotionTrajectory.uplugin" 484
"../../../Engine/Plugins/Developer/Concert/ConcertUI/ConcertClientSharedSlate/ConcertClientSharedSlate.uplugin" 485
"../../../Engine/Plugins/Online/VoiceChat/EOSVoiceChat/EOSVoiceChat.uplugin" 486
"../../../Engine/Plugins/Developer/Concert/ConcertApp/DisasterRecoveryClient/DisasterRecoveryClient.uplugin" 487
"../../../Engine/Plugins/Runtime/AR/AppleAR/AppleARKitFaceSupport/AppleARKitFaceSupport.uplugin" 488
"../../../Engine/Plugins/Runtime/Steam/SteamVR/SteamVR.uplugin" 489
"../../../Engine/Plugins/Runtime/AR/AppleAR/AppleARKit/AppleARKit.uplugin" 490
"../../../Engine/Plugins/Online/Android/AndroidFetchBackgroundDownload/AndroidFetchBackgroundDownload.uplugin" 491
"../../../Engine/Plugins/Experimental/Enterprise/DatasmithInterchange/DatasmithInterchange.uplugin" 492
"../../../Engine/Plugins/Experimental/Enterprise/DatasmithRuntime/DatasmithRuntime.uplugin" 493
"../../../Engine/Plugins/Animation/MLDeformer/NeuralMorphModel/NeuralMorphModel.uplugin" 494
"../../../Engine/Plugins/Runtime/Nvidia/GeForceNOWWrapper/GeForceNOWWrapper.uplugin" 495
"../../../Engine/Plugins/Runtime/AR/AzureSpatialAnchorsForARCore/AzureSpatialAnchorsForARCore.uplugin" 496
"../../../Engine/Plugins/Developer/Concert/ConcertApp/MultiUserClient/MultiUserClient.uplugin" 497
"../../../Engine/Plugins/Experimental/Animation/Optimus/Optimus.uplugin" 498
"../../../Engine/Plugins/Developer/Concert/ConcertApp/MultiUserServer/MultiUserServer.uplugin" 499
"../../../Engine/Plugins/Developer/Concert/ConcertUI/ConcertSharedSlate/ConcertSharedSlate.uplugin" 500
"../../../Engine/Platforms/HoloLens/Plugins/Online/OnlineServicesEOS/OnlineServicesEOS_HoloLens.uplugin" 501
"../../../Engine/Platforms/HoloLens/Plugins/Media/BinkMedia/BinkMedia_HoloLens.uplugin" 502
"../../../Engine/Platforms/HoloLens/Plugins/Runtime/OpenXRHandTracking/OpenXRHandTracking_HoloLens.uplugin" 503
"../../../Engine/Platforms/HoloLens/Plugins/Media/MfMedia/MfMedia_HoloLens.uplugin" 504
"../../../Engine/Platforms/HoloLens/Plugins/Media/HLMedia/HLMedia_HoloLens.uplugin" 505
"../../../Engine/Platforms/HoloLens/Plugins/Runtime/OpenXR/OpenXR_HoloLens.uplugin" 506
"../../../Engine/Platforms/HoloLens/Plugins/Runtime/GeoReferencing/GeoReferencing_HoloLens.uplugin" 507
"../../../Engine/Platforms/HoloLens/Plugins/Runtime/OpenXRMsftHandInteraction/OpenXRMsftHandInteraction_HoloLens.uplugin" 508
"../../../Engine/Platforms/HoloLens/Plugins/Compression/OodleNetwork/OodleNetwork_HoloLens.uplugin" 509
"../../../Engine/Platforms/HoloLens/Plugins/Online/OnlineServicesEOSGS/OnlineServicesEOSGS_HoloLens.uplugin" 510
"../../../Engine/Platforms/HoloLens/Plugins/Runtime/ApexDestruction/ApexDestruction_HoloLens.uplugin" 511
"../../../Engine/Platforms/HoloLens/Plugins/Runtime/AR/AzureSpatialAnchors/AzureSpatialAnchors_HoloLens.uplugin" 512
"../../../Engine/Platforms/HoloLens/Plugins/Runtime/OpenXREyeTracker/OpenXREyeTracker_HoloLens.uplugin" 513
"../../../Engine/Platforms/HoloLens/Plugins/Runtime/MicrosoftSpatialAudio/MicroSoftSpatialSound_HoloLens.uplugin" 514
"../../../Engine/Content/Internationalization/icudt64l/cnvalias.icu" 515
"../../../Engine/Content/Internationalization/icudt64l/res_index.res" 516
"../../../Engine/Content/Internationalization/icudt64l/plurals.res" 517
"../../../Engine/Content/Internationalization/icudt64l/lang/pt.res" 518
"../../../Engine/Content/Internationalization/icudt64l/lang/pool.res" 519
"../../../Engine/Content/Internationalization/icudt64l/lang/root.res" 520
"../../../Engine/Content/Internationalization/icudt64l/region/pt.res" 521
"../../../Engine/Content/Internationalization/icudt64l/region/pool.res" 522
"../../../Engine/Content/Internationalization/icudt64l/region/root.res" 523
"../../../Engine/Content/Internationalization/icudt64l/lang/en.res" 524
"../../../Engine/Content/Internationalization/icudt64l/region/en.res" 525
"../../../Engine/Content/Internationalization/icudt64l/windowsZones.res" 526
"../../../Engine/Content/Internationalization/icudt64l/zoneinfo64.res" 527
"../../../Engine/Content/Internationalization/icudt64l/keyTypeData.res" 528
"../../../Engine/Content/Internationalization/icudt64l/timezoneTypes.res" 529
"../../../Engine/Content/Internationalization/icudt64l/likelySubtags.res" 530
"../../../Engine/Content/Internationalization/icudt64l/pt_BR.res" 531
"../../../Engine/Content/Internationalization/icudt64l/pool.res" 532
"../../../Engine/Content/Internationalization/icudt64l/pt.res" 533
"../../../Engine/Content/Internationalization/icudt64l/root.res" 534
"../../../Engine/Content/Internationalization/icudt64l/supplementalData.res" 535
"../../../Engine/Config/ConfigRedirects.ini" 536
"C:/Users/Neri/AppData/Local/UnrealEngine/5.1/Saved/Config/WindowsEditor/Manifest.ini" 537
"../../../Engine/Config/Base.ini" 538
"../../../Engine/Config/BaseEngine.ini" 539
"../../../Engine/Config/IOS/BaseIOSEngine.ini" 540
"D:/LobinhoTheGame/UE5_LobinhoTheGame/Config/DefaultEngine.ini" 541
"../../../Engine/Config/HoloLens/HoloLensEngine.ini" 542
"../../../Engine/Config/IOS/IOSEngine.ini" 543
"../../../Engine/Config/Windows/BaseWindowsEngine.ini" 544
"D:/LobinhoTheGame/UE5_LobinhoTheGame/Platforms/HoloLens/Config/HoloLensEngine.ini" 545
"../../../Engine/Config/Unix/UnixEngine.ini" 546
"C:/Users/Neri/AppData/Local/Unreal Engine/Engine/Config/UserEngine.ini" 547
"../../../Engine/Config/Windows/WindowsEngine.ini" 548
"../../../Engine/Config/Android/BaseAndroidEngine.ini" 549
"../../../Engine/Config/Mac/BaseMacEngine.ini" 550
"../../../Engine/Config/Linux/BaseLinuxEngine.ini" 551
"../../../Engine/Config/Android/AndroidEngine.ini" 552
"../../../Engine/Config/TVOS/TVOSEngine.ini" 553
"../../../Engine/Config/LinuxArm64/LinuxArm64Engine.ini" 554
"../../../Engine/Config/Mac/MacEngine.ini" 555
"../../../Engine/Config/BaseGame.ini" 556
"../../../Engine/Config/Linux/LinuxEngine.ini" 557
"D:/LobinhoTheGame/UE5_LobinhoTheGame/Saved/Config/WindowsEditor/Engine.ini" 558
"../../../Engine/Config/IOS/BaseIOSGame.ini" 559
"D:/LobinhoTheGame/UE5_LobinhoTheGame/Config/DefaultGame.ini" 560
"../../../Engine/Config/IOS/IOSGame.ini" 561
"../../../Engine/Config/HoloLens/HoloLensGame.ini" 562
"../../../Engine/Config/BaseInput.ini" 563
"../../../Engine/Config/Android/BaseAndroidGame.ini" 564
"../../../Engine/Config/Windows/WindowsGame.ini" 565
"../../../Engine/Config/Mac/MacGame.ini" 566
"D:/LobinhoTheGame/UE5_LobinhoTheGame/Config/DefaultInput.ini" 567
"D:/LobinhoTheGame/UE5_LobinhoTheGame/Saved/Config/WindowsEditor/Game.ini" 568
"../../../Engine/Config/Linux/LinuxGame.ini" 569
"../../../Engine/Config/BaseDeviceProfiles.ini" 570
"D:/LobinhoTheGame/UE5_LobinhoTheGame/Saved/Config/WindowsEditor/Input.ini" 571
"../../../Engine/Config/BaseGameUserSettings.ini" 572
"../../../Engine/Config/BaseScalability.ini" 573
"../../../Engine/Config/IOS/IOSScalability.ini" 574
"../../../Engine/Config/Android/AndroidScalability.ini" 575
"../../../Engine/Config/BaseRuntimeOptions.ini" 576
"D:/LobinhoTheGame/UE5_LobinhoTheGame/Saved/Config/WindowsEditor/DeviceProfiles.ini" 577
"../../../Engine/Config/BaseInstallBundle.ini" 578
"../../../Engine/Config/BaseHardware.ini" 579
"D:/LobinhoTheGame/UE5_LobinhoTheGame/Saved/Config/WindowsEditor/GameUserSettings.ini" 580
"D:/LobinhoTheGame/UE5_LobinhoTheGame/Saved/Config/WindowsEditor/Scalability.ini" 581
"D:/LobinhoTheGame/UE5_LobinhoTheGame/Saved/Config/WindowsEditor/RuntimeOptions.ini" 582
"D:/LobinhoTheGame/UE5_LobinhoTheGame/Saved/Config/WindowsEditor/Hardware.ini" 583
"../../../Engine/Config/BaseCompat.ini" 584
"D:/LobinhoTheGame/UE5_LobinhoTheGame/Saved/Config/WindowsEditor/Compat.ini" 585
"../../../Engine/Config/BaseLightmass.ini" 586
"D:/LobinhoTheGame/UE5_LobinhoTheGame/Saved/Config/WindowsEditor/Lightmass.ini" 587
"../../../Engine/Config/BaseEditor.ini" 588
"D:/LobinhoTheGame/UE5_LobinhoTheGame/Config/DefaultEditor.ini" 589
"D:/LobinhoTheGame/UE5_LobinhoTheGame/Saved/Config/WindowsEditor/Editor.ini" 590
"../../../Engine/Config/BaseEditorPerProjectUserSettings.ini" 591
"../../../Engine/Config/Windows/WindowsEditorPerProjectUserSettings.ini" 592
"D:/LobinhoTheGame/UE5_LobinhoTheGame/Saved/Config/WindowsEditor/EditorPerProjectUserSettings.ini" 593
"../../../Engine/Config/BaseEditorSettings.ini" 594
"C:/Users/Neri/AppData/Local/UnrealEngine/5.1/Saved/Config/WindowsEditor/EditorSettings.ini" 595
"../../../Engine/Config/BaseEditorKeyBindings.ini" 596
"C:/Users/Neri/AppData/Local/UnrealEngine/5.1/Saved/Config/WindowsEditor/EditorKeyBindings.ini" 597
"C:/Users/Neri/AppData/Local/UnrealEngine/5.1/Saved/Config/WindowsEditor/EditorLayout.ini" 598
"../../../Engine/Binaries/Win64/BootstrapPackagedGame-Win64-Shipping.target" 599
"../../../Engine/Binaries/Win64/BuildPatchTool-Win64-Shipping.target" 600
"../../../Engine/Binaries/Win64/CrashReportClient-Win64-Shipping.target" 601
"../../../Engine/Binaries/Win64/CrashReportClientEditor-Win64-Shipping.target" 602
"../../../Engine/Binaries/Win64/DatasmithCADWorker.target" 603
"../../../Engine/Binaries/Win64/EpicWebHelper.target" 604
"../../../Engine/Binaries/Win64/LiveCodingConsole.target" 605
"../../../Engine/Binaries/Win64/ShaderCompileWorker.target" 606
"../../../Engine/Binaries/Win64/SwitchboardListener.target" 607
"../../../Engine/Binaries/Win64/UnrealEditor-Win64-DebugGame.target" 608
"../../../Engine/Binaries/Win64/UnrealEditor.target" 609
"../../../Engine/Plugins/EnhancedInput/Config/BaseEnhancedInput.ini" 610
"D:/LobinhoTheGame/UE5_LobinhoTheGame/Saved/Config/WindowsEditor/EnhancedInput.ini" 611
"../../../Engine/Plugins/Animation/ControlRig/Config/BaseControlRig.ini" 612
"D:/LobinhoTheGame/UE5_LobinhoTheGame/Saved/Config/WindowsEditor/ControlRig.ini" 613
"../../../Engine/Plugins/Animation/IKRig/Config/BaseIKRig.ini" 614
"../../../Engine/Plugins/Developer/TraceDataFiltering/Config/BaseTraceDataFilters.ini" 615
"D:/LobinhoTheGame/UE5_LobinhoTheGame/Saved/Config/WindowsEditor/TraceDataFilters.ini" 616
"../../../Engine/Plugins/Interchange/Runtime/Config/BaseInterchange.ini" 617
"D:/LobinhoTheGame/UE5_LobinhoTheGame/Saved/Config/WindowsEditor/Interchange.ini" 618
"../../../Engine/Plugins/Interchange/Runtime/Config/Game.ini" 619
"../../../Engine/Plugins/Editor/EditorScriptingUtilities/Config/BaseEditorScriptingUtilities.ini" 620
"D:/LobinhoTheGame/UE5_LobinhoTheGame/Saved/Config/WindowsEditor/EditorScriptingUtilities.ini" 621
"../../../Engine/Plugins/Experimental/FullBodyIK/Config/BaseFullBodyIK.ini" 622
"D:/LobinhoTheGame/UE5_LobinhoTheGame/Saved/Config/WindowsEditor/FullBodyIK.ini" 623
"../../../Engine/Plugins/Enterprise/GLTFExporter/Config/BaseGLTFExporter.ini" 624
"../../../Engine/Plugins/Enterprise/GLTFExporter/Config/DefaultGLTFExporter.ini" 625
"D:/LobinhoTheGame/UE5_LobinhoTheGame/Saved/Config/WindowsEditor/GLTFExporter.ini" 626
"../../../Engine/Plugins/Enterprise/VariantManagerContent/Config/BaseVariantManagerContent.ini" 627
"D:/LobinhoTheGame/UE5_LobinhoTheGame/Saved/Config/WindowsEditor/VariantManagerContent.ini" 628
"../../../Engine/Plugins/Enterprise/DatasmithContent/Config/BaseDatasmithContent.ini" 629
"D:/LobinhoTheGame/UE5_LobinhoTheGame/Saved/Config/WindowsEditor/DatasmithContent.ini" 630
"../../../Engine/Plugins/FX/Niagara/Config/BaseNiagara.ini" 631
"D:/LobinhoTheGame/UE5_LobinhoTheGame/Saved/Config/WindowsEditor/Niagara.ini" 632
"../../../Engine/Plugins/Runtime/Metasound/Config/BaseMetasound.ini" 633
"D:/LobinhoTheGame/UE5_LobinhoTheGame/Saved/Config/WindowsEditor/Metasound.ini" 634
"../../../Engine/Plugins/Runtime/Synthesis/Config/BaseSynthesis.ini" 635
"D:/LobinhoTheGame/UE5_LobinhoTheGame/Saved/Config/WindowsEditor/Synthesis.ini" 636
"../../../Engine/Plugins/2D/Paper2D/Config/BasePaper2D.ini" 637
"D:/LobinhoTheGame/UE5_LobinhoTheGame/Saved/Config/WindowsEditor/Paper2D.ini" 638
"../../../Engine/Plugins/Editor/ModelingToolsEditorMode/Binaries/Win64/UnrealEditor.modules" 639
"../../../Engine/Plugins/Runtime/MeshModelingToolset/Binaries/Win64/UnrealEditor.modules" 640
"../../../Engine/Plugins/Experimental/MeshModelingToolsetExp/Binaries/Win64/UnrealEditor.modules" 641
"../../../Engine/Plugins/Experimental/MeshLODToolset/Binaries/Win64/UnrealEditor.modules" 642
"../../../Engine/Plugins/Editor/StylusInput/Binaries/Win64/UnrealEditor.modules" 643
"../../../Engine/Plugins/Runtime/GeometryProcessing/Binaries/Win64/UnrealEditor.modules" 644
"../../../Engine/Plugins/Experimental/ProxyLODPlugin/Binaries/Win64/UnrealEditor.modules" 645
"../../../Engine/Plugins/Experimental/GeometryFlow/Binaries/Win64/UnrealEditor.modules" 646
"../../../Engine/Plugins/Editor/EditorScriptingUtilities/Binaries/Win64/UnrealEditor.modules" 647
"../../../Engine/Plugins/FastBuildController/Binaries/Win64/UnrealEditor.modules" 648
"../../../Engine/Plugins/EnhancedInput/Binaries/Win64/UnrealEditor.modules" 649
"../../../Engine/Plugins/TraceUtilities/Binaries/Win64/UnrealEditor.modules" 650
"../../../Engine/Plugins/XGEController/Binaries/Win64/UnrealEditor.modules" 651
"../../../Engine/Plugins/MeshPainting/Binaries/Win64/UnrealEditor.modules" 652
"../../../Engine/Plugins/Interchange/Editor/Binaries/Win64/UnrealEditor.modules" 653
"../../../Engine/Plugins/Interchange/Runtime/Binaries/Win64/UnrealEditor.modules" 654
"../../../Engine/Plugins/Editor/GLTFImporter/Binaries/Win64/UnrealEditor.modules" 655
"../../../Engine/Plugins/Enterprise/VariantManagerContent/Binaries/Win64/UnrealEditor.modules" 656
"../../../Engine/Plugins/Enterprise/VariantManager/Binaries/Win64/UnrealEditor.modules" 657
"../../../Engine/Plugins/Bridge/Binaries/Win64/UnrealEditor.modules" 658
"../../../Engine/Plugins/Animation/AnimationModifierLibrary/Binaries/Win64/UnrealEditor.modules" 659
"../../../Engine/Plugins/Animation/ControlRig/Binaries/Win64/UnrealEditor.modules" 660
"../../../Engine/Plugins/Experimental/PythonScriptPlugin/Binaries/Win64/UnrealEditor.modules" 661
"../../../Engine/Plugins/MovieScene/LevelSequenceEditor/Binaries/Win64/UnrealEditor.modules" 662
"../../../Engine/Plugins/Runtime/PropertyAccess/Binaries/Win64/UnrealEditor.modules" 663
"../../../Engine/Plugins/MovieScene/SequencerScripting/Binaries/Win64/UnrealEditor.modules" 664
"../../../Engine/Plugins/Editor/ContentBrowser/ContentBrowserFileDataSource/Binaries/Win64/UnrealEditor.modules" 665
"../../../Engine/Plugins/Developer/AnimationSharing/Binaries/Win64/UnrealEditor.modules" 666
"../../../Engine/Plugins/Runtime/SignificanceManager/Binaries/Win64/UnrealEditor.modules" 667
"../../../Engine/Plugins/Animation/BlendSpaceMotionAnalysis/Binaries/Win64/UnrealEditor.modules" 668
"../../../Engine/Plugins/Animation/IKRig/Binaries/Win64/UnrealEditor.modules" 669
"../../../Engine/Plugins/Experimental/FullBodyIK/Binaries/Win64/UnrealEditor.modules" 670
"../../../Engine/Plugins/Developer/CLionSourceCodeAccess/Binaries/Win64/UnrealEditor.modules" 671
"../../../Engine/Plugins/Developer/GitSourceControl/Binaries/Win64/UnrealEditor.modules" 672
"../../../Engine/Plugins/Developer/PlasticSourceControl/Binaries/Win64/UnrealEditor.modules" 673
"../../../Engine/Plugins/Developer/PropertyAccessNode/Binaries/Win64/UnrealEditor.modules" 674
"../../../Engine/Plugins/Developer/RiderSourceCodeAccess/Binaries/Win64/UnrealEditor.modules" 675
"../../../Engine/Plugins/Developer/PixWinPlugin/Binaries/Win64/UnrealEditor.modules" 676
"../../../Engine/Plugins/Developer/SubversionSourceControl/Binaries/Win64/UnrealEditor.modules" 677
"../../../Engine/Plugins/Developer/TextureFormatOodle/Binaries/Win64/UnrealEditor.modules" 678
"../../../Engine/Plugins/Developer/TraceDataFiltering/Binaries/Win64/UnrealEditor.modules" 679
"../../../Engine/Plugins/Developer/VisualStudioCodeSourceCodeAccess/Binaries/Win64/UnrealEditor.modules" 680
"../../../Engine/Plugins/Developer/UObjectPlugin/Binaries/Win64/UnrealEditor.modules" 681
"../../../Engine/Plugins/Developer/VisualStudioSourceCodeAccess/Binaries/Win64/UnrealEditor.modules" 682
"../../../Engine/Plugins/Importers/AlembicImporter/Binaries/Win64/UnrealEditor.modules" 683
"../../../Engine/Plugins/Runtime/GeometryCache/Binaries/Win64/UnrealEditor.modules" 684
"../../../Engine/Plugins/FX/Niagara/Binaries/Win64/UnrealEditor.modules" 685
"../../../Engine/Plugins/Animation/ControlRigSpline/Binaries/Win64/UnrealEditor.modules" 686
"../../../Engine/Plugins/Developer/DumpGPUServices/Binaries/Win64/UnrealEditor.modules" 687
"../../../Engine/Plugins/Developer/PluginUtils/Binaries/Win64/UnrealEditor.modules" 688
"../../../Engine/Plugins/Developer/PerforceSourceControl/Binaries/Win64/UnrealEditor.modules" 689
"../../../Engine/Plugins/Editor/AssetManagerEditor/Binaries/Win64/UnrealEditor.modules" 690
"../../../Engine/Plugins/Editor/BlueprintHeaderView/Binaries/Win64/UnrealEditor.modules" 691
"../../../Engine/Plugins/Editor/CurveEditorTools/Binaries/Win64/UnrealEditor.modules" 692
"../../../Engine/Plugins/Editor/CryptoKeys/Binaries/Win64/UnrealEditor.modules" 693
"../../../Engine/Plugins/Editor/EditorDebugTools/Binaries/Win64/UnrealEditor.modules" 694
"../../../Engine/Plugins/Editor/FacialAnimation/Binaries/Win64/UnrealEditor.modules" 695
"../../../Engine/Plugins/Editor/MaterialAnalyzer/Binaries/Win64/UnrealEditor.modules" 696
"../../../Engine/Plugins/Editor/GameplayTagsEditor/Binaries/Win64/UnrealEditor.modules" 697
"../../../Engine/Plugins/Editor/MobileLauncherProfileWizard/Binaries/Win64/UnrealEditor.modules" 698
"../../../Engine/Plugins/Editor/GeometryMode/Binaries/Win64/UnrealEditor.modules" 699
"../../../Engine/Plugins/Editor/SequencerAnimTools/Binaries/Win64/UnrealEditor.modules" 700
"../../../Engine/Plugins/Editor/SpeedTreeImporter/Binaries/Win64/UnrealEditor.modules" 701
"../../../Engine/Plugins/Editor/PluginBrowser/Binaries/Win64/UnrealEditor.modules" 702
"../../../Engine/Plugins/Editor/WorldPartitionHLODUtilities/Binaries/Win64/UnrealEditor.modules" 703
"../../../Engine/Plugins/Experimental/AutomationUtils/Binaries/Win64/UnrealEditor.modules" 704
"../../../Engine/Plugins/Experimental/BackChannel/Binaries/Win64/UnrealEditor.modules" 705
"../../../Engine/Plugins/Experimental/ChaosCloth/Binaries/Win64/UnrealEditor.modules" 706
"../../../Engine/Plugins/Experimental/ChaosCaching/Binaries/Win64/UnrealEditor.modules" 707
"../../../Engine/Plugins/VirtualProduction/Takes/Binaries/Win64/UnrealEditor.modules" 708
"../../../Engine/Plugins/Experimental/ChaosClothEditor/Binaries/Win64/UnrealEditor.modules" 709
"../../../Engine/Plugins/Experimental/ChaosEditor/Binaries/Win64/UnrealEditor.modules" 710
"../../../Engine/Plugins/Experimental/PlanarCutPlugin/Binaries/Win64/UnrealEditor.modules" 711
"../../../Engine/Plugins/Experimental/GeometryCollectionPlugin/Binaries/Win64/UnrealEditor.modules" 712
"../../../Engine/Plugins/Runtime/ProceduralMeshComponent/Binaries/Win64/UnrealEditor.modules" 713
"../../../Engine/Plugins/Experimental/ChaosSolverPlugin/Binaries/Win64/UnrealEditor.modules" 714
"../../../Engine/Plugins/Experimental/Dataflow/Binaries/Win64/UnrealEditor.modules" 715
"../../../Engine/Plugins/Experimental/ChaosNiagara/Binaries/Win64/UnrealEditor.modules" 716
"../../../Engine/Plugins/Experimental/CharacterAI/Binaries/Win64/UnrealEditor.modules" 717
"../../../Engine/Plugins/Experimental/ChaosUserDataPT/Binaries/Win64/UnrealEditor.modules" 718
"../../../Engine/Plugins/Editor/DataValidation/Binaries/Win64/UnrealEditor.modules" 719
"../../../Engine/Plugins/Experimental/OpenImageDenoise/Binaries/Win64/UnrealEditor.modules" 720
"../../../Engine/Plugins/Experimental/Iris/Binaries/Win64/UnrealEditor.modules" 721
"../../../Engine/Plugins/Experimental/PlatformCrypto/Binaries/Win64/UnrealEditor.modules" 722
"../../../Engine/Plugins/Experimental/SkeletalReduction/Binaries/Win64/UnrealEditor.modules" 723
"../../../Engine/Plugins/Experimental/UVEditor/Binaries/Win64/UnrealEditor.modules" 724
"../../../Engine/Plugins/Online/OnlineSubsystem/Binaries/Win64/UnrealEditor.modules" 725
"../../../Engine/Plugins/Online/OnlineBase/Binaries/Win64/UnrealEditor.modules" 726
"../../../Engine/Plugins/Online/OnlineSubsystemUtils/Binaries/Win64/UnrealEditor.modules" 727
"../../../Engine/Plugins/Online/OnlineServices/Binaries/Win64/UnrealEditor.modules" 728
"../../../Engine/Plugins/Compression/OodleNetwork/Binaries/Win64/UnrealEditor.modules" 729
"../../../Engine/Plugins/Online/OnlineSubsystemNull/Binaries/Win64/UnrealEditor.modules" 730
"../../../Engine/Plugins/Cameras/CameraShakePreviewer/Binaries/Win64/UnrealEditor.modules" 731
"../../../Engine/Plugins/Cameras/GameplayCameras/Binaries/Win64/UnrealEditor.modules" 732
"../../../Engine/Plugins/MovieScene/TemplateSequence/Binaries/Win64/UnrealEditor.modules" 733
"../../../Engine/Plugins/Tests/InterchangeTests/Binaries/Win64/UnrealEditor.modules" 734
"../../../Engine/Plugins/Media/AndroidMedia/Binaries/Win64/UnrealEditor.modules" 735
"../../../Engine/Plugins/Media/AvfMedia/Binaries/Win64/UnrealEditor.modules" 736
"../../../Engine/Plugins/MovieScene/ActorSequence/Binaries/Win64/UnrealEditor.modules" 737
"../../../Engine/Plugins/Media/ImgMedia/Binaries/Win64/UnrealEditor.modules" 738
"../../../Engine/Plugins/Media/MediaCompositing/Binaries/Win64/UnrealEditor.modules" 739
"../../../Engine/Plugins/Media/MediaPlate/Binaries/Win64/UnrealEditor.modules" 740
"../../../Engine/Plugins/Media/MediaPlayerEditor/Binaries/Win64/UnrealEditor.modules" 741
"../../../Engine/Plugins/Portal/LauncherChunkInstaller/Binaries/Win64/UnrealEditor.modules" 742
"../../../Engine/Plugins/Media/WmfMedia/Binaries/Win64/UnrealEditor.modules" 743
"../../../Engine/Plugins/Enterprise/GLTFExporter/Binaries/Win64/UnrealEditor.modules" 744
"../../../Engine/Plugins/Enterprise/DatasmithContent/Binaries/Win64/UnrealEditor.modules" 745
"../../../Engine/Plugins/Runtime/ActorLayerUtilities/Binaries/Win64/UnrealEditor.modules" 746
"../../../Engine/Plugins/Messaging/UdpMessaging/Binaries/Win64/UnrealEditor.modules" 747
"../../../Engine/Plugins/Messaging/TcpMessaging/Binaries/Win64/UnrealEditor.modules" 748
"../../../Engine/Plugins/Runtime/AndroidFileServer/Binaries/Win64/UnrealEditor.modules" 749
"../../../Engine/Plugins/Runtime/AndroidDeviceProfileSelector/Binaries/Win64/UnrealEditor.modules" 750
"../../../Engine/Plugins/Runtime/AndroidPermission/Binaries/Win64/UnrealEditor.modules" 751
"../../../Engine/Plugins/Runtime/AppleImageUtils/Binaries/Win64/UnrealEditor.modules" 752
"../../../Engine/Plugins/Runtime/AssetTags/Binaries/Win64/UnrealEditor.modules" 753
"../../../Engine/Plugins/Runtime/ArchVisCharacter/Binaries/Win64/UnrealEditor.modules" 754
"../../../Engine/Plugins/Runtime/AudioCapture/Binaries/Win64/UnrealEditor.modules" 755
"../../../Engine/Plugins/Runtime/ChunkDownloader/Binaries/Win64/UnrealEditor.modules" 756
"../../../Engine/Plugins/Runtime/ExampleDeviceProfileSelector/Binaries/Win64/UnrealEditor.modules" 757
"../../../Engine/Plugins/Runtime/CustomMeshComponent/Binaries/Win64/UnrealEditor.modules" 758
"../../../Engine/Plugins/Runtime/CableComponent/Binaries/Win64/UnrealEditor.modules" 759
"../../../Engine/Plugins/Runtime/InputDebugging/Binaries/Win64/UnrealEditor.modules" 760
"../../../Engine/Plugins/Runtime/LocationServicesBPLibrary/Binaries/Win64/UnrealEditor.modules" 761
"../../../Engine/Plugins/Runtime/GooglePAD/Binaries/Win64/UnrealEditor.modules" 762
"../../../Engine/Plugins/Runtime/Metasound/Binaries/Win64/UnrealEditor.modules" 763
"../../../Engine/Plugins/Runtime/AudioWidgets/Binaries/Win64/UnrealEditor.modules" 764
"../../../Engine/Plugins/Runtime/AudioSynesthesia/Binaries/Win64/UnrealEditor.modules" 765
"../../../Engine/Plugins/Runtime/WaveTable/Binaries/Win64/UnrealEditor.modules" 766
"../../../Engine/Plugins/Runtime/MobilePatchingUtils/Binaries/Win64/UnrealEditor.modules" 767
"../../../Engine/Plugins/Runtime/ResonanceAudio/Binaries/Win64/UnrealEditor.modules" 768
"../../../Engine/Plugins/Runtime/SoundFields/Binaries/Win64/UnrealEditor.modules" 769
"../../../Engine/Plugins/Runtime/WebMMoviePlayer/Binaries/Win64/UnrealEditor.modules" 770
"../../../Engine/Plugins/Media/WebMMedia/Binaries/Win64/UnrealEditor.modules" 771
"../../../Engine/Plugins/Runtime/Synthesis/Binaries/Win64/UnrealEditor.modules" 772
"../../../Engine/Plugins/Runtime/WindowsMoviePlayer/Binaries/Win64/UnrealEditor.modules" 773
"../../../Engine/Plugins/Runtime/WindowsDeviceProfileSelector/Binaries/Win64/UnrealEditor.modules" 774
"../../../Engine/Plugins/2D/Paper2D/Binaries/Win64/UnrealEditor.modules" 775
"../../../Engine/Plugins/AI/AISupport/Binaries/Win64/UnrealEditor.modules" 776
"../../../Engine/Plugins/AI/EnvironmentQueryEditor/Binaries/Win64/UnrealEditor.modules" 777
"../../../Engine/Plugins/Editor/ObjectMixer/ObjectMixer/Binaries/Win64/UnrealEditor.modules" 778
"../../../Engine/Plugins/Editor/ObjectMixer/LightMixer/Binaries/Win64/UnrealEditor.modules" 779
"../../../Engine/Plugins/Editor/ContentBrowser/ContentBrowserAssetDataSource/Binaries/Win64/UnrealEditor.modules" 780
"../../../Engine/Plugins/Editor/ContentBrowser/ContentBrowserClassDataSource/Binaries/Win64/UnrealEditor.modules" 781
"C:/Users/Neri/AppData/Local/UnrealEngine/5.1/Saved/Config/WindowsEditor/SourceControlSettings.ini" 782
"../../../Engine/Content/Certificates/ThirdParty/cacert.pem" 783
"../../../Engine/Config/ConsoleVariables.ini" 784
"../../../Engine/Binaries/Win64/Android/UnrealEditor.modules" 785
"../../../Engine/Binaries/Win64/IOS/UnrealEditor.modules" 786
"../../../Engine/Binaries/Win64/Linux/UnrealEditor.modules" 787
"../../../Engine/Binaries/Win64/LinuxArm64/UnrealEditor.modules" 788
"E:\MotorGr?fico\UE_5.1\Engine\Binaries\ThirdParty\ShaderConductor\Win64\dxcompiler.dll" 789
"E:\MotorGr?fico\UE_5.1\Engine\Binaries\ThirdParty\ShaderConductor\Win64\dxil.dll" 790
"E:\MotorGr?fico\UE_5.1\Engine\Binaries\ThirdParty\ShaderConductor\Win64\ShaderConductor.dll" 791
"../../../Engine/Content/Localization/Editor/en/Editor.locres" 792
"../../../Engine/Content/Localization/EditorTutorials/en/EditorTutorials.locres" 793
"../../../Engine/Content/Localization/Keywords/en/Keywords.locres" 794
"../../../Engine/Content/Localization/Category/en/Category.locres" 795
"../../../Engine/Content/Localization/ToolTips/en/ToolTips.locres" 796
"../../../Engine/Content/Localization/PropertyNames/en/PropertyNames.locres" 797
"../../../Engine/Content/Localization/Engine/en/Engine.locres" 798
"../../../Engine/Plugins/Online/OnlineSubsystem/Content/Localization/OnlineSubsystem/en/OnlineSubsystem.locres" 799
"../../../Engine/Plugins/Online/OnlineSubsystemUtils/Content/Localization/OnlineSubsystemUtils/en/OnlineSubsystemUtils.locres" 800
"../../../Engine/Plugins/Online/IOS/OnlineSubsystemIOS/Content/Localization/OnlineSubsystemIOS/en/OnlineSubsystemIOS.locres" 801
"../../../Engine/Plugins/Online/Android/OnlineSubsystemGooglePlay/Content/Localization/OnlineSubsystemGooglePlay/en/OnlineSubsystemGooglePlay.locres" 802
"../../../Engine/Content/Internationalization/icudt64l/en.res" 803
"../../../Engine/Content/Internationalization/icudt64l/numberingSystems.res" 804
"../../../Engine/Content/Internationalization/icudt64l/curr/en.res" 805
"../../../Engine/Content/Internationalization/icudt64l/curr/pool.res" 806
"../../../Engine/Content/Internationalization/icudt64l/curr/root.res" 807
"../../../Engine/Content/Internationalization/icudt64l/lang/af.res" 808
"../../../Engine/Content/Internationalization/icudt64l/region/af.res" 809
"../../../Engine/Content/Internationalization/icudt64l/lang/agq.res" 810
"../../../Engine/Content/Internationalization/icudt64l/region/agq.res" 811
"../../../Engine/Content/Internationalization/icudt64l/lang/ak.res" 812
"../../../Engine/Content/Internationalization/icudt64l/region/ak.res" 813
"../../../Engine/Content/Internationalization/icudt64l/lang/am.res" 814
"../../../Engine/Content/Internationalization/icudt64l/region/am.res" 815
"../../../Engine/Content/Internationalization/icudt64l/lang/ar.res" 816
"../../../Engine/Content/Internationalization/icudt64l/region/ar.res" 817
"../../../Engine/Content/Internationalization/icudt64l/region/ar_AE.res" 818
"../../../Engine/Content/Internationalization/icudt64l/lang/ar_EG.res" 819
"../../../Engine/Content/Internationalization/icudt64l/lang/ar_LY.res" 820
"../../../Engine/Content/Internationalization/icudt64l/region/ar_LY.res" 821
"../../../Engine/Content/Internationalization/icudt64l/lang/ar_SA.res" 822
"../../../Engine/Content/Internationalization/icudt64l/region/ar_SA.res" 823
"../../../Engine/Content/Internationalization/icudt64l/lang/as.res" 824
"../../../Engine/Content/Internationalization/icudt64l/region/as.res" 825
"../../../Engine/Content/Internationalization/icudt64l/lang/asa.res" 826
"../../../Engine/Content/Internationalization/icudt64l/region/asa.res" 827
"../../../Engine/Content/Internationalization/icudt64l/lang/ast.res" 828
"../../../Engine/Content/Internationalization/icudt64l/region/ast.res" 829
"../../../Engine/Content/Internationalization/icudt64l/lang/az.res" 830
"../../../Engine/Content/Internationalization/icudt64l/lang/az_Cyrl.res" 831
"../../../Engine/Content/Internationalization/icudt64l/lang/az_AZ.res" 832
"../../../Engine/Content/Internationalization/icudt64l/lang/az_Latn_AZ.res" 833
"../../../Engine/Content/Internationalization/icudt64l/lang/az_Latn.res" 834
"../../../Engine/Content/Internationalization/icudt64l/region/az_AZ.res" 835
"../../../Engine/Content/Internationalization/icudt64l/region/az_Latn_AZ.res" 836
"../../../Engine/Content/Internationalization/icudt64l/region/az_Latn.res" 837
"../../../Engine/Content/Internationalization/icudt64l/region/az.res" 838
"../../../Engine/Content/Internationalization/icudt64l/region/az_Cyrl.res" 839
"../../../Engine/Content/Internationalization/icudt64l/lang/bas.res" 840
"../../../Engine/Content/Internationalization/icudt64l/region/bas.res" 841
"../../../Engine/Content/Internationalization/icudt64l/lang/be.res" 842
"../../../Engine/Content/Internationalization/icudt64l/region/be.res" 843
"../../../Engine/Content/Internationalization/icudt64l/lang/bem.res" 844
"../../../Engine/Content/Internationalization/icudt64l/region/bem.res" 845
"../../../Engine/Content/Internationalization/icudt64l/lang/bez.res" 846
"../../../Engine/Content/Internationalization/icudt64l/region/bez.res" 847
"../../../Engine/Content/Internationalization/icudt64l/lang/bg.res" 848
"../../../Engine/Content/Internationalization/icudt64l/region/bg.res" 849
"../../../Engine/Content/Internationalization/icudt64l/lang/bm.res" 850
"../../../Engine/Content/Internationalization/icudt64l/region/bm.res" 851
"../../../Engine/Content/Internationalization/icudt64l/lang/bn.res" 852
"../../../Engine/Content/Internationalization/icudt64l/region/bn.res" 853
"../../../Engine/Content/Internationalization/icudt64l/lang/bn_IN.res" 854
"../../../Engine/Content/Internationalization/icudt64l/region/bn_IN.res" 855
"../../../Engine/Content/Internationalization/icudt64l/lang/bo.res" 856
"../../../Engine/Content/Internationalization/icudt64l/region/bo.res" 857
"../../../Engine/Content/Internationalization/icudt64l/region/bo_IN.res" 858
"../../../Engine/Content/Internationalization/icudt64l/lang/br.res" 859
"../../../Engine/Content/Internationalization/icudt64l/region/br.res" 860
"../../../Engine/Content/Internationalization/icudt64l/lang/brx.res" 861
"../../../Engine/Content/Internationalization/icudt64l/region/brx.res" 862
"../../../Engine/Content/Internationalization/icudt64l/lang/bs.res" 863
"../../../Engine/Content/Internationalization/icudt64l/lang/bs_Cyrl.res" 864
"../../../Engine/Content/Internationalization/icudt64l/lang/bs_BA.res" 865
"../../../Engine/Content/Internationalization/icudt64l/lang/bs_Latn_BA.res" 866
"../../../Engine/Content/Internationalization/icudt64l/lang/bs_Latn.res" 867
"../../../Engine/Content/Internationalization/icudt64l/region/bs_BA.res" 868
"../../../Engine/Content/Internationalization/icudt64l/region/bs_Latn_BA.res" 869
"../../../Engine/Content/Internationalization/icudt64l/region/bs_Latn.res" 870
"../../../Engine/Content/Internationalization/icudt64l/region/bs.res" 871
"../../../Engine/Content/Internationalization/icudt64l/region/bs_Cyrl.res" 872
"../../../Engine/Content/Internationalization/icudt64l/lang/ca.res" 873
"../../../Engine/Content/Internationalization/icudt64l/region/ca.res" 874
"../../../Engine/Content/Internationalization/icudt64l/lang/ccp.res" 875
"../../../Engine/Content/Internationalization/icudt64l/region/ccp.res" 876
"../../../Engine/Content/Internationalization/icudt64l/lang/ce.res" 877
"../../../Engine/Content/Internationalization/icudt64l/region/ce.res" 878
"../../../Engine/Content/Internationalization/icudt64l/lang/ceb.res" 879
"../../../Engine/Content/Internationalization/icudt64l/region/ceb.res" 880
"../../../Engine/Content/Internationalization/icudt64l/lang/cgg.res" 881
"../../../Engine/Content/Internationalization/icudt64l/region/cgg.res" 882
"../../../Engine/Content/Internationalization/icudt64l/lang/chr.res" 883
"../../../Engine/Content/Internationalization/icudt64l/region/chr.res" 884
"../../../Engine/Content/Internationalization/icudt64l/lang/ckb.res" 885
"../../../Engine/Content/Internationalization/icudt64l/region/ckb.res" 886
"../../../Engine/Content/Internationalization/icudt64l/lang/cs.res" 887
"../../../Engine/Content/Internationalization/icudt64l/region/cs.res" 888
"../../../Engine/Content/Internationalization/icudt64l/lang/cy.res" 889
"../../../Engine/Content/Internationalization/icudt64l/region/cy.res" 890
"../../../Engine/Content/Internationalization/icudt64l/lang/da.res" 891
"../../../Engine/Content/Internationalization/icudt64l/region/da.res" 892
"../../../Engine/Content/Internationalization/icudt64l/lang/dav.res" 893
"../../../Engine/Content/Internationalization/icudt64l/region/dav.res" 894
"../../../Engine/Content/Internationalization/icudt64l/lang/de.res" 895
"../../../Engine/Content/Internationalization/icudt64l/lang/de_AT.res" 896
"../../../Engine/Content/Internationalization/icudt64l/region/de_AT.res" 897
"../../../Engine/Content/Internationalization/icudt64l/region/de.res" 898
"../../../Engine/Content/Internationalization/icudt64l/lang/de_CH.res" 899
"../../../Engine/Content/Internationalization/icudt64l/region/de_CH.res" 900
"../../../Engine/Content/Internationalization/icudt64l/lang/de_LU.res" 901
"../../../Engine/Content/Internationalization/icudt64l/lang/dje.res" 902
"../../../Engine/Content/Internationalization/icudt64l/region/dje.res" 903
"../../../Engine/Content/Internationalization/icudt64l/lang/dsb.res" 904
"../../../Engine/Content/Internationalization/icudt64l/region/dsb.res" 905
"../../../Engine/Content/Internationalization/icudt64l/lang/dua.res" 906
"../../../Engine/Content/Internationalization/icudt64l/region/dua.res" 907
"../../../Engine/Content/Internationalization/icudt64l/lang/dyo.res" 908
"../../../Engine/Content/Internationalization/icudt64l/region/dyo.res" 909
"../../../Engine/Content/Internationalization/icudt64l/lang/dz.res" 910
"../../../Engine/Content/Internationalization/icudt64l/region/dz.res" 911
"../../../Engine/Content/Internationalization/icudt64l/lang/ebu.res" 912
"../../../Engine/Content/Internationalization/icudt64l/region/ebu.res" 913
"../../../Engine/Content/Internationalization/icudt64l/lang/ee.res" 914
"../../../Engine/Content/Internationalization/icudt64l/region/ee.res" 915
"../../../Engine/Content/Internationalization/icudt64l/lang/el.res" 916
"../../../Engine/Content/Internationalization/icudt64l/region/el.res" 917
"../../../Engine/Content/Internationalization/icudt64l/lang/en_001.res" 918
"../../../Engine/Content/Internationalization/icudt64l/lang/en_150.res" 919
"../../../Engine/Content/Internationalization/icudt64l/region/en_150.res" 920
"../../../Engine/Content/Internationalization/icudt64l/lang/en_AG.res" 921
"../../../Engine/Content/Internationalization/icudt64l/region/en_AG.res" 922
"../../../Engine/Content/Internationalization/icudt64l/lang/en_AI.res" 923
"../../../Engine/Content/Internationalization/icudt64l/region/en_AI.res" 924
"../../../Engine/Content/Internationalization/icudt64l/lang/en_AT.res" 925
"../../../Engine/Content/Internationalization/icudt64l/region/en_AT.res" 926
"../../../Engine/Content/Internationalization/icudt64l/lang/en_AU.res" 927
"../../../Engine/Content/Internationalization/icudt64l/region/en_AU.res" 928
"../../../Engine/Content/Internationalization/icudt64l/lang/en_BB.res" 929
"../../../Engine/Content/Internationalization/icudt64l/region/en_BB.res" 930
"../../../Engine/Content/Internationalization/icudt64l/lang/en_BE.res" 931
"../../../Engine/Content/Internationalization/icudt64l/region/en_BE.res" 932
"../../../Engine/Content/Internationalization/icudt64l/lang/en_BM.res" 933
"../../../Engine/Content/Internationalization/icudt64l/region/en_BM.res" 934
"../../../Engine/Content/Internationalization/icudt64l/lang/en_BS.res" 935
"../../../Engine/Content/Internationalization/icudt64l/region/en_BS.res" 936
"../../../Engine/Content/Internationalization/icudt64l/lang/en_BW.res" 937
"../../../Engine/Content/Internationalization/icudt64l/region/en_BW.res" 938
"../../../Engine/Content/Internationalization/icudt64l/lang/en_BZ.res" 939
"../../../Engine/Content/Internationalization/icudt64l/region/en_BZ.res" 940
"../../../Engine/Content/Internationalization/icudt64l/lang/en_CA.res" 941
"../../../Engine/Content/Internationalization/icudt64l/region/en_CA.res" 942
"../../../Engine/Content/Internationalization/icudt64l/lang/en_CC.res" 943
"../../../Engine/Content/Internationalization/icudt64l/region/en_CC.res" 944
"../../../Engine/Content/Internationalization/icudt64l/lang/en_CH.res" 945
"../../../Engine/Content/Internationalization/icudt64l/region/en_CH.res" 946
"../../../Engine/Content/Internationalization/icudt64l/lang/en_CK.res" 947
"../../../Engine/Content/Internationalization/icudt64l/region/en_CK.res" 948
"../../../Engine/Content/Internationalization/icudt64l/lang/en_CM.res" 949
"../../../Engine/Content/Internationalization/icudt64l/region/en_CM.res" 950
"../../../Engine/Content/Internationalization/icudt64l/lang/en_CX.res" 951
"../../../Engine/Content/Internationalization/icudt64l/region/en_CX.res" 952
"../../../Engine/Content/Internationalization/icudt64l/lang/en_CY.res" 953
"../../../Engine/Content/Internationalization/icudt64l/region/en_CY.res" 954
"../../../Engine/Content/Internationalization/icudt64l/lang/en_DE.res" 955
"../../../Engine/Content/Internationalization/icudt64l/region/en_DE.res" 956
"../../../Engine/Content/Internationalization/icudt64l/lang/en_DG.res" 957
"../../../Engine/Content/Internationalization/icudt64l/region/en_DG.res" 958
"../../../Engine/Content/Internationalization/icudt64l/lang/en_DK.res" 959
"../../../Engine/Content/Internationalization/icudt64l/region/en_DK.res" 960
"../../../Engine/Content/Internationalization/icudt64l/lang/en_DM.res" 961
"../../../Engine/Content/Internationalization/icudt64l/region/en_DM.res" 962
"../../../Engine/Content/Internationalization/icudt64l/lang/en_ER.res" 963
"../../../Engine/Content/Internationalization/icudt64l/region/en_ER.res" 964
"../../../Engine/Content/Internationalization/icudt64l/lang/en_FI.res" 965
"../../../Engine/Content/Internationalization/icudt64l/region/en_FI.res" 966
"../../../Engine/Content/Internationalization/icudt64l/lang/en_FJ.res" 967
"../../../Engine/Content/Internationalization/icudt64l/region/en_FJ.res" 968
"../../../Engine/Content/Internationalization/icudt64l/lang/en_FK.res" 969
"../../../Engine/Content/Internationalization/icudt64l/region/en_FK.res" 970
"../../../Engine/Content/Internationalization/icudt64l/lang/en_FM.res" 971
"../../../Engine/Content/Internationalization/icudt64l/region/en_FM.res" 972
"../../../Engine/Content/Internationalization/icudt64l/lang/en_GB.res" 973
"../../../Engine/Content/Internationalization/icudt64l/region/en_GB.res" 974
"../../../Engine/Content/Internationalization/icudt64l/lang/en_GD.res" 975
"../../../Engine/Content/Internationalization/icudt64l/region/en_GD.res" 976
"../../../Engine/Content/Internationalization/icudt64l/lang/en_GG.res" 977
"../../../Engine/Content/Internationalization/icudt64l/region/en_GG.res" 978
"../../../Engine/Content/Internationalization/icudt64l/lang/en_GH.res" 979
"../../../Engine/Content/Internationalization/icudt64l/region/en_GH.res" 980
"../../../Engine/Content/Internationalization/icudt64l/lang/en_GI.res" 981
"../../../Engine/Content/Internationalization/icudt64l/region/en_GI.res" 982
"../../../Engine/Content/Internationalization/icudt64l/lang/en_GM.res" 983
"../../../Engine/Content/Internationalization/icudt64l/region/en_GM.res" 984
"../../../Engine/Content/Internationalization/icudt64l/lang/en_GY.res" 985
"../../../Engine/Content/Internationalization/icudt64l/region/en_GY.res" 986
"../../../Engine/Content/Internationalization/icudt64l/lang/en_HK.res" 987
"../../../Engine/Content/Internationalization/icudt64l/region/en_HK.res" 988
"../../../Engine/Content/Internationalization/icudt64l/lang/en_IE.res" 989
"../../../Engine/Content/Internationalization/icudt64l/region/en_IE.res" 990
"../../../Engine/Content/Internationalization/icudt64l/lang/en_IL.res" 991
"../../../Engine/Content/Internationalization/icudt64l/region/en_IL.res" 992
"../../../Engine/Content/Internationalization/icudt64l/lang/en_IM.res" 993
"../../../Engine/Content/Internationalization/icudt64l/region/en_IM.res" 994
"../../../Engine/Content/Internationalization/icudt64l/lang/en_IN.res" 995
"../../../Engine/Content/Internationalization/icudt64l/region/en_IN.res" 996
"../../../Engine/Content/Internationalization/icudt64l/lang/en_IO.res" 997
"../../../Engine/Content/Internationalization/icudt64l/region/en_IO.res" 998
"../../../Engine/Content/Internationalization/icudt64l/lang/en_JE.res" 999
"../../../Engine/Content/Internationalization/icudt64l/region/en_JE.res" 1000
"../../../Engine/Content/Internationalization/icudt64l/lang/en_JM.res" 1001
"../../../Engine/Content/Internationalization/icudt64l/region/en_JM.res" 1002
"../../../Engine/Content/Internationalization/icudt64l/lang/en_KE.res" 1003
"../../../Engine/Content/Internationalization/icudt64l/region/en_KE.res" 1004
"../../../Engine/Content/Internationalization/icudt64l/lang/en_KI.res" 1005
"../../../Engine/Content/Internationalization/icudt64l/region/en_KI.res" 1006
"../../../Engine/Content/Internationalization/icudt64l/lang/en_KN.res" 1007
"../../../Engine/Content/Internationalization/icudt64l/region/en_KN.res" 1008
"../../../Engine/Content/Internationalization/icudt64l/lang/en_KY.res" 1009
"../../../Engine/Content/Internationalization/icudt64l/region/en_KY.res" 1010
"../../../Engine/Content/Internationalization/icudt64l/lang/en_LC.res" 1011
"../../../Engine/Content/Internationalization/icudt64l/region/en_LC.res" 1012
"../../../Engine/Content/Internationalization/icudt64l/lang/en_LR.res" 1013
"../../../Engine/Content/Internationalization/icudt64l/region/en_LR.res" 1014
"../../../Engine/Content/Internationalization/icudt64l/lang/en_LS.res" 1015
"../../../Engine/Content/Internationalization/icudt64l/region/en_LS.res" 1016
"../../../Engine/Content/Internationalization/icudt64l/lang/en_MG.res" 1017
"../../../Engine/Content/Internationalization/icudt64l/region/en_MG.res" 1018
"../../../Engine/Content/Internationalization/icudt64l/lang/en_MO.res" 1019
"../../../Engine/Content/Internationalization/icudt64l/region/en_MO.res" 1020
"../../../Engine/Content/Internationalization/icudt64l/lang/en_MS.res" 1021
"../../../Engine/Content/Internationalization/icudt64l/region/en_MS.res" 1022
"../../../Engine/Content/Internationalization/icudt64l/lang/en_MT.res" 1023
"../../../Engine/Content/Internationalization/icudt64l/region/en_MT.res" 1024
"../../../Engine/Content/Internationalization/icudt64l/lang/en_MU.res" 1025
"../../../Engine/Content/Internationalization/icudt64l/region/en_MU.res" 1026
"../../../Engine/Content/Internationalization/icudt64l/lang/en_MW.res" 1027
"../../../Engine/Content/Internationalization/icudt64l/region/en_MW.res" 1028
"../../../Engine/Content/Internationalization/icudt64l/lang/en_MY.res" 1029
"../../../Engine/Content/Internationalization/icudt64l/region/en_MY.res" 1030
"../../../Engine/Content/Internationalization/icudt64l/lang/en_NA.res" 1031
"../../../Engine/Content/Internationalization/icudt64l/region/en_NA.res" 1032
"../../../Engine/Content/Internationalization/icudt64l/lang/en_NF.res" 1033
"../../../Engine/Content/Internationalization/icudt64l/region/en_NF.res" 1034
"../../../Engine/Content/Internationalization/icudt64l/lang/en_NG.res" 1035
"../../../Engine/Content/Internationalization/icudt64l/region/en_NG.res" 1036
"../../../Engine/Content/Internationalization/icudt64l/lang/en_NL.res" 1037
"../../../Engine/Content/Internationalization/icudt64l/region/en_NL.res" 1038
"../../../Engine/Content/Internationalization/icudt64l/lang/en_NR.res" 1039
"../../../Engine/Content/Internationalization/icudt64l/region/en_NR.res" 1040
"../../../Engine/Content/Internationalization/icudt64l/lang/en_NU.res" 1041
"../../../Engine/Content/Internationalization/icudt64l/region/en_NU.res" 1042
"../../../Engine/Content/Internationalization/icudt64l/lang/en_NZ.res" 1043
"../../../Engine/Content/Internationalization/icudt64l/region/en_NZ.res" 1044
"../../../Engine/Content/Internationalization/icudt64l/lang/en_PG.res" 1045
"../../../Engine/Content/Internationalization/icudt64l/region/en_PG.res" 1046
"../../../Engine/Content/Internationalization/icudt64l/lang/en_PH.res" 1047
"../../../Engine/Content/Internationalization/icudt64l/region/en_PH.res" 1048
"../../../Engine/Content/Internationalization/icudt64l/lang/en_PK.res" 1049
"../../../Engine/Content/Internationalization/icudt64l/region/en_PK.res" 1050
"../../../Engine/Content/Internationalization/icudt64l/lang/en_PN.res" 1051
"../../../Engine/Content/Internationalization/icudt64l/region/en_PN.res" 1052
"../../../Engine/Content/Internationalization/icudt64l/lang/en_PW.res" 1053
"../../../Engine/Content/Internationalization/icudt64l/region/en_PW.res" 1054
"../../../Engine/Content/Internationalization/icudt64l/lang/en_RW.res" 1055
"../../../Engine/Content/Internationalization/icudt64l/region/en_RW.res" 1056
"../../../Engine/Content/Internationalization/icudt64l/lang/en_SB.res" 1057
"../../../Engine/Content/Internationalization/icudt64l/region/en_SB.res" 1058
"../../../Engine/Content/Internationalization/icudt64l/lang/en_SC.res" 1059
"../../../Engine/Content/Internationalization/icudt64l/region/en_SC.res" 1060
"../../../Engine/Content/Internationalization/icudt64l/lang/en_SD.res" 1061
"../../../Engine/Content/Internationalization/icudt64l/region/en_SD.res" 1062
"../../../Engine/Content/Internationalization/icudt64l/lang/en_SE.res" 1063
"../../../Engine/Content/Internationalization/icudt64l/region/en_SE.res" 1064
"../../../Engine/Content/Internationalization/icudt64l/lang/en_SG.res" 1065
"../../../Engine/Content/Internationalization/icudt64l/region/en_SG.res" 1066
"../../../Engine/Content/Internationalization/icudt64l/lang/en_SH.res" 1067
"../../../Engine/Content/Internationalization/icudt64l/region/en_SH.res" 1068
"../../../Engine/Content/Internationalization/icudt64l/lang/en_SI.res" 1069
"../../../Engine/Content/Internationalization/icudt64l/region/en_SI.res" 1070
"../../../Engine/Content/Internationalization/icudt64l/lang/en_SL.res" 1071
"../../../Engine/Content/Internationalization/icudt64l/region/en_SL.res" 1072
"../../../Engine/Content/Internationalization/icudt64l/lang/en_SS.res" 1073
"../../../Engine/Content/Internationalization/icudt64l/region/en_SS.res" 1074
"../../../Engine/Content/Internationalization/icudt64l/lang/en_SX.res" 1075
"../../../Engine/Content/Internationalization/icudt64l/region/en_SX.res" 1076
"../../../Engine/Content/Internationalization/icudt64l/lang/en_SZ.res" 1077
"../../../Engine/Content/Internationalization/icudt64l/region/en_SZ.res" 1078
"../../../Engine/Content/Internationalization/icudt64l/lang/en_TC.res" 1079
"../../../Engine/Content/Internationalization/icudt64l/region/en_TC.res" 1080
"../../../Engine/Content/Internationalization/icudt64l/lang/en_TK.res" 1081
"../../../Engine/Content/Internationalization/icudt64l/region/en_TK.res" 1082
"../../../Engine/Content/Internationalization/icudt64l/lang/en_TO.res" 1083
"../../../Engine/Content/Internationalization/icudt64l/region/en_TO.res" 1084
"../../../Engine/Content/Internationalization/icudt64l/lang/en_TT.res" 1085
"../../../Engine/Content/Internationalization/icudt64l/region/en_TT.res" 1086
"../../../Engine/Content/Internationalization/icudt64l/lang/en_TV.res" 1087
"../../../Engine/Content/Internationalization/icudt64l/region/en_TV.res" 1088
"../../../Engine/Content/Internationalization/icudt64l/lang/en_TZ.res" 1089
"../../../Engine/Content/Internationalization/icudt64l/region/en_TZ.res" 1090
"../../../Engine/Content/Internationalization/icudt64l/lang/en_UG.res" 1091
"../../../Engine/Content/Internationalization/icudt64l/region/en_UG.res" 1092
"../../../Engine/Content/Internationalization/icudt64l/lang/en_VC.res" 1093
"../../../Engine/Content/Internationalization/icudt64l/region/en_VC.res" 1094
"../../../Engine/Content/Internationalization/icudt64l/lang/en_VG.res" 1095
"../../../Engine/Content/Internationalization/icudt64l/region/en_VG.res" 1096
"../../../Engine/Content/Internationalization/icudt64l/lang/en_VU.res" 1097
"../../../Engine/Content/Internationalization/icudt64l/region/en_VU.res" 1098
"../../../Engine/Content/Internationalization/icudt64l/lang/en_WS.res" 1099
"../../../Engine/Content/Internationalization/icudt64l/region/en_WS.res" 1100
"../../../Engine/Content/Internationalization/icudt64l/lang/en_ZA.res" 1101
"../../../Engine/Content/Internationalization/icudt64l/region/en_ZA.res" 1102
"../../../Engine/Content/Internationalization/icudt64l/lang/en_ZM.res" 1103
"../../../Engine/Content/Internationalization/icudt64l/region/en_ZM.res" 1104
"../../../Engine/Content/Internationalization/icudt64l/lang/en_ZW.res" 1105
"../../../Engine/Content/Internationalization/icudt64l/region/en_ZW.res" 1106
"../../../Engine/Content/Internationalization/icudt64l/lang/eo.res" 1107
"../../../Engine/Content/Internationalization/icudt64l/region/eo.res" 1108
"../../../Engine/Content/Internationalization/icudt64l/lang/es.res" 1109
"../../../Engine/Content/Internationalization/icudt64l/lang/es_419.res" 1110
"../../../Engine/Content/Internationalization/icudt64l/region/es_419.res" 1111
"../../../Engine/Content/Internationalization/icudt64l/region/es.res" 1112
"../../../Engine/Content/Internationalization/icudt64l/lang/es_AR.res" 1113
"../../../Engine/Content/Internationalization/icudt64l/region/es_AR.res" 1114
"../../../Engine/Content/Internationalization/icudt64l/lang/es_BO.res" 1115
"../../../Engine/Content/Internationalization/icudt64l/region/es_BO.res" 1116
"../../../Engine/Content/Internationalization/icudt64l/lang/es_BR.res" 1117
"../../../Engine/Content/Internationalization/icudt64l/region/es_BR.res" 1118
"../../../Engine/Content/Internationalization/icudt64l/lang/es_BZ.res" 1119
"../../../Engine/Content/Internationalization/icudt64l/region/es_BZ.res" 1120
"../../../Engine/Content/Internationalization/icudt64l/lang/es_CL.res" 1121
"../../../Engine/Content/Internationalization/icudt64l/region/es_CL.res" 1122
"../../../Engine/Content/Internationalization/icudt64l/lang/es_CO.res" 1123
"../../../Engine/Content/Internationalization/icudt64l/region/es_CO.res" 1124
"../../../Engine/Content/Internationalization/icudt64l/lang/es_CR.res" 1125
"../../../Engine/Content/Internationalization/icudt64l/region/es_CR.res" 1126
"../../../Engine/Content/Internationalization/icudt64l/lang/es_CU.res" 1127
"../../../Engine/Content/Internationalization/icudt64l/region/es_CU.res" 1128
"../../../Engine/Content/Internationalization/icudt64l/lang/es_DO.res" 1129
"../../../Engine/Content/Internationalization/icudt64l/region/es_DO.res" 1130
"../../../Engine/Content/Internationalization/icudt64l/lang/es_EC.res" 1131
"../../../Engine/Content/Internationalization/icudt64l/region/es_EC.res" 1132
"../../../Engine/Content/Internationalization/icudt64l/lang/es_GT.res" 1133
"../../../Engine/Content/Internationalization/icudt64l/region/es_GT.res" 1134
"../../../Engine/Content/Internationalization/icudt64l/lang/es_HN.res" 1135
"../../../Engine/Content/Internationalization/icudt64l/region/es_HN.res" 1136
"../../../Engine/Content/Internationalization/icudt64l/lang/es_MX.res" 1137
"../../../Engine/Content/Internationalization/icudt64l/region/es_MX.res" 1138
"../../../Engine/Content/Internationalization/icudt64l/lang/es_NI.res" 1139
"../../../Engine/Content/Internationalization/icudt64l/region/es_NI.res" 1140
"../../../Engine/Content/Internationalization/icudt64l/lang/es_PA.res" 1141
"../../../Engine/Content/Internationalization/icudt64l/region/es_PA.res" 1142
"../../../Engine/Content/Internationalization/icudt64l/lang/es_PE.res" 1143
"../../../Engine/Content/Internationalization/icudt64l/region/es_PE.res" 1144
"../../../Engine/Content/Internationalization/icudt64l/lang/es_PR.res" 1145
"../../../Engine/Content/Internationalization/icudt64l/region/es_PR.res" 1146
"../../../Engine/Content/Internationalization/icudt64l/lang/es_PY.res" 1147
"../../../Engine/Content/Internationalization/icudt64l/region/es_PY.res" 1148
"../../../Engine/Content/Internationalization/icudt64l/lang/es_SV.res" 1149
"../../../Engine/Content/Internationalization/icudt64l/region/es_SV.res" 1150
"../../../Engine/Content/Internationalization/icudt64l/lang/es_US.res" 1151
"../../../Engine/Content/Internationalization/icudt64l/region/es_US.res" 1152
"../../../Engine/Content/Internationalization/icudt64l/lang/es_UY.res" 1153
"../../../Engine/Content/Internationalization/icudt64l/region/es_UY.res" 1154
"../../../Engine/Content/Internationalization/icudt64l/lang/es_VE.res" 1155
"../../../Engine/Content/Internationalization/icudt64l/region/es_VE.res" 1156
"../../../Engine/Content/Internationalization/icudt64l/lang/et.res" 1157
"../../../Engine/Content/Internationalization/icudt64l/region/et.res" 1158
"../../../Engine/Content/Internationalization/icudt64l/lang/eu.res" 1159
"../../../Engine/Content/Internationalization/icudt64l/region/eu.res" 1160
"../../../Engine/Content/Internationalization/icudt64l/lang/ewo.res" 1161
"../../../Engine/Content/Internationalization/icudt64l/region/ewo.res" 1162
"../../../Engine/Content/Internationalization/icudt64l/lang/fa.res" 1163
"../../../Engine/Content/Internationalization/icudt64l/lang/fa_AF.res" 1164
"../../../Engine/Content/Internationalization/icudt64l/region/fa_AF.res" 1165
"../../../Engine/Content/Internationalization/icudt64l/region/fa.res" 1166
"../../../Engine/Content/Internationalization/icudt64l/lang/ff.res" 1167
"../../../Engine/Content/Internationalization/icudt64l/lang/ff_Latn.res" 1168
"../../../Engine/Content/Internationalization/icudt64l/region/ff.res" 1169
"../../../Engine/Content/Internationalization/icudt64l/region/ff_Latn.res" 1170
"../../../Engine/Content/Internationalization/icudt64l/lang/ff_CM.res" 1171
"../../../Engine/Content/Internationalization/icudt64l/lang/ff_Latn_CM.res" 1172
"../../../Engine/Content/Internationalization/icudt64l/region/ff_CM.res" 1173
"../../../Engine/Content/Internationalization/icudt64l/region/ff_Latn_CM.res" 1174
"../../../Engine/Content/Internationalization/icudt64l/lang/ff_GN.res" 1175
"../../../Engine/Content/Internationalization/icudt64l/lang/ff_Latn_GN.res" 1176
"../../../Engine/Content/Internationalization/icudt64l/region/ff_GN.res" 1177
"../../../Engine/Content/Internationalization/icudt64l/region/ff_Latn_GN.res" 1178
"../../../Engine/Content/Internationalization/icudt64l/lang/ff_MR.res" 1179
"../../../Engine/Content/Internationalization/icudt64l/lang/ff_Latn_MR.res" 1180
"../../../Engine/Content/Internationalization/icudt64l/region/ff_MR.res" 1181
"../../../Engine/Content/Internationalization/icudt64l/region/ff_Latn_MR.res" 1182
"../../../Engine/Content/Internationalization/icudt64l/lang/ff_SN.res" 1183
"../../../Engine/Content/Internationalization/icudt64l/lang/ff_Latn_SN.res" 1184
"../../../Engine/Content/Internationalization/icudt64l/region/ff_SN.res" 1185
"../../../Engine/Content/Internationalization/icudt64l/region/ff_Latn_SN.res" 1186
"../../../Engine/Content/Internationalization/icudt64l/lang/fi.res" 1187
"../../../Engine/Content/Internationalization/icudt64l/region/fi.res" 1188
"../../../Engine/Content/Internationalization/icudt64l/lang/fil.res" 1189
"../../../Engine/Content/Internationalization/icudt64l/lang/fil_PH.res" 1190
"../../../Engine/Content/Internationalization/icudt64l/region/fil_PH.res" 1191
"../../../Engine/Content/Internationalization/icudt64l/region/fil.res" 1192
"../../../Engine/Content/Internationalization/icudt64l/lang/fo.res" 1193
"../../../Engine/Content/Internationalization/icudt64l/region/fo.res" 1194
"../../../Engine/Content/Internationalization/icudt64l/lang/fr.res" 1195
"../../../Engine/Content/Internationalization/icudt64l/lang/fr_BE.res" 1196
"../../../Engine/Content/Internationalization/icudt64l/region/fr_BE.res" 1197
"../../../Engine/Content/Internationalization/icudt64l/region/fr.res" 1198
"../../../Engine/Content/Internationalization/icudt64l/lang/fr_CA.res" 1199
"../../../Engine/Content/Internationalization/icudt64l/region/fr_CA.res" 1200
"../../../Engine/Content/Internationalization/icudt64l/lang/fr_CH.res" 1201
"../../../Engine/Content/Internationalization/icudt64l/lang/fur.res" 1202
"../../../Engine/Content/Internationalization/icudt64l/region/fur.res" 1203
"../../../Engine/Content/Internationalization/icudt64l/lang/fy.res" 1204
"../../../Engine/Content/Internationalization/icudt64l/region/fy.res" 1205
"../../../Engine/Content/Internationalization/icudt64l/lang/ga.res" 1206
"../../../Engine/Content/Internationalization/icudt64l/region/ga.res" 1207
"../../../Engine/Content/Internationalization/icudt64l/lang/gd.res" 1208
"../../../Engine/Content/Internationalization/icudt64l/region/gd.res" 1209
"../../../Engine/Content/Internationalization/icudt64l/lang/gl.res" 1210
"../../../Engine/Content/Internationalization/icudt64l/region/gl.res" 1211
"../../../Engine/Content/Internationalization/icudt64l/lang/gsw.res" 1212
"../../../Engine/Content/Internationalization/icudt64l/region/gsw.res" 1213
"../../../Engine/Content/Internationalization/icudt64l/lang/gu.res" 1214
"../../../Engine/Content/Internationalization/icudt64l/region/gu.res" 1215
"../../../Engine/Content/Internationalization/icudt64l/lang/guz.res" 1216
"../../../Engine/Content/Internationalization/icudt64l/region/guz.res" 1217
"../../../Engine/Content/Internationalization/icudt64l/lang/gv.res" 1218
"../../../Engine/Content/Internationalization/icudt64l/region/gv.res" 1219
"../../../Engine/Content/Internationalization/icudt64l/lang/ha.res" 1220
"../../../Engine/Content/Internationalization/icudt64l/region/ha.res" 1221
"../../../Engine/Content/Internationalization/icudt64l/lang/ha_NE.res" 1222
"../../../Engine/Content/Internationalization/icudt64l/region/ha_NE.res" 1223
"../../../Engine/Content/Internationalization/icudt64l/lang/haw.res" 1224
"../../../Engine/Content/Internationalization/icudt64l/region/haw.res" 1225
"../../../Engine/Content/Internationalization/icudt64l/lang/he.res" 1226
"../../../Engine/Content/Internationalization/icudt64l/lang/he_IL.res" 1227
"../../../Engine/Content/Internationalization/icudt64l/region/he_IL.res" 1228
"../../../Engine/Content/Internationalization/icudt64l/region/he.res" 1229
"../../../Engine/Content/Internationalization/icudt64l/lang/hi.res" 1230
"../../../Engine/Content/Internationalization/icudt64l/region/hi.res" 1231
"../../../Engine/Content/Internationalization/icudt64l/lang/hr.res" 1232
"../../../Engine/Content/Internationalization/icudt64l/region/hr.res" 1233
"../../../Engine/Content/Internationalization/icudt64l/lang/hsb.res" 1234
"../../../Engine/Content/Internationalization/icudt64l/region/hsb.res" 1235
"../../../Engine/Content/Internationalization/icudt64l/lang/hu.res" 1236
"../../../Engine/Content/Internationalization/icudt64l/region/hu.res" 1237
"../../../Engine/Content/Internationalization/icudt64l/lang/hy.res" 1238
"../../../Engine/Content/Internationalization/icudt64l/region/hy.res" 1239
"../../../Engine/Content/Internationalization/icudt64l/lang/ia.res" 1240
"../../../Engine/Content/Internationalization/icudt64l/region/ia.res" 1241
"../../../Engine/Content/Internationalization/icudt64l/lang/id.res" 1242
"../../../Engine/Content/Internationalization/icudt64l/lang/id_ID.res" 1243
"../../../Engine/Content/Internationalization/icudt64l/region/id_ID.res" 1244
"../../../Engine/Content/Internationalization/icudt64l/region/id.res" 1245
"../../../Engine/Content/Internationalization/icudt64l/lang/ig.res" 1246
"../../../Engine/Content/Internationalization/icudt64l/region/ig.res" 1247
"../../../Engine/Content/Internationalization/icudt64l/lang/ii.res" 1248
"../../../Engine/Content/Internationalization/icudt64l/region/ii.res" 1249
"../../../Engine/Content/Internationalization/icudt64l/lang/is.res" 1250
"../../../Engine/Content/Internationalization/icudt64l/region/is.res" 1251
"../../../Engine/Content/Internationalization/icudt64l/lang/it.res" 1252
"../../../Engine/Content/Internationalization/icudt64l/region/it.res" 1253
"../../../Engine/Content/Internationalization/icudt64l/lang/ja.res" 1254
"../../../Engine/Content/Internationalization/icudt64l/lang/ja_JP.res" 1255
"../../../Engine/Content/Internationalization/icudt64l/region/ja_JP.res" 1256
"../../../Engine/Content/Internationalization/icudt64l/region/ja.res" 1257
"../../../Engine/Content/Internationalization/icudt64l/lang/jgo.res" 1258
"../../../Engine/Content/Internationalization/icudt64l/region/jgo.res" 1259
"../../../Engine/Content/Internationalization/icudt64l/lang/jmc.res" 1260
"../../../Engine/Content/Internationalization/icudt64l/region/jmc.res" 1261
"../../../Engine/Content/Internationalization/icudt64l/lang/jv.res" 1262
"../../../Engine/Content/Internationalization/icudt64l/region/jv.res" 1263
"../../../Engine/Content/Internationalization/icudt64l/lang/ka.res" 1264
"../../../Engine/Content/Internationalization/icudt64l/region/ka.res" 1265
"../../../Engine/Content/Internationalization/icudt64l/lang/kab.res" 1266
"../../../Engine/Content/Internationalization/icudt64l/region/kab.res" 1267
"../../../Engine/Content/Internationalization/icudt64l/lang/kam.res" 1268
"../../../Engine/Content/Internationalization/icudt64l/region/kam.res" 1269
"../../../Engine/Content/Internationalization/icudt64l/lang/kde.res" 1270
"../../../Engine/Content/Internationalization/icudt64l/region/kde.res" 1271
"../../../Engine/Content/Internationalization/icudt64l/lang/kea.res" 1272
"../../../Engine/Content/Internationalization/icudt64l/region/kea.res" 1273
"../../../Engine/Content/Internationalization/icudt64l/lang/khq.res" 1274
"../../../Engine/Content/Internationalization/icudt64l/region/khq.res" 1275
"../../../Engine/Content/Internationalization/icudt64l/lang/ki.res" 1276
"../../../Engine/Content/Internationalization/icudt64l/region/ki.res" 1277
"../../../Engine/Content/Internationalization/icudt64l/lang/kk.res" 1278
"../../../Engine/Content/Internationalization/icudt64l/region/kk.res" 1279
"../../../Engine/Content/Internationalization/icudt64l/lang/kkj.res" 1280
"../../../Engine/Content/Internationalization/icudt64l/region/kkj.res" 1281
"../../../Engine/Content/Internationalization/icudt64l/lang/kl.res" 1282
"../../../Engine/Content/Internationalization/icudt64l/region/kl.res" 1283
"../../../Engine/Content/Internationalization/icudt64l/lang/kln.res" 1284
"../../../Engine/Content/Internationalization/icudt64l/region/kln.res" 1285
"../../../Engine/Content/Internationalization/icudt64l/lang/km.res" 1286
"../../../Engine/Content/Internationalization/icudt64l/region/km.res" 1287
"../../../Engine/Content/Internationalization/icudt64l/lang/kn.res" 1288
"../../../Engine/Content/Internationalization/icudt64l/region/kn.res" 1289
"../../../Engine/Content/Internationalization/icudt64l/lang/ko.res" 1290
"../../../Engine/Content/Internationalization/icudt64l/region/ko_KP.res" 1291
"../../../Engine/Content/Internationalization/icudt64l/region/ko.res" 1292
"../../../Engine/Content/Internationalization/icudt64l/lang/kok.res" 1293
"../../../Engine/Content/Internationalization/icudt64l/region/kok.res" 1294
"../../../Engine/Content/Internationalization/icudt64l/lang/ks.res" 1295
"../../../Engine/Content/Internationalization/icudt64l/region/ks.res" 1296
"../../../Engine/Content/Internationalization/icudt64l/lang/ksb.res" 1297
"../../../Engine/Content/Internationalization/icudt64l/region/ksb.res" 1298
"../../../Engine/Content/Internationalization/icudt64l/lang/ksf.res" 1299
"../../../Engine/Content/Internationalization/icudt64l/region/ksf.res" 1300
"../../../Engine/Content/Internationalization/icudt64l/lang/ksh.res" 1301
"../../../Engine/Content/Internationalization/icudt64l/region/ksh.res" 1302
"../../../Engine/Content/Internationalization/icudt64l/lang/ku.res" 1303
"../../../Engine/Content/Internationalization/icudt64l/region/ku.res" 1304
"../../../Engine/Content/Internationalization/icudt64l/lang/kw.res" 1305
"../../../Engine/Content/Internationalization/icudt64l/region/kw.res" 1306
"../../../Engine/Content/Internationalization/icudt64l/lang/ky.res" 1307
"../../../Engine/Content/Internationalization/icudt64l/region/ky.res" 1308
"../../../Engine/Content/Internationalization/icudt64l/lang/lag.res" 1309
"../../../Engine/Content/Internationalization/icudt64l/region/lag.res" 1310
"../../../Engine/Content/Internationalization/icudt64l/lang/lb.res" 1311
"../../../Engine/Content/Internationalization/icudt64l/region/lb.res" 1312
"../../../Engine/Content/Internationalization/icudt64l/lang/lg.res" 1313
"../../../Engine/Content/Internationalization/icudt64l/region/lg.res" 1314
"../../../Engine/Content/Internationalization/icudt64l/lang/lkt.res" 1315
"../../../Engine/Content/Internationalization/icudt64l/region/lkt.res" 1316
"../../../Engine/Content/Internationalization/icudt64l/lang/ln.res" 1317
"../../../Engine/Content/Internationalization/icudt64l/region/ln.res" 1318
"../../../Engine/Content/Internationalization/icudt64l/lang/lo.res" 1319
"../../../Engine/Content/Internationalization/icudt64l/region/lo.res" 1320
"../../../Engine/Content/Internationalization/icudt64l/lang/lrc.res" 1321
"../../../Engine/Content/Internationalization/icudt64l/region/lrc.res" 1322
"../../../Engine/Content/Internationalization/icudt64l/lang/lt.res" 1323
"../../../Engine/Content/Internationalization/icudt64l/region/lt.res" 1324
"../../../Engine/Content/Internationalization/icudt64l/lang/lu.res" 1325
"../../../Engine/Content/Internationalization/icudt64l/region/lu.res" 1326
"../../../Engine/Content/Internationalization/icudt64l/lang/luo.res" 1327
"../../../Engine/Content/Internationalization/icudt64l/region/luo.res" 1328
"../../../Engine/Content/Internationalization/icudt64l/lang/luy.res" 1329
"../../../Engine/Content/Internationalization/icudt64l/region/luy.res" 1330
"../../../Engine/Content/Internationalization/icudt64l/lang/lv.res" 1331
"../../../Engine/Content/Internationalization/icudt64l/region/lv.res" 1332
"../../../Engine/Content/Internationalization/icudt64l/lang/mas.res" 1333
"../../../Engine/Content/Internationalization/icudt64l/region/mas.res" 1334
"../../../Engine/Content/Internationalization/icudt64l/lang/mer.res" 1335
"../../../Engine/Content/Internationalization/icudt64l/region/mer.res" 1336
"../../../Engine/Content/Internationalization/icudt64l/lang/mfe.res" 1337
"../../../Engine/Content/Internationalization/icudt64l/region/mfe.res" 1338
"../../../Engine/Content/Internationalization/icudt64l/lang/mg.res" 1339
"../../../Engine/Content/Internationalization/icudt64l/region/mg.res" 1340
"../../../Engine/Content/Internationalization/icudt64l/lang/mgh.res" 1341
"../../../Engine/Content/Internationalization/icudt64l/region/mgh.res" 1342
"../../../Engine/Content/Internationalization/icudt64l/lang/mgo.res" 1343
"../../../Engine/Content/Internationalization/icudt64l/region/mgo.res" 1344
"../../../Engine/Content/Internationalization/icudt64l/lang/mi.res" 1345
"../../../Engine/Content/Internationalization/icudt64l/region/mi.res" 1346
"../../../Engine/Content/Internationalization/icudt64l/lang/mk.res" 1347
"../../../Engine/Content/Internationalization/icudt64l/region/mk.res" 1348
"../../../Engine/Content/Internationalization/icudt64l/lang/ml.res" 1349
"../../../Engine/Content/Internationalization/icudt64l/region/ml.res" 1350
"../../../Engine/Content/Internationalization/icudt64l/lang/mn.res" 1351
"../../../Engine/Content/Internationalization/icudt64l/region/mn.res" 1352
"../../../Engine/Content/Internationalization/icudt64l/lang/mr.res" 1353
"../../../Engine/Content/Internationalization/icudt64l/region/mr.res" 1354
"../../../Engine/Content/Internationalization/icudt64l/lang/ms.res" 1355
"../../../Engine/Content/Internationalization/icudt64l/region/ms.res" 1356
"../../../Engine/Content/Internationalization/icudt64l/lang/mt.res" 1357
"../../../Engine/Content/Internationalization/icudt64l/region/mt.res" 1358
"../../../Engine/Content/Internationalization/icudt64l/lang/mua.res" 1359
"../../../Engine/Content/Internationalization/icudt64l/region/mua.res" 1360
"../../../Engine/Content/Internationalization/icudt64l/lang/my.res" 1361
"../../../Engine/Content/Internationalization/icudt64l/region/my.res" 1362
"../../../Engine/Content/Internationalization/icudt64l/lang/mzn.res" 1363
"../../../Engine/Content/Internationalization/icudt64l/region/mzn.res" 1364
"../../../Engine/Content/Internationalization/icudt64l/lang/naq.res" 1365
"../../../Engine/Content/Internationalization/icudt64l/region/naq.res" 1366
"../../../Engine/Content/Internationalization/icudt64l/lang/nb.res" 1367
"../../../Engine/Content/Internationalization/icudt64l/lang/nb_NO.res" 1368
"../../../Engine/Content/Internationalization/icudt64l/region/nb_NO.res" 1369
"../../../Engine/Content/Internationalization/icudt64l/region/nb.res" 1370
"../../../Engine/Content/Internationalization/icudt64l/lang/nd.res" 1371
"../../../Engine/Content/Internationalization/icudt64l/region/nd.res" 1372
"../../../Engine/Content/Internationalization/icudt64l/lang/nds.res" 1373
"../../../Engine/Content/Internationalization/icudt64l/region/nds.res" 1374
"../../../Engine/Content/Internationalization/icudt64l/lang/ne.res" 1375
"../../../Engine/Content/Internationalization/icudt64l/region/ne.res" 1376
"../../../Engine/Content/Internationalization/icudt64l/lang/nl.res" 1377
"../../../Engine/Content/Internationalization/icudt64l/region/nl.res" 1378
"../../../Engine/Content/Internationalization/icudt64l/lang/nmg.res" 1379
"../../../Engine/Content/Internationalization/icudt64l/region/nmg.res" 1380
"../../../Engine/Content/Internationalization/icudt64l/lang/nn.res" 1381
"../../../Engine/Content/Internationalization/icudt64l/lang/nn_NO.res" 1382
"../../../Engine/Content/Internationalization/icudt64l/region/nn_NO.res" 1383
"../../../Engine/Content/Internationalization/icudt64l/region/nn.res" 1384
"../../../Engine/Content/Internationalization/icudt64l/lang/nnh.res" 1385
"../../../Engine/Content/Internationalization/icudt64l/region/nnh.res" 1386
"../../../Engine/Content/Internationalization/icudt64l/lang/nus.res" 1387
"../../../Engine/Content/Internationalization/icudt64l/region/nus.res" 1388
"../../../Engine/Content/Internationalization/icudt64l/lang/nyn.res" 1389
"../../../Engine/Content/Internationalization/icudt64l/region/nyn.res" 1390
"../../../Engine/Content/Internationalization/icudt64l/lang/om.res" 1391
"../../../Engine/Content/Internationalization/icudt64l/region/om.res" 1392
"../../../Engine/Content/Internationalization/icudt64l/lang/or.res" 1393
"../../../Engine/Content/Internationalization/icudt64l/region/or.res" 1394
"../../../Engine/Content/Internationalization/icudt64l/lang/os.res" 1395
"../../../Engine/Content/Internationalization/icudt64l/region/os.res" 1396
"../../../Engine/Content/Internationalization/icudt64l/lang/pa.res" 1397
"../../../Engine/Content/Internationalization/icudt64l/lang/pa_Arab.res" 1398
"../../../Engine/Content/Internationalization/icudt64l/lang/pa_PK.res" 1399
"../../../Engine/Content/Internationalization/icudt64l/lang/pa_Arab_PK.res" 1400
"../../../Engine/Content/Internationalization/icudt64l/region/pa_PK.res" 1401
"../../../Engine/Content/Internationalization/icudt64l/region/pa_Arab_PK.res" 1402
"../../../Engine/Content/Internationalization/icudt64l/region/pa_Arab.res" 1403
"../../../Engine/Content/Internationalization/icudt64l/lang/pa_Guru.res" 1404
"../../../Engine/Content/Internationalization/icudt64l/lang/pa_IN.res" 1405
"../../../Engine/Content/Internationalization/icudt64l/lang/pa_Guru_IN.res" 1406
"../../../Engine/Content/Internationalization/icudt64l/region/pa_IN.res" 1407
"../../../Engine/Content/Internationalization/icudt64l/region/pa_Guru_IN.res" 1408
"../../../Engine/Content/Internationalization/icudt64l/region/pa_Guru.res" 1409
"../../../Engine/Content/Internationalization/icudt64l/region/pa.res" 1410
"../../../Engine/Content/Internationalization/icudt64l/lang/pl.res" 1411
"../../../Engine/Content/Internationalization/icudt64l/region/pl.res" 1412
"../../../Engine/Content/Internationalization/icudt64l/lang/ps.res" 1413
"../../../Engine/Content/Internationalization/icudt64l/region/ps.res" 1414
"../../../Engine/Content/Internationalization/icudt64l/lang/ps_PK.res" 1415
"../../../Engine/Content/Internationalization/icudt64l/region/ps_PK.res" 1416
"../../../Engine/Content/Internationalization/icudt64l/lang/pt_AO.res" 1417
"../../../Engine/Content/Internationalization/icudt64l/lang/pt_PT.res" 1418
"../../../Engine/Content/Internationalization/icudt64l/region/pt_AO.res" 1419
"../../../Engine/Content/Internationalization/icudt64l/region/pt_PT.res" 1420
"../../../Engine/Content/Internationalization/icudt64l/lang/pt_CH.res" 1421
"../../../Engine/Content/Internationalization/icudt64l/region/pt_CH.res" 1422
"../../../Engine/Content/Internationalization/icudt64l/lang/pt_CV.res" 1423
"../../../Engine/Content/Internationalization/icudt64l/region/pt_CV.res" 1424
"../../../Engine/Content/Internationalization/icudt64l/lang/pt_GQ.res" 1425
"../../../Engine/Content/Internationalization/icudt64l/region/pt_GQ.res" 1426
"../../../Engine/Content/Internationalization/icudt64l/lang/pt_GW.res" 1427
"../../../Engine/Content/Internationalization/icudt64l/region/pt_GW.res" 1428
"../../../Engine/Content/Internationalization/icudt64l/lang/pt_LU.res" 1429
"../../../Engine/Content/Internationalization/icudt64l/region/pt_LU.res" 1430
"../../../Engine/Content/Internationalization/icudt64l/lang/pt_MO.res" 1431
"../../../Engine/Content/Internationalization/icudt64l/region/pt_MO.res" 1432
"../../../Engine/Content/Internationalization/icudt64l/lang/pt_MZ.res" 1433
"../../../Engine/Content/Internationalization/icudt64l/region/pt_MZ.res" 1434
"../../../Engine/Content/Internationalization/icudt64l/lang/pt_ST.res" 1435
"../../../Engine/Content/Internationalization/icudt64l/region/pt_ST.res" 1436
"../../../Engine/Content/Internationalization/icudt64l/lang/pt_TL.res" 1437
"../../../Engine/Content/Internationalization/icudt64l/region/pt_TL.res" 1438
"../../../Engine/Content/Internationalization/icudt64l/lang/qu.res" 1439
"../../../Engine/Content/Internationalization/icudt64l/region/qu.res" 1440
"../../../Engine/Content/Internationalization/icudt64l/lang/rm.res" 1441
"../../../Engine/Content/Internationalization/icudt64l/region/rm.res" 1442
"../../../Engine/Content/Internationalization/icudt64l/lang/rn.res" 1443
"../../../Engine/Content/Internationalization/icudt64l/region/rn.res" 1444
"../../../Engine/Content/Internationalization/icudt64l/lang/ro.res" 1445
"../../../Engine/Content/Internationalization/icudt64l/lang/ro_MD.res" 1446
"../../../Engine/Content/Internationalization/icudt64l/region/ro_MD.res" 1447
"../../../Engine/Content/Internationalization/icudt64l/region/ro.res" 1448
"../../../Engine/Content/Internationalization/icudt64l/lang/rof.res" 1449
"../../../Engine/Content/Internationalization/icudt64l/region/rof.res" 1450
"../../../Engine/Content/Internationalization/icudt64l/lang/ru.res" 1451
"../../../Engine/Content/Internationalization/icudt64l/region/ru.res" 1452
"../../../Engine/Content/Internationalization/icudt64l/region/ru_UA.res" 1453
"../../../Engine/Content/Internationalization/icudt64l/lang/rw.res" 1454
"../../../Engine/Content/Internationalization/icudt64l/region/rw.res" 1455
"../../../Engine/Content/Internationalization/icudt64l/lang/rwk.res" 1456
"../../../Engine/Content/Internationalization/icudt64l/region/rwk.res" 1457
"../../../Engine/Content/Internationalization/icudt64l/lang/sah.res" 1458
"../../../Engine/Content/Internationalization/icudt64l/region/sah.res" 1459
"../../../Engine/Content/Internationalization/icudt64l/lang/saq.res" 1460
"../../../Engine/Content/Internationalization/icudt64l/region/saq.res" 1461
"../../../Engine/Content/Internationalization/icudt64l/lang/sbp.res" 1462
"../../../Engine/Content/Internationalization/icudt64l/region/sbp.res" 1463
"../../../Engine/Content/Internationalization/icudt64l/lang/sd.res" 1464
"../../../Engine/Content/Internationalization/icudt64l/region/sd.res" 1465
"../../../Engine/Content/Internationalization/icudt64l/lang/se.res" 1466
"../../../Engine/Content/Internationalization/icudt64l/lang/se_FI.res" 1467
"../../../Engine/Content/Internationalization/icudt64l/region/se_FI.res" 1468
"../../../Engine/Content/Internationalization/icudt64l/region/se.res" 1469
"../../../Engine/Content/Internationalization/icudt64l/lang/seh.res" 1470
"../../../Engine/Content/Internationalization/icudt64l/region/seh.res" 1471
"../../../Engine/Content/Internationalization/icudt64l/lang/ses.res" 1472
"../../../Engine/Content/Internationalization/icudt64l/region/ses.res" 1473
"../../../Engine/Content/Internationalization/icudt64l/lang/sg.res" 1474
"../../../Engine/Content/Internationalization/icudt64l/region/sg.res" 1475
"../../../Engine/Content/Internationalization/icudt64l/lang/shi.res" 1476
"../../../Engine/Content/Internationalization/icudt64l/lang/shi_Latn.res" 1477
"../../../Engine/Content/Internationalization/icudt64l/lang/shi_MA.res" 1478
"../../../Engine/Content/Internationalization/icudt64l/lang/shi_Tfng_MA.res" 1479
"../../../Engine/Content/Internationalization/icudt64l/lang/shi_Tfng.res" 1480
"../../../Engine/Content/Internationalization/icudt64l/region/shi_MA.res" 1481
"../../../Engine/Content/Internationalization/icudt64l/region/shi_Tfng_MA.res" 1482
"../../../Engine/Content/Internationalization/icudt64l/region/shi_Tfng.res" 1483
"../../../Engine/Content/Internationalization/icudt64l/region/shi.res" 1484
"../../../Engine/Content/Internationalization/icudt64l/region/shi_Latn.res" 1485
"../../../Engine/Content/Internationalization/icudt64l/lang/si.res" 1486
"../../../Engine/Content/Internationalization/icudt64l/region/si.res" 1487
"../../../Engine/Content/Internationalization/icudt64l/lang/sk.res" 1488
"../../../Engine/Content/Internationalization/icudt64l/region/sk.res" 1489
"../../../Engine/Content/Internationalization/icudt64l/lang/sl.res" 1490
"../../../Engine/Content/Internationalization/icudt64l/region/sl.res" 1491
"../../../Engine/Content/Internationalization/icudt64l/lang/smn.res" 1492
"../../../Engine/Content/Internationalization/icudt64l/region/smn.res" 1493
"../../../Engine/Content/Internationalization/icudt64l/lang/sn.res" 1494
"../../../Engine/Content/Internationalization/icudt64l/region/sn.res" 1495
"../../../Engine/Content/Internationalization/icudt64l/lang/so.res" 1496
"../../../Engine/Content/Internationalization/icudt64l/region/so.res" 1497
"../../../Engine/Content/Internationalization/icudt64l/lang/sq.res" 1498
"../../../Engine/Content/Internationalization/icudt64l/region/sq.res" 1499
"../../../Engine/Content/Internationalization/icudt64l/lang/sr.res" 1500
"../../../Engine/Content/Internationalization/icudt64l/lang/sr_Cyrl.res" 1501
"../../../Engine/Content/Internationalization/icudt64l/lang/sr_BA.res" 1502
"../../../Engine/Content/Internationalization/icudt64l/lang/sr_Cyrl_BA.res" 1503
"../../../Engine/Content/Internationalization/icudt64l/region/sr_BA.res" 1504
"../../../Engine/Content/Internationalization/icudt64l/region/sr_Cyrl_BA.res" 1505
"../../../Engine/Content/Internationalization/icudt64l/region/sr_Cyrl.res" 1506
"../../../Engine/Content/Internationalization/icudt64l/region/sr.res" 1507
"../../../Engine/Content/Internationalization/icudt64l/lang/sr_ME.res" 1508
"../../../Engine/Content/Internationalization/icudt64l/lang/sr_Latn_ME.res" 1509
"../../../Engine/Content/Internationalization/icudt64l/lang/sr_Latn.res" 1510
"../../../Engine/Content/Internationalization/icudt64l/region/sr_ME.res" 1511
"../../../Engine/Content/Internationalization/icudt64l/region/sr_Latn_ME.res" 1512
"../../../Engine/Content/Internationalization/icudt64l/region/sr_Latn.res" 1513
"../../../Engine/Content/Internationalization/icudt64l/lang/sr_Cyrl_ME.res" 1514
"../../../Engine/Content/Internationalization/icudt64l/region/sr_Cyrl_ME.res" 1515
"../../../Engine/Content/Internationalization/icudt64l/lang/sr_RS.res" 1516
"../../../Engine/Content/Internationalization/icudt64l/lang/sr_Cyrl_RS.res" 1517
"../../../Engine/Content/Internationalization/icudt64l/region/sr_RS.res" 1518
"../../../Engine/Content/Internationalization/icudt64l/region/sr_Cyrl_RS.res" 1519
"../../../Engine/Content/Internationalization/icudt64l/lang/sr_XK.res" 1520
"../../../Engine/Content/Internationalization/icudt64l/lang/sr_Cyrl_XK.res" 1521
"../../../Engine/Content/Internationalization/icudt64l/region/sr_XK.res" 1522
"../../../Engine/Content/Internationalization/icudt64l/region/sr_Cyrl_XK.res" 1523
"../../../Engine/Content/Internationalization/icudt64l/lang/sr_Latn_BA.res" 1524
"../../../Engine/Content/Internationalization/icudt64l/region/sr_Latn_BA.res" 1525
"../../../Engine/Content/Internationalization/icudt64l/lang/sr_Latn_RS.res" 1526
"../../../Engine/Content/Internationalization/icudt64l/region/sr_Latn_RS.res" 1527
"../../../Engine/Content/Internationalization/icudt64l/lang/sr_Latn_XK.res" 1528
"../../../Engine/Content/Internationalization/icudt64l/region/sr_Latn_XK.res" 1529
"../../../Engine/Content/Internationalization/icudt64l/lang/sv.res" 1530
"../../../Engine/Content/Internationalization/icudt64l/region/sv.res" 1531
"../../../Engine/Content/Internationalization/icudt64l/lang/sv_FI.res" 1532
"../../../Engine/Content/Internationalization/icudt64l/lang/sw.res" 1533
"../../../Engine/Content/Internationalization/icudt64l/lang/sw_CD.res" 1534
"../../../Engine/Content/Internationalization/icudt64l/region/sw_CD.res" 1535
"../../../Engine/Content/Internationalization/icudt64l/region/sw.res" 1536
"../../../Engine/Content/Internationalization/icudt64l/lang/sw_KE.res" 1537
"../../../Engine/Content/Internationalization/icudt64l/region/sw_KE.res" 1538
"../../../Engine/Content/Internationalization/icudt64l/lang/ta.res" 1539
"../../../Engine/Content/Internationalization/icudt64l/region/ta.res" 1540
"../../../Engine/Content/Internationalization/icudt64l/lang/te.res" 1541
"../../../Engine/Content/Internationalization/icudt64l/region/te.res" 1542
"../../../Engine/Content/Internationalization/icudt64l/lang/teo.res" 1543
"../../../Engine/Content/Internationalization/icudt64l/region/teo.res" 1544
"../../../Engine/Content/Internationalization/icudt64l/lang/tg.res" 1545
"../../../Engine/Content/Internationalization/icudt64l/region/tg.res" 1546
"../../../Engine/Content/Internationalization/icudt64l/lang/th.res" 1547
"../../../Engine/Content/Internationalization/icudt64l/lang/th_TH.res" 1548
"../../../Engine/Content/Internationalization/icudt64l/region/th_TH.res" 1549
"../../../Engine/Content/Internationalization/icudt64l/region/th.res" 1550
"../../../Engine/Content/Internationalization/icudt64l/lang/ti.res" 1551
"../../../Engine/Content/Internationalization/icudt64l/region/ti.res" 1552
"../../../Engine/Content/Internationalization/icudt64l/lang/tk.res" 1553
"../../../Engine/Content/Internationalization/icudt64l/region/tk.res" 1554
"../../../Engine/Content/Internationalization/icudt64l/lang/to.res" 1555
"../../../Engine/Content/Internationalization/icudt64l/region/to.res" 1556
"../../../Engine/Content/Internationalization/icudt64l/lang/tr.res" 1557
"../../../Engine/Content/Internationalization/icudt64l/region/tr.res" 1558
"../../../Engine/Content/Internationalization/icudt64l/lang/tt.res" 1559
"../../../Engine/Content/Internationalization/icudt64l/region/tt.res" 1560
"../../../Engine/Content/Internationalization/icudt64l/lang/twq.res" 1561
"../../../Engine/Content/Internationalization/icudt64l/region/twq.res" 1562
"../../../Engine/Content/Internationalization/icudt64l/lang/tzm.res" 1563
"../../../Engine/Content/Internationalization/icudt64l/region/tzm.res" 1564
"../../../Engine/Content/Internationalization/icudt64l/lang/ug.res" 1565
"../../../Engine/Content/Internationalization/icudt64l/region/ug.res" 1566
"../../../Engine/Content/Internationalization/icudt64l/lang/uk.res" 1567
"../../../Engine/Content/Internationalization/icudt64l/region/uk.res" 1568
"../../../Engine/Content/Internationalization/icudt64l/lang/ur.res" 1569
"../../../Engine/Content/Internationalization/icudt64l/lang/ur_IN.res" 1570
"../../../Engine/Content/Internationalization/icudt64l/region/ur_IN.res" 1571
"../../../Engine/Content/Internationalization/icudt64l/region/ur.res" 1572
"../../../Engine/Content/Internationalization/icudt64l/lang/uz.res" 1573
"../../../Engine/Content/Internationalization/icudt64l/lang/uz_Arab.res" 1574
"../../../Engine/Content/Internationalization/icudt64l/lang/uz_AF.res" 1575
"../../../Engine/Content/Internationalization/icudt64l/lang/uz_Arab_AF.res" 1576
"../../../Engine/Content/Internationalization/icudt64l/region/uz_AF.res" 1577
"../../../Engine/Content/Internationalization/icudt64l/region/uz_Arab_AF.res" 1578
"../../../Engine/Content/Internationalization/icudt64l/region/uz_Arab.res" 1579
"../../../Engine/Content/Internationalization/icudt64l/lang/uz_Cyrl.res" 1580
"../../../Engine/Content/Internationalization/icudt64l/lang/uz_UZ.res" 1581
"../../../Engine/Content/Internationalization/icudt64l/lang/uz_Latn_UZ.res" 1582
"../../../Engine/Content/Internationalization/icudt64l/lang/uz_Latn.res" 1583
"../../../Engine/Content/Internationalization/icudt64l/region/uz_UZ.res" 1584
"../../../Engine/Content/Internationalization/icudt64l/region/uz_Latn_UZ.res" 1585
"../../../Engine/Content/Internationalization/icudt64l/region/uz_Latn.res" 1586
"../../../Engine/Content/Internationalization/icudt64l/region/uz.res" 1587
"../../../Engine/Content/Internationalization/icudt64l/region/uz_Cyrl.res" 1588
"../../../Engine/Content/Internationalization/icudt64l/lang/vai.res" 1589
"../../../Engine/Content/Internationalization/icudt64l/lang/vai_Latn.res" 1590
"../../../Engine/Content/Internationalization/icudt64l/lang/vai_LR.res" 1591
"../../../Engine/Content/Internationalization/icudt64l/lang/vai_Vaii_LR.res" 1592
"../../../Engine/Content/Internationalization/icudt64l/lang/vai_Vaii.res" 1593
"../../../Engine/Content/Internationalization/icudt64l/region/vai_LR.res" 1594
"../../../Engine/Content/Internationalization/icudt64l/region/vai_Vaii_LR.res" 1595
"../../../Engine/Content/Internationalization/icudt64l/region/vai_Vaii.res" 1596
"../../../Engine/Content/Internationalization/icudt64l/region/vai.res" 1597
"../../../Engine/Content/Internationalization/icudt64l/region/vai_Latn.res" 1598
"../../../Engine/Content/Internationalization/icudt64l/lang/vi.res" 1599
"../../../Engine/Content/Internationalization/icudt64l/region/vi.res" 1600
"../../../Engine/Content/Internationalization/icudt64l/lang/vun.res" 1601
"../../../Engine/Content/Internationalization/icudt64l/region/vun.res" 1602
"../../../Engine/Content/Internationalization/icudt64l/lang/wae.res" 1603
"../../../Engine/Content/Internationalization/icudt64l/region/wae.res" 1604
"../../../Engine/Content/Internationalization/icudt64l/lang/wo.res" 1605
"../../../Engine/Content/Internationalization/icudt64l/region/wo.res" 1606
"../../../Engine/Content/Internationalization/icudt64l/lang/xh.res" 1607
"../../../Engine/Content/Internationalization/icudt64l/region/xh.res" 1608
"../../../Engine/Content/Internationalization/icudt64l/lang/xog.res" 1609
"../../../Engine/Content/Internationalization/icudt64l/region/xog.res" 1610
"../../../Engine/Content/Internationalization/icudt64l/lang/yav.res" 1611
"../../../Engine/Content/Internationalization/icudt64l/region/yav.res" 1612
"../../../Engine/Content/Internationalization/icudt64l/lang/yi.res" 1613
"../../../Engine/Content/Internationalization/icudt64l/region/yi.res" 1614
"../../../Engine/Content/Internationalization/icudt64l/lang/yo.res" 1615
"../../../Engine/Content/Internationalization/icudt64l/lang/yo_BJ.res" 1616
"../../../Engine/Content/Internationalization/icudt64l/region/yo_BJ.res" 1617
"../../../Engine/Content/Internationalization/icudt64l/region/yo.res" 1618
"../../../Engine/Content/Internationalization/icudt64l/lang/yue.res" 1619
"../../../Engine/Content/Internationalization/icudt64l/lang/yue_Hans.res" 1620
"../../../Engine/Content/Internationalization/icudt64l/lang/yue_CN.res" 1621
"../../../Engine/Content/Internationalization/icudt64l/lang/yue_Hans_CN.res" 1622
"../../../Engine/Content/Internationalization/icudt64l/region/yue_CN.res" 1623
"../../../Engine/Content/Internationalization/icudt64l/region/yue_Hans_CN.res" 1624
"../../../Engine/Content/Internationalization/icudt64l/region/yue_Hans.res" 1625
"../../../Engine/Content/Internationalization/icudt64l/lang/yue_Hant.res" 1626
"../../../Engine/Content/Internationalization/icudt64l/lang/yue_HK.res" 1627
"../../../Engine/Content/Internationalization/icudt64l/lang/yue_Hant_HK.res" 1628
"../../../Engine/Content/Internationalization/icudt64l/region/yue_HK.res" 1629
"../../../Engine/Content/Internationalization/icudt64l/region/yue_Hant_HK.res" 1630
"../../../Engine/Content/Internationalization/icudt64l/region/yue_Hant.res" 1631
"../../../Engine/Content/Internationalization/icudt64l/region/yue.res" 1632
"../../../Engine/Content/Internationalization/icudt64l/lang/zgh.res" 1633
"../../../Engine/Content/Internationalization/icudt64l/region/zgh.res" 1634
"../../../Engine/Content/Internationalization/icudt64l/lang/zh.res" 1635
"../../../Engine/Content/Internationalization/icudt64l/lang/zh_Hans.res" 1636
"../../../Engine/Content/Internationalization/icudt64l/lang/zh_CN.res" 1637
"../../../Engine/Content/Internationalization/icudt64l/lang/zh_Hans_CN.res" 1638
"../../../Engine/Content/Internationalization/icudt64l/region/zh_CN.res" 1639
"../../../Engine/Content/Internationalization/icudt64l/region/zh_Hans_CN.res" 1640
"../../../Engine/Content/Internationalization/icudt64l/region/zh_Hans.res" 1641
"../../../Engine/Content/Internationalization/icudt64l/region/zh.res" 1642
"../../../Engine/Content/Internationalization/icudt64l/lang/zh_HK.res" 1643
"../../../Engine/Content/Internationalization/icudt64l/lang/zh_Hant_HK.res" 1644
"../../../Engine/Content/Internationalization/icudt64l/lang/zh_Hant.res" 1645
"../../../Engine/Content/Internationalization/icudt64l/region/zh_HK.res" 1646
"../../../Engine/Content/Internationalization/icudt64l/region/zh_Hant_HK.res" 1647
"../../../Engine/Content/Internationalization/icudt64l/region/zh_Hant.res" 1648
"../../../Engine/Content/Internationalization/icudt64l/lang/zh_MO.res" 1649
"../../../Engine/Content/Internationalization/icudt64l/lang/zh_Hant_MO.res" 1650
"../../../Engine/Content/Internationalization/icudt64l/region/zh_MO.res" 1651
"../../../Engine/Content/Internationalization/icudt64l/region/zh_Hant_MO.res" 1652
"../../../Engine/Content/Internationalization/icudt64l/lang/zh_SG.res" 1653
"../../../Engine/Content/Internationalization/icudt64l/lang/zh_Hans_SG.res" 1654
"../../../Engine/Content/Internationalization/icudt64l/region/zh_SG.res" 1655
"../../../Engine/Content/Internationalization/icudt64l/region/zh_Hans_SG.res" 1656
"../../../Engine/Content/Internationalization/icudt64l/lang/zh_TW.res" 1657
"../../../Engine/Content/Internationalization/icudt64l/lang/zh_Hant_TW.res" 1658
"../../../Engine/Content/Internationalization/icudt64l/region/zh_TW.res" 1659
"../../../Engine/Content/Internationalization/icudt64l/region/zh_Hant_TW.res" 1660
"../../../Engine/Content/Internationalization/icudt64l/lang/zu.res" 1661
"../../../Engine/Content/Internationalization/icudt64l/region/zu.res" 1662
"../../../Engine/Content/Internationalization/icudt64l/lang/no.res" 1663
"../../../Engine/Content/Internationalization/icudt64l/lang/tl.res" 1664
"../../../Engine/Config/Android/DataDrivenPlatformInfo.ini" 1665
"../../../Engine/Config/HoloLens/DataDrivenPlatformInfo.ini" 1666
"../../../Engine/Config/IOS/DataDrivenPlatformInfo.ini" 1667
"../../../Engine/Config/Linux/DataDrivenPlatformInfo.ini" 1668
"../../../Engine/Config/LinuxArm64/DataDrivenPlatformInfo.ini" 1669
"../../../Engine/Config/Mac/DataDrivenPlatformInfo.ini" 1670
"../../../Engine/Config/TVOS/DataDrivenPlatformInfo.ini" 1671
"../../../Engine/Config/Unix/DataDrivenPlatformInfo.ini" 1672
"../../../Engine/Config/VulkanPC/DataDrivenPlatformInfo.ini" 1673
"../../../Engine/Config/Windows/DataDrivenPlatformInfo.ini" 1674
"../../../Engine/DerivedDataCache/Compressed.ddp" 1675
"C:/Users/Neri/AppData/Local/UnrealEngine/Common/DerivedDataCache/TestData/0/TestData_4kb.dat" 1676
"C:/Users/Neri/AppData/Local/UnrealEngine/Common/DerivedDataCache/TestData/1/TestData_4kb.dat" 1677
"C:/Users/Neri/AppData/Local/UnrealEngine/Common/DerivedDataCache/TestData/0/TestData_8kb.dat" 1678
"C:/Users/Neri/AppData/Local/UnrealEngine/Common/DerivedDataCache/TestData/1/TestData_8kb.dat" 1679
"C:/Users/Neri/AppData/Local/UnrealEngine/Common/DerivedDataCache/TestData/0/TestData_16kb.dat" 1680
"C:/Users/Neri/AppData/Local/UnrealEngine/Common/DerivedDataCache/TestData/1/TestData_16kb.dat" 1681
"C:/Users/Neri/AppData/Local/UnrealEngine/Common/DerivedDataCache/TestData/0/TestData_64kb.dat" 1682
"C:/Users/Neri/AppData/Local/UnrealEngine/Common/DerivedDataCache/TestData/1/TestData_64kb.dat" 1683
"C:/Users/Neri/AppData/Local/UnrealEngine/Common/DerivedDataCache/TestData/0/TestData_128kb.dat" 1684
"C:/Users/Neri/AppData/Local/UnrealEngine/Common/DerivedDataCache/TestData/1/TestData_128kb.dat" 1685
"C:/Users/Neri/AppData/Local/UnrealEngine/Common/DerivedDataCache/TestData/0/TestData_256kb.dat" 1686
"C:/Users/Neri/AppData/Local/UnrealEngine/Common/DerivedDataCache/TestData/1/TestData_256kb.dat" 1687
"../../../Engine/Plugins/FX/Niagara/Shaders/Private/NiagaraSpriteVertexFactory.ush" 1688
"../../../Engine/Shaders/Private/VertexFactoryCommon.ush" 1689
"../../../Engine/Shaders/Private/Common.ush" 1690
"../../../Engine/Shaders/Public/Platform.ush" 1691
"../../../Engine/Shaders/Public/FP16Math.ush" 1692
"../../../Engine/Shaders/Public/Platform/D3D/D3DCommon.ush" 1693
"../../../Engine/Shaders/Public/BindlessResources.ush" 1694
"../../../Engine/Shaders/Public/ShaderVersion.ush" 1695
"../../../Engine/Shaders/Private/GeneratedUniformBufferTypes.ush" 1696
"../../../Engine/Shaders/Private/Nanite/NanitePackedNaniteView.ush" 1697
"../../../Engine/Shaders/Private/HairStrands/HairStrandsVisibilityCommonStruct.ush" 1698
"../../../Engine/Shaders/Private/HairStrands/HairStrandsVoxelPageCommonStruct.ush" 1699
"../../../Engine/Shaders/Private/HairStrands/HairStrandsDeepShadowCommonStruct.ush" 1700
"../../../Engine/Shaders/Private/CommonViewUniformBuffer.ush" 1701
"../../../Engine/Shaders/Private/LargeWorldCoordinates.ush" 1702
"../../../Engine/Shaders/Private/LWCOperations.ush" 1703
"../../../Engine/Shaders/Private/InstancedStereo.ush" 1704
"../../../Engine/Shaders/Private/Definitions.usf" 1705
"../../../Engine/Shaders/Private/AssertionMacros.ush" 1706
"../../../Engine/Shaders/Private/FastMath.ush" 1707
"../../../Engine/Shaders/Private/FastMathThirdParty.ush" 1708
"../../../Engine/Shaders/Private/Random.ush" 1709
"../../../Engine/Shaders/Private/SceneData.ush" 1710
"../../../Engine/Shaders/Private/OctahedralCommon.ush" 1711
"../../../Engine/Shaders/Private/ParticleVertexFactoryCommon.ush" 1712
"../../../Engine/Plugins/FX/Niagara/Shaders/Private/NiagaraVFCommon.usf" 1713
"../../../Engine/Plugins/FX/Niagara/Shaders/Private/NiagaraVFParticleAccess.usf" 1714
"../../../Engine/Plugins/FX/Niagara/Shaders/Private/NiagaraParticleAccess.ush" 1715
"../../../Engine/Shaders/Private/VertexFactoryDefaultInterface.ush" 1716
"../../../Engine/Plugins/FX/Niagara/Shaders/Private/NiagaraRibbonVertexFactory.ush" 1717
"../../../Engine/Plugins/FX/Niagara/Shaders/Private/NiagaraMeshVertexFactory.ush" 1718
"../../../Engine/Plugins/FX/Niagara/Shaders/Private/NiagaraCommon.ush" 1719
"../../../Engine/Plugins/FX/Niagara/Shaders/Private/NiagaraMeshParticleUtils.ush" 1720
"../../../Engine/Shaders/Private/RayTracing/RayTracingCommon.ush" 1721
"../../../Engine/Shaders/Private/ShadingCommon.ush" 1722
"../../../Engine/Shaders/Shared/RayTracingDefinitions.h" 1723
"../../../Engine/Shaders/Private/Strata/Strata.ush" 1724
"../../../Engine/Shaders/Private/ShadingEnergyConservation.ush" 1725
"../../../Engine/Shaders/Private/ShadingEnergyConservationTemplate.ush" 1726
"../../../Engine/Shaders/Private/BRDF.ush" 1727
"../../../Engine/Shaders/Private/ColorSpace.ush" 1728
"../../../Engine/Shaders/Private/DeferredShadingCommon.ush" 1729
"../../../Engine/Shaders/Private/LightAccumulator.ush" 1730
"../../../Engine/Shaders/Private/SceneTexturesCommon.ush" 1731
"../../../Engine/Shaders/Private/MonteCarlo.ush" 1732
"../../../Engine/Shaders/Private/GBufferHelpers.ush" 1733
"../../../Engine/Shaders/Private/SceneTextureParameters.ush" 1734
"D:/LobinhoTheGame/UE5_LobinhoTheGame/Intermediate/ShaderAutogen/PCD3D_SM5/AutogenShaderHeaders.ush" 1735
"../../../Engine/Shaders/Private/ParticipatingMediaCommon.ush" 1736
"../../../Engine/Shaders/Private/ThinFilmBSDF.ush" 1737
"../../../Engine/Shaders/Private/MortonCode.ush" 1738
"../../../Engine/Shaders/Private/SubsurfaceProfileCommon.ush" 1739
"../../../Engine/Shaders/Private/BurleyNormalizedSSSCommon.ush" 1740
"../../../Engine/Shaders/Shared/StrataDefinitions.h" 1741
"../../../Engine/Shaders/Private/Strata/StrataStatisticalOperators.ush" 1742
"../../../Engine/Shaders/Private/PositionReconstructionCommon.ush" 1743
"../../../Engine/Shaders/Private/RayTracing/RayTracingHitGroupCommon.ush" 1744
"../../../Engine/Shaders/Shared/RayTracingBuiltInResources.h" 1745
"../../../Engine/Shaders/Private/VectorFieldVisualizationVertexFactory.ush" 1746
"../../../Engine/Shaders/Private/Nanite/NaniteVertexFactory.ush" 1747
"../../../Engine/Shaders/Private/LightmapData.ush" 1748
"../../../Engine/Shaders/Private/Nanite/NaniteDataDecode.ush" 1749
"../../../Engine/Shaders/Private/BitPacking.ush" 1750
"../../../Engine/Shaders/Private/BitStreamReaderImplementation.ush" 1751
"../../../Engine/Shaders/Shared/NaniteDefinitions.h" 1752
"../../../Engine/Shaders/Private/Nanite/NaniteAttributeDecode.ush" 1753
"../../../Engine/Shaders/Public/WaveBroadcastIntrinsics.ush" 1754
"../../../Engine/Shaders/Private/ParticleSpriteVertexFactory.ush" 1755
"../../../Engine/Shaders/Private/ParticleGPUSpriteVertexFactory.ush" 1756
"../../../Engine/Shaders/Private/ParticleBeamTrailVertexFactory.ush" 1757
"../../../Engine/Shaders/Private/MeshParticleVertexFactory.ush" 1758
"../../../Engine/Shaders/Private/LocalVertexFactory.ush" 1759
"../../../Engine/Shaders/Private/LocalVertexFactoryCommon.ush" 1760
"../../../Engine/Shaders/Private/GpuSkinCommon.ush" 1761
"../../../Engine/Shaders/Private/GpuSkinVertexFactory.ush" 1762
"../../../Engine/Shaders/Private/GeometryCollectionVertexFactory.ush" 1763
"../../../Engine/Shaders/Private/GeometryCacheVertexFactory.ush" 1764
"../../../Engine/Shaders/Private/LandscapeVertexFactory.ush" 1765
"../../../Engine/Plugins/FX/Niagara/Shaders/Private/NiagaraFillIntBuffer.usf" 1766
"../../../Engine/Plugins/FX/Niagara/Shaders/Private/NiagaraComputeFreeIDs.usf" 1767
"../../../Engine/Plugins/FX/Niagara/Shaders/Private/NiagaraInitFreeIDBuffer.usf" 1768
"../../../Engine/Plugins/FX/Niagara/Shaders/Private/NiagaraEmitterInstanceShader.usf" 1769
"../../../Engine/Plugins/FX/Niagara/Shaders/Private/NiagaraShaderVersion.ush" 1770
"../../../Engine/Shaders/Private/DistanceField/GlobalDistanceFieldShared.ush" 1771
"../../../Engine/Plugins/FX/Niagara/Shaders/Private/NiagaraPhysicsCommon.ush" 1772
"../../../Engine/Plugins/FX/Niagara/Shaders/Private/Ribbons/NiagaraRibbonGenerateIndices.usf" 1773
"../../../Engine/Plugins/FX/Niagara/Shaders/Private/Ribbons/NiagaraRibbonCommon.ush" 1774
"../../../Engine/Plugins/FX/Niagara/Shaders/Private/Ribbons/NiagaraRibbonInitializeIndices.usf" 1775
"../../../Engine/Plugins/FX/Niagara/Shaders/Private/Ribbons/NiagaraRibbonRibbonUVParamCalculation.usf" 1776
"../../../Engine/Plugins/FX/Niagara/Shaders/Private/Ribbons/NiagaraRibbonVertexReductionFinalization.usf" 1777
"../../../Engine/Plugins/FX/Niagara/Shaders/Private/Ribbons/NiagaraRibbonVertexReductionPropagation.usf" 1778
"../../../Engine/Plugins/FX/Niagara/Shaders/Private/Ribbons/NiagaraRibbonVertexReductionInitialization.usf" 1779
"../../../Engine/Plugins/FX/Niagara/Shaders/Private/Ribbons/NiagaraRibbonSortParticles.usf" 1780
"../../../Engine/Plugins/FX/Niagara/Shaders/Private/NiagaraUpdateMeshGPUSceneInstances.usf" 1781
"../../../Engine/Shaders/Private/ComputeShaderUtils.ush" 1782
"../../../Engine/Shaders/Private/GPUScene/GPUSceneWriter.ush" 1783
"../../../Engine/Plugins/FX/Niagara/Shaders/Private/NiagaraGenerateMips.usf" 1784
"../../../Engine/Shaders/Private/GammaCorrectionCommon.ush" 1785
"../../../Engine/Plugins/FX/Niagara/Shaders/Private/NiagaraDebugDraw.usf" 1786
"../../../Engine/Plugins/FX/Niagara/Shaders/Private/NiagaraDebugDraw.ush" 1787
"../../../Engine/Plugins/FX/Niagara/Shaders/Private/NiagaraVisualizeTexture.usf" 1788
"../../../Engine/Plugins/FX/Niagara/Shaders/Private/NiagaraClearCounts.usf" 1789
"../../../Engine/Plugins/FX/Niagara/Shaders/Private/NiagaraBatchedElements.usf" 1790
"../../../Engine/Plugins/FX/Niagara/Shaders/Private/NiagaraRayTracingShaders.usf" 1791
"../../../Engine/Plugins/FX/Niagara/Shaders/Private/NiagaraAsyncGpuTraceCommon.ush" 1792
"../../../Engine/Shaders/Private/HashTable.ush" 1793
"../../../Engine/Shaders/Private/Hash.ush" 1794
"../../../Engine/Shaders/Private/RayTracing/VFXTraceRay.ush" 1795
"../../../Engine/Plugins/FX/Niagara/Shaders/Private/NiagaraRayMarchingShaders.usf" 1796
"../../../Engine/Plugins/FX/Niagara/Shaders/Private/NiagaraRayTraceCollisionGroupShaders.usf" 1797
"../../../Engine/Plugins/FX/Niagara/Shaders/Private/NiagaraAsyncGpuTraceUtils.usf" 1798
"../../../Engine/Plugins/FX/Niagara/Shaders/Private/NiagaraSortKeyGen.usf" 1799
"../../../Engine/Plugins/FX/Niagara/Shaders/Private/NiagaraGPURayTracingTransforms.usf" 1800
"../../../Engine/Plugins/FX/Niagara/Shaders/Private/NiagaraDrawIndirectArgsGen.usf" 1801
"../../../Engine/Plugins/Enterprise/GLTFExporter/Shaders/Private/SimpleTexture2DPS.usf" 1802
"../../../Engine/Shaders/Private/SimpleElementNormalMapPixelShader.usf" 1803
"../../../Engine/Plugins/Enterprise/GLTFExporter/Shaders/Private/CubemapFacePS.usf" 1804
"../../../Engine/Plugins/Enterprise/GLTFExporter/Shaders/Private/CombinedTexturePS.usf" 1805
"../../../Engine/Plugins/Media/WmfMedia/Shaders/Private/MediaHardwareVideoDecoding.usf" 1806
"../../../Engine/Shaders/Private/ColorUtils.ush" 1807
"../../../Engine/Plugins/Media/ImgMedia/Shaders/Private/ExrSwizzler.usf" 1808
"../../../Engine/Shaders/Private/SlateElementPixelShader.usf" 1809
"../../../Engine/Shaders/Private/SlateShaderCommon.ush" 1810
"../../../Engine/Shaders/Private/MaterialTemplate.ush" 1811
"../../../Engine/Shaders/Private/EyeAdaptationCommon.ush" 1812
"../../../Engine/Shaders/Private/SobolRandom.ush" 1813
"../../../Engine/Shaders/Private/DepthOfFieldCommon.ush" 1814
"../../../Engine/Shaders/Private/CircleDOFCommon.ush" 1815
"../../../Engine/Shaders/Private/PhysicsFieldSampler.ush" 1816
"../../../Engine/Shaders/Private/PhysicsFieldShared.ush" 1817
"../../../Engine/Shaders/Private/HairShadingCommon.ush" 1818
"../../../Engine/Shaders/Private/HairStrands/HairCardsAttributeCommon.ush" 1819
"../../../Engine/Shaders/Private/HairStrands/HairStrandsVertexFactoryCommon.ush" 1820
"../../../Engine/Shaders/Private/HairStrands/HairStrandsAttributeCommon.ush" 1821
"../../../Engine/Shaders/Private/SpeedTreeCommon.ush" 1822
"../../../Engine/Shaders/Private/VirtualTextureCommon.ush" 1823
"../../../Engine/Shaders/Private/MaterialTexture.ush" 1824
"../../../Engine/Shaders/Private/MinMaterialTexCoords.ush" 1825
"../../../Engine/Shaders/Private/SkyAtmosphereCommon.ush" 1826
"../../../Engine/Shaders/Private/SingleLayerWaterCommon.ush" 1827
"../../../Engine/Shaders/Private/TextureSampling.ush" 1828
"../../../Engine/Shaders/Private/PaniniProjection.ush" 1829
"../../../Engine/Shaders/Private/DBufferNormalReprojection.ush" 1830
"../../../Engine/Shaders/Private/Strata/StrataTree.ush" 1831
"../../../Engine/Shaders/Private/Strata/StrataEvaluation.ush" 1832
"../../../Engine/Shaders/Private/SHCommon.ush" 1833
"../../../Engine/Shaders/Private/ShadingModels.ush" 1834
"../../../Engine/Shaders/Private/CapsuleLight.ush" 1835
"../../../Engine/Shaders/Private/RectLight.ush" 1836
"../../../Engine/Shaders/Private/AreaLightCommon.ush" 1837
"../../../Engine/Shaders/Private/TransmissionCommon.ush" 1838
"../../../Engine/Shaders/Private/HairBsdf.ush" 1839
"../../../Engine/Shaders/Private/MobileGGX.ush" 1840
"../../../Engine/Shaders/Private/ShadingModelsSampling.ush" 1841
"../../../Engine/Shaders/Private/HairStrands/HairBsdfSample.ush" 1842
"../../../Engine/Shaders/Private/HairStrands/HairStrandsCommon.ush" 1843
"../../../Engine/Shaders/Private/HairStrands/HairStrandsDeepTransmittanceCommon.ush" 1844
"../../../Engine/Shaders/Private/HairStrands/HairStrandsDeepTransmittanceDualScattering.ush" 1845
"../../../Engine/Shaders/Private/Strata/StrataLegacyConversion.ush" 1846
"../../../Engine/Shaders/Private/DBufferDecalShared.ush" 1847
"../../../Engine/Shaders/Private/CompositeUIPixelShader.usf" 1848
"../../../Engine/Shaders/Private/TonemapCommon.ush" 1849
"../../../Engine/Shaders/Private/ACES.ush" 1850
"../../../Engine/Shaders/Private/ColorDeficiency.ush" 1851
"../../../Engine/Shaders/Private/SlateMaskingShader.usf" 1852
"../../../Engine/Shaders/Private/SlatePostProcessColorDeficiencyPixelShader.usf" 1853
"../../../Engine/Shaders/Private/SlatePostProcessPixelShader.usf" 1854
"../../../Engine/Shaders/Private/SlateVertexShader.usf" 1855
"../../../Engine/Shaders/Private/TranslucentLightingShaders.usf" 1856
"../../../Engine/Shaders/Private/ShadowProjectionCommon.ush" 1857
"../../../Engine/Shaders/Private/CubemapCommon.ush" 1858
"../../../Engine/Shaders/Private/VectorFieldCompositeShaders.usf" 1859
"../../../Engine/Shaders/Private/UpdateTextureShaders.usf" 1860
"../../../Engine/Shaders/Private/StereoLayerShader.usf" 1861
"../../../Engine/Shaders/Private/MorphTargets.usf" 1862
"../../../Engine/Shaders/Private/SimpleElementColorChannelMaskPixelShader.usf" 1863
"../../../Engine/Shaders/Private/SimpleElementHitProxyPixelShader.usf" 1864
"../../../Engine/Shaders/Private/SimpleElementPixelShader.usf" 1865
"../../../Engine/Shaders/Private/IESLightProfilesCommon.ush" 1866
"../../../Engine/Shaders/Private/SimpleElementVertexShader.usf" 1867
"../../../Engine/Shaders/Private/ScreenPixelShaderOES.usf" 1868
"../../../Engine/Shaders/Private/ScreenVertexShader.usf" 1869
"../../../Engine/Shaders/Private/ScreenPixelShader.usf" 1870
"../../../Engine/Shaders/Private/SSProfilePreIntegratedMobile.usf" 1871
"../../../Engine/Shaders/Private/Nanite/NaniteClusterCulling.usf" 1872
"../../../Engine/Shaders/Private/Nanite/NaniteCulling.ush" 1873
"../../../Engine/Shaders/Private/Nanite/NaniteHierarchyTraversalCommon.ush" 1874
"../../../Engine/Shaders/Private/Nanite/NaniteHierarchyTraversal.ush" 1875
"../../../Engine/Shaders/Private/WaveOpUtil.ush" 1876
"../../../Engine/Shaders/Private/VirtualShadowMaps/VirtualShadowMapPageOverlap.ush" 1877
"../../../Engine/Shaders/Private/Nanite/NaniteHZBCull.ush" 1878
"../../../Engine/Shaders/Private/VirtualShadowMaps/VirtualShadowMapPageAccessCommon.ush" 1879
"../../../Engine/Shaders/Shared/VirtualShadowMapDefinitions.h" 1880
"../../../Engine/Shaders/Private/VirtualShadowMaps/VirtualShadowMapStaticCaching.ush" 1881
"../../../Engine/Shaders/Private/Nanite/NaniteCullingCommon.ush" 1882
"../../../Engine/Shaders/Private/GPUMessaging.ush" 1883
"../../../Engine/Shaders/Private/Nanite/NaniteTranscode.usf" 1884
"../../../Engine/Shaders/Private/VolumetricLightmapStreaming.usf" 1885
"../../../Engine/Shaders/Private/PhysicsFieldReset.usf" 1886
"../../../Engine/Shaders/Private/PhysicsFieldBuilder.usf" 1887
"../../../Engine/Shaders/Private/PhysicsFieldEval.ush" 1888
"../../../Engine/Shaders/Private/ParticleSortKeyGen.usf" 1889
"../../../Engine/Shaders/Private/ParticleBoundsShader.usf" 1890
"../../../Engine/Shaders/Private/ParticleSimVisualizeShader.usf" 1891
"../../../Engine/Shaders/Private/ParticleInjectionShader.usf" 1892
"../../../Engine/Shaders/Private/ParticleSimulationShader.usf" 1893
"../../../Engine/Shaders/Private/ParticleCurveInjectionShader.usf" 1894
"../../../Engine/Shaders/Private/CopyUIntBuffer.usf" 1895
"../../../Engine/Shaders/Private/RadixSortShaders.usf" 1896
"../../../Engine/Shaders/Private/RecomputeTangentsPerVertexPass.usf" 1897
"../../../Engine/Shaders/Private/RecomputeTangentsCommon.ush" 1898
"../../../Engine/Shaders/Private/RecomputeTangentsPerTrianglePass.usf" 1899
"../../../Engine/Shaders/Private/GpuSkinCacheComputeShader.usf" 1900
"../../../Engine/Shaders/Private/HeightFieldAtlasManagement.usf" 1901
"../../../Engine/Shaders/Private/LandscapePhysicalMaterial.usf" 1902
"../../../Engine/Shaders/Private/LandscapeGrassWeight.usf" 1903
"../../../Engine/Shaders/Private/Landscape/LandscapeLayersWeightmapsPS.usf" 1904
"../../../Engine/Shaders/Private/Landscape/LandscapeLayersHeightmapsPS.usf" 1905
"../../../Engine/Shaders/Private/Landscape/LandscapeCommon.ush" 1906
"../../../Engine/Shaders/Private/LandscapeLayersCS.usf" 1907
"../../../Engine/Shaders/Private/LandscapeLayersPS.usf" 1908
"../../../Engine/Shaders/Private/LandscapeLayersVS.usf" 1909
"../../../Engine/Shaders/Private/Landscape/LandscapeMergeHeightmapsPS.usf" 1910
"../../../Engine/Shaders/Private/WideCustomResolveShaders.usf" 1911
"../../../Engine/Shaders/Private/WideCustomResolve_Wide.ush" 1912
"../../../Engine/Shaders/Private/WideCustomResolve_Wider.ush" 1913
"../../../Engine/Shaders/Private/WideCustomResolve_Widest.ush" 1914
"../../../Engine/Shaders/Private/PageTableUpdate.usf" 1915
"../../../Engine/Shaders/Private/VirtualTextureCompress.usf" 1916
"../../../Engine/Shaders/Private/BlockCompressionCommon.ush" 1917
"../../../Engine/Shaders/Private/BCCompressionCommon.ush" 1918
"../../../Engine/Shaders/Private/ETCCompressionCommon.ush" 1919
"../../../Engine/Shaders/Private/VirtualTextureMaterial.usf" 1920
"../../../Engine/Shaders/Private/PixelShaderOutputCommon.ush" 1921
"../../../Engine/Shaders/Private/ShaderOutputCommon.ush" 1922
"../../../Engine/Shaders/Private/VolumetricRenderTarget.usf" 1923
"../../../Engine/Shaders/Private/VolumetricFogVoxelization.usf" 1924
"../../../Engine/Shaders/Private/VolumetricCloudMaterialPixelCommon.ush" 1925
"../../../Engine/Shaders/Private/VolumetricFogLightFunction.usf" 1926
"../../../Engine/Shaders/Private/LightFunctionCommon.ush" 1927
"../../../Engine/Shaders/Private/VolumetricFog.usf" 1928
"../../../Engine/Shaders/Private/DeferredLightingCommon.ush" 1929
"../../../Engine/Shaders/Private/DynamicLightingCommon.ush" 1930
"../../../Engine/Shaders/Private/CapsuleLightIntegrate.ush" 1931
"../../../Engine/Shaders/Private/CapsuleLightSampling.ush" 1932
"../../../Engine/Shaders/Private/RectLightIntegrate.ush" 1933
"../../../Engine/Shaders/Private/LightGridCommon.ush" 1934
"../../../Engine/Shaders/Private/HeightFogCommon.ush" 1935
"../../../Engine/Shaders/Private/DistanceFieldAOShared.ush" 1936
"../../../Engine/Shaders/Private/VolumeLightingCommon.ush" 1937
"../../../Engine/Shaders/Private/ShadowFilteringCommon.ush" 1938
"../../../Engine/Shaders/Private/PixelQuadMessagePassing.ush" 1939
"../../../Engine/Shaders/Private/VolumeLightingCommonSampling.ush" 1940
"../../../Engine/Shaders/Private/VolumetricLightmapShared.ush" 1941
"../../../Engine/Shaders/Private/ForwardShadowingCommon.ush" 1942
"../../../Engine/Shaders/Private/Lumen/LumenTranslucencyVolumeShared.ush" 1943
"../../../Engine/Shaders/Private/Lumen/LumenRadianceCacheInterpolation.ush" 1944
"../../../Engine/Shaders/Private/VirtualShadowMaps/VirtualShadowMapProjectionCommon.ush" 1945
"../../../Engine/Shaders/Private/VirtualShadowMaps/VirtualShadowMapProjectionStructs.ush" 1946
"../../../Engine/Shaders/Private/VolumetricCloudCommon.ush" 1947
"../../../Engine/Shaders/Private/VolumetricCloud.usf" 1948
"../../../Engine/Shaders/Private/ColorMap.ush" 1949
"../../../Engine/Shaders/Private/ShaderPrint.ush" 1950
"../../../Engine/Shaders/Private/ShaderPrintCommon.ush" 1951
"../../../Engine/Shaders/Private/MiniFontCommon.ush" 1952
"../../../Engine/Shaders/Private/ReflectionEnvironmentShared.ush" 1953
"../../../Engine/Shaders/Private/VisualizeVolumetricLightmap.usf" 1954
"../../../Engine/Shaders/Private/VirtualShadowMaps/VirtualShadowMapProjectionComposite.usf" 1955
"../../../Engine/Shaders/Private/LightShaderParameters.ush" 1956
"../../../Engine/Shaders/Private/VirtualShadowMaps/VirtualShadowMapMaskBitsCommon.ush" 1957
"../../../Engine/Shaders/Private/VirtualShadowMaps/VirtualShadowMapProjection.usf" 1958
"../../../Engine/Shaders/Private/HairStrands/HairStrandsVisibilityCommon.ush" 1959
"../../../Engine/Shaders/Private/Visualization.ush" 1960
"../../../Engine/Shaders/Private/VirtualShadowMaps/VirtualShadowMapProjectionDirectional.ush" 1961
"../../../Engine/Shaders/Private/PathTracing/Utilities/PathTracingRandomSequence.ush" 1962
"../../../Engine/Shaders/Private/VirtualShadowMaps/VirtualShadowMapSMRTCommon.ush" 1963
"../../../Engine/Shaders/Private/VirtualShadowMaps/VirtualShadowMapSMRTTemplate.ush" 1964
"../../../Engine/Shaders/Private/VirtualShadowMaps/VirtualShadowMapProjectionSpot.ush" 1965
"../../../Engine/Shaders/Private/VirtualShadowMaps/VirtualShadowMapTransmissionCommon.ush" 1966
"../../../Engine/Shaders/Private/HairStrands/HairStrandsVoxelPageCommon.ush" 1967
"../../../Engine/Shaders/Private/HairStrands/HairStrandsVoxelPageTraversal.ush" 1968
"../../../Engine/Shaders/Private/VirtualShadowMaps/VirtualShadowMapCacheManagement.usf" 1969
"../../../Engine/Shaders/Private/VirtualShadowMaps/VirtualShadowMapPageCacheCommon.ush" 1970
"../../../Engine/Shaders/Private/ScreenSpaceDenoise/SSDDefinitions.ush" 1971
"../../../Engine/Shaders/Private/InstanceCulling/InstanceCullingLoadBalancer.ush" 1972
"../../../Engine/Shaders/Private/VirtualShadowMaps/VirtualShadowMapCopyStats.usf" 1973
"../../../Engine/Shaders/Private/VirtualShadowMaps/VirtualShadowMapPageManagement.usf" 1974
"../../../Engine/Shaders/Private/HairStrands/HairStrandsTileCommon.ush" 1975
"../../../Engine/Shaders/Private/ReductionCommon.ush" 1976
"../../../Engine/Shaders/Private/VirtualShadowMaps/VirtualShadowMapStats.ush" 1977
"../../../Engine/Shaders/Private/VirtualShadowMaps/VirtualShadowMapBuildPerPageDrawCommands.usf" 1978
"../../../Engine/Shaders/Private/InstanceCulling/InstanceCullingCommon.ush" 1979
"../../../Engine/Shaders/Private/VirtualShadowMaps/VirtualShadowMapPrintStats.usf" 1980
"../../../Engine/Shaders/Private/VirtualShadowMaps/VirtualShadowMapDebug.usf" 1981
"../../../Engine/Shaders/Private/VelocityShader.usf" 1982
"../../../Engine/Shaders/Private/VelocityCommon.ush" 1983
"../../../Engine/Shaders/Private/VariableRateShading.usf" 1984
"../../../Engine/Shaders/Private/TranslucencyUpsampling.usf" 1985
"../../../Engine/Shaders/Private/ScreenPass.ush" 1986
"../../../Engine/Shaders/Private/ComposeSeparateTranslucency.usf" 1987
"../../../Engine/Shaders/Private/SeparateTranslucency.ush" 1988
"../../../Engine/Shaders/Private/TranslucentLightInjectionShaders.usf" 1989
"../../../Engine/Shaders/Private/TranslucentShadowDepthShaders.usf" 1990
"../../../Engine/Shaders/Private/ShadowDepthCommon.ush" 1991
"../../../Engine/Shaders/Private/RayTracing/RayTracingTest.usf" 1992
"../../../Engine/Shaders/Private/PostProcessSubsurfaceTile.usf" 1993
"../../../Engine/Shaders/Private/Strata/StrataVisualize.usf" 1994
"../../../Engine/Shaders/Private/Strata/StrataTile.ush" 1995
"../../../Engine/Shaders/Private/SkyLightingDiffuseShared.ush" 1996
"../../../Engine/Shaders/Private/SkyLightingShared.ush" 1997
"../../../Engine/Shaders/Private/ClearCoatCommon.ush" 1998
"../../../Engine/Shaders/Private/ReflectionEnvironmentComposite.ush" 1999
"../../../Engine/Shaders/Private/Strata/StrataLightingCommon.ush" 2000
"../../../Engine/Shaders/Private/Strata/StrataRoughRefraction.usf" 2001
"../../../Engine/Shaders/Private/PathTracing/Material/PathTracingFresnel.ush" 2002
"../../../Engine/Shaders/Private/PathTracing/Material/PathTracingGlossy.ush" 2003
"../../../Engine/Shaders/Private/Strata/StrataTile.usf" 2004
"../../../Engine/Shaders/Private/Strata/StrataMaterialClassification.usf" 2005
"../../../Engine/Shaders/Private/SkyAtmosphere.usf" 2006
"../../../Engine/Shaders/Private/CopyDepthTexture.usf" 2007
"../../../Engine/Shaders/Private/SingleLayerWaterComposite.usf" 2008
"../../../Engine/Shaders/Private/ShadowProjectionVertexShader.usf" 2009
"../../../Engine/Shaders/Private/ShadowProjectionPixelShader.usf" 2010
"../../../Engine/Shaders/Private/ShadowPercentageCloserFiltering.ush" 2011
"../../../Engine/Shaders/Private/TransmissionThickness.ush" 2012
"../../../Engine/Shaders/Private/CopyShadowMaps.usf" 2013
"../../../Engine/Shaders/Private/ShadowDepthPixelShader.usf" 2014
"../../../Engine/Shaders/Private/ShadowDepthVertexShader.usf" 2015
"../../../Engine/Shaders/Private/ShadingEnergyConservationTable.usf" 2016
"../../../Engine/Shaders/Shared/PathTracingDefinitions.h" 2017
"../../../Engine/Shaders/Private/ShadingFurnaceTest.usf" 2018
"../../../Engine/Shaders/Private/Strata/StrataDeferredLighting.ush" 2019
"../../../Engine/Shaders/Private/ShaderPrintDrawPrimitive.usf" 2020
"../../../Engine/Shaders/Private/ShaderPrintDraw.usf" 2021
"../../../Engine/Shaders/Private/SSRT/SSRTDiffuseIndirect.usf" 2022
"../../../Engine/Shaders/Private/SSRT/SSRTRayCast.ush" 2023
"../../../Engine/Shaders/Private/SSRT/SSRTTileClassificationBuffer.ush" 2024
"../../../Engine/Shaders/Private/SSRT/SSRTReflections.usf" 2025
"../../../Engine/Shaders/Private/ScreenSpaceDenoise/SSDPublic.ush" 2026
"../../../Engine/Shaders/Private/SSRT/SSRTTileClassification.usf" 2027
"../../../Engine/Shaders/Private/SSRT/SSRTPrevFrameReduction.usf" 2028
"../../../Engine/Shaders/Private/ScreenSpaceDenoise/SSDComposeHarmonics.usf" 2029
"../../../Engine/Shaders/Private/ScreenSpaceDenoise/SSDPublicHarmonics.ush" 2030
"../../../Engine/Shaders/Private/ScreenSpaceDenoise/SSDSignalFramework.ush" 2031
"../../../Engine/Shaders/Private/ScreenSpaceDenoise/SSDCommon.ush" 2032
"../../../Engine/Shaders/Private/SphericalGaussian.ush" 2033
"../../../Engine/Shaders/Private/ScreenSpaceDenoise/SSDMetadata.ush" 2034
"../../../Engine/Shaders/Private/ScreenSpaceDenoise/SSDSignalCore.ush" 2035
"../../../Engine/Shaders/Private/ScreenSpaceDenoise/DenoisingCommon.ush" 2036
"../../../Engine/Shaders/Private/ScreenSpaceDenoise/SSDSignalArray.ush" 2037
"../../../Engine/Shaders/Private/ScreenSpaceDenoise/SSDSignalBufferEncoding.ush" 2038
"../../../Engine/Shaders/Private/ScreenSpaceDenoise/SSDPublicBufferEncoding.ush" 2039
"../../../Engine/Shaders/Private/Lumen/LumenBufferEncoding.ush" 2040
"../../../Engine/Shaders/Private/ScreenSpaceDenoise/SSDTemporalAccumulation.usf" 2041
"../../../Engine/Shaders/Private/ScreenSpaceDenoise/SSDSpatialKernel.ush" 2042
"../../../Engine/Shaders/Private/ScreenSpaceDenoise/SSDSignalAccumulatorArray.ush" 2043
"../../../Engine/Shaders/Private/ScreenSpaceDenoise/SSDSignalAccumulator.ush" 2044
"../../../Engine/Shaders/Private/ScreenSpaceDenoise/SSDSignalCompression.ush" 2045
"../../../Engine/Shaders/Private/ScreenSpaceDenoise/SSDSpatialAccumulation.usf" 2046
"../../../Engine/Shaders/Private/ScreenSpaceDenoise/SSDInjest.usf" 2047
"../../../Engine/Shaders/Private/ScreenSpaceDenoise/SSDCompressMetadata.usf" 2048
"../../../Engine/Shaders/Private/DownsampleDepthPixelShader.usf" 2049
"../../../Engine/Shaders/Private/ScreenPass.usf" 2050
"../../../Engine/Shaders/Private/HZB.usf" 2051
"../../../Engine/Shaders/Private/HZBOcclusion.usf" 2052
"../../../Engine/Shaders/Private/OcclusionQueryPixelShader.usf" 2053
"../../../Engine/Shaders/Private/OcclusionQueryVertexShader.usf" 2054
"../../../Engine/Shaders/Private/HitProxyPixelShader.usf" 2055
"../../../Engine/Shaders/Private/HitProxyVertexShader.usf" 2056
"../../../Engine/Shaders/Private/SceneCapturePixelShader.usf" 2057
"../../../Engine/Shaders/Private/RTWriteMaskDecode.usf" 2058
"../../../Engine/Shaders/Private/ReflectionEnvironmentShaders.usf" 2059
"../../../Engine/Shaders/Private/RectLightAtlas.usf" 2060
"../../../Engine/Shaders/Private/RayTracing/TraceRayInlineStatistics.usf" 2061
"../../../Engine/Shaders/Private/RayTracing/TraceRayInlineCommon.ush" 2062
"../../../Engine/Shaders/Private/RayTracing/VisualizeSkyLightMipTreePS.usf" 2063
"../../../Engine/Shaders/Private/RayTracing/MipTreeCommon.ush" 2064
"../../../Engine/Shaders/Private/RayTracing/CompositeSkyLightPS.usf" 2065
"../../../Engine/Shaders/Private/RayTracing/GenerateSkyLightVisibilityRaysCS.usf" 2066
"../../../Engine/Shaders/Private/RayTracing/RayTracingSkyLightCommon.ush" 2067
"../../../Engine/Shaders/Private/RayTracing/SkyLightVisibilityRaysData.ush" 2068
"../../../Engine/Shaders/Private/Raytracing/RaytracingSkylightRGS.usf" 2069
"../../../Engine/Shaders/Private/HairStrands/HairStrandsRaytracing.ush" 2070
"../../../Engine/Shaders/Private/Raytracing/RayTracingSkyLightEvaluation.ush" 2071
"../../../Engine/Shaders/Private/Raytracing/RayTracingDeferredShadingCommon.ush" 2072
"../../../Engine/Shaders/Private/RayTracing/RayTracingOcclusionRGS.usf" 2073
"../../../Engine/Shaders/Private/RayTracing/RayTracingDirectionalLight.ush" 2074
"../../../Engine/Shaders/Private/RayTracing/RayTracingRectLight.ush" 2075
"../../../Engine/Shaders/Private/RayTracing/RayTracingSphereLight.ush" 2076
"../../../Engine/Shaders/Private/RayTracing/RayTracingCapsuleLight.ush" 2077
"../../../Engine/Shaders/Private/RayTracing/SplitImaginaryReflectionGBufferCS.usf" 2078
"../../../Engine/Shaders/Private/RayTracing/RayTracingReflectionsCommon.ush" 2079
"../../../Engine/Shaders/Private/RayTracing/RayTracingReflections.usf" 2080
"../../../Engine/Shaders/Private/RayTracing/RayTracingLightingCommon.ush" 2081
"../../../Engine/Shaders/Private/RayTracing/RayTracingLightCullingCommon.ush" 2082
"../../../Engine/Shaders/Private/RayTracing/RayTracingReflectionEnvironment.ush" 2083
"../../../Engine/Shaders/Private/RayTracing/RayTracingPrimaryRays.usf" 2084
"../../../Engine/Shaders/Private/RayTracing/RayTracingMaterialDefaultHitShaders.usf" 2085
"../../../Engine/Shaders/Private/RayTracing/RayTracingMaterialHitShaders.usf" 2086
"../../../Engine/Shaders/Private/RayTracing/RayTracingCalcInterpolants.ush" 2087
"../../../Engine/Shaders/Private/LightmapCommon.ush" 2088
"../../../Engine/Shaders/Private/Lumen/LumenHardwareRayTracingPayloadCommon.ush" 2089
"../../../Engine/Shaders/Private/Strata/StrataExport.ush" 2090
"../../../Engine/Shaders/Private/RayTracing/RayTracingLightingMS.usf" 2091
"../../../Engine/Shaders/Private/RayTracing/RayTracingLightFunctionCommon.ush" 2092
"../../../Engine/Shaders/Private/RayTracing/GenerateCulledLightListCS.usf" 2093
"../../../Engine/Shaders/Private/Raytracing/RayTracingInstanceBufferUtil.usf" 2094
"../../../Engine/Shaders/Private/RayTracing/RayTracingFinalGatherRGS.usf" 2095
"../../../Engine/Shaders/Private/RayTracing/RayTracingGatherPoints.ush" 2096
"../../../Engine/Shaders/Private/PathTracing/Light/PathTracingLightSampling.ush" 2097
"../../../Engine/Shaders/Private/PathTracing/Light/PathTracingLightCommon.ush" 2098
"../../../Engine/Shaders/Shared/RayTracingTypes.h" 2099
"../../../Engine/Shaders/Private/PathTracing/Light/PathTracingDirectionalLight.ush" 2100
"../../../Engine/Shaders/Private/PathTracing/Light/PathTracingPointLight.ush" 2101
"../../../Engine/Shaders/Private/PathTracing/Light/PathTracingCapsuleLight.ush" 2102
"../../../Engine/Shaders/Private/PathTracing/Light/PathTracingRectLight.ush" 2103
"../../../Engine/Shaders/Private/PathTracing/Light/PathTracingSkyLight.ush" 2104
"../../../Engine/Shaders/Private/PathTracing/Light/PathTracingSpotLight.ush" 2105
"../../../Engine/Shaders/Private/PathTracing/Material/PathTracingMaterialSampling.ush" 2106
"../../../Engine/Shaders/Private/PathTracing/Material/PathTracingMaterialCommon.ush" 2107
"../../../Engine/Shaders/Private/PathTracing/PathTracingCommon.ush" 2108
"../../../Engine/Shaders/Private/PathTracing/Material/PathTracingLambert.ush" 2109
"../../../Engine/Shaders/Private/PathTracing/Material/PathTracingRadianceProbe.ush" 2110
"../../../Engine/Shaders/Private/PathTracing/Material/FirstBounceRayGuidingCommon.ush" 2111
"../../../Engine/Shaders/Private/PathTracing/Material/PathTracingSpecularReflection.ush" 2112
"../../../Engine/Shaders/Private/PathTracing/Material/PathTracingSpecularTransmission.ush" 2113
"../../../Engine/Shaders/Private/PathTracing/Material/PathTracingSolidGlass.ush" 2114
"../../../Engine/Shaders/Private/PathTracing/Material/PathTracingEnergyConservation.ush" 2115
"../../../Engine/Shaders/Private/PathTracing/Material/PathTracingThinGlass.ush" 2116
"../../../Engine/Shaders/Private/PathTracing/Material/PathTracingDefaultLit.ush" 2117
"../../../Engine/Shaders/Private/PathTracing/Material/PathTracingClearCoat.ush" 2118
"../../../Engine/Shaders/Private/PathTracing/Material/PathTracingTwoSidedFoliage.ush" 2119
"../../../Engine/Shaders/Private/PathTracing/Material/PathTracingCloth.ush" 2120
"../../../Engine/Shaders/Private/PathTracing/Material/PathTracingSubsurfaceProfile.ush" 2121
"../../../Engine/Shaders/Private/PathTracing/Material/PathTracingEye.ush" 2122
"../../../Engine/Shaders/Private/PathTracing/Material/PathTracingHair.ush" 2123
"../../../Engine/Shaders/Private/PathTracing/Material/PathTracingMedium.ush" 2124
"../../../Engine/Shaders/Private/RayTracing/RayTracingCreateGatherPointsRGS.usf" 2125
"../../../Engine/Shaders/Private/RayTracing/RayTracingGlobalIlluminationRGS.usf" 2126
"../../../Engine/Shaders/Private/RayTracing/RayTracingDynamicMesh.usf" 2127
"../../../Engine/Shaders/Private/RayTracing/RayTracingDeferredReflections.usf" 2128
"../../../Engine/Shaders/Private/RayTracing/RayTracingDeferredMaterials.ush" 2129
"../../../Engine/Shaders/Shared/ThirdParty/AMD/ags_shader_intrinsics_dx12.h" 2130
"../../../Engine/Shaders/Private/RayTracing/RayTracingDeferredReflections.ush" 2131
"../../../Engine/Shaders/Private/RayTracing/RayTracingReflectionResolve.usf" 2132
"../../../Engine/Shaders/Private/RayTracing/RayTracingReflectionsGenerateRaysCS.usf" 2133
"../../../Engine/Shaders/Private/RayTracing/MaterialSort.usf" 2134
"../../../Engine/Shaders/Private/RayTracing/RayTracingDeferredMaterials.usf" 2135
"../../../Engine/Shaders/Private/RayTracing/RayTracingDecalMaterialShader.usf" 2136
"../../../Engine/Shaders/Private/RayTracing/RayTracingBuildDecalGrid.usf" 2137
"../../../Engine/Shaders/Private/RayTracing/RayTracingDebug.usf" 2138
"../../../Engine/Shaders/Shared/RayTracingDebugDefinitions.h" 2139
"../../../Engine/Shaders/Shared/RayTracingDebugTypes.h" 2140
"../../../Engine/Shaders/Private/RayTracing/RayTracingDebugTraversal.usf" 2141
"../../../Engine/Shaders/Private/Nanite/NaniteRayTrace.ush" 2142
"../../../Engine/Shaders/Shared/ThirdParty/RayTriangleIntersection.h" 2143
"../../../Engine/Shaders/Private/RayTracing/TraceRayInline.ush" 2144
"../../../Engine/Shaders/Private/RayTracing/TraceRayInlineVulkan.ush" 2145
"../../../Engine/Shaders/Private/RayTracing/RayTracingBarycentrics.usf" 2146
"../../../Engine/Shaders/Private/RayTracing/RayTracingAmbientOcclusionRGS.usf" 2147
"../../../Engine/Shaders/Private/VisualizeShadingModels.usf" 2148
"../../../Engine/Shaders/Private/PostProcessCommon.ush" 2149
"../../../Engine/Shaders/Private/MotionBlur/VisualizeMotionVectors.usf" 2150
"../../../Engine/Shaders/Private/TemporalSuperResolution/TSRDebugHistory.usf" 2151
"../../../Engine/Shaders/Private/TemporalSuperResolution/TSRCommon.ush" 2152
"../../../Engine/Shaders/Public/DualPixelVectorization.ush" 2153
"../../../Engine/Shaders/Private/TemporalSuperResolution/TSRResolveHistory.usf" 2154
"../../../Engine/Shaders/Private/TemporalSuperResolution/TSRUpdateHistory.usf" 2155
"../../../Engine/Shaders/Private/TemporalSuperResolution/TSRFilterAntiAliasing.usf" 2156
"../../../Engine/Shaders/Private/TemporalSuperResolution/TSRSpatialAntiAliasing.usf" 2157
"../../../Engine/Shaders/Private/TemporalSuperResolution/TSRRejectShading.usf" 2158
"../../../Engine/Shaders/Public/LaneVectorization.ush" 2159
"../../../Engine/Shaders/Private/TemporalSuperResolution/TSRCompareTranslucency.usf" 2160
"../../../Engine/Shaders/Private/TemporalSuperResolution/TSRDecimateHistory.usf" 2161
"../../../Engine/Shaders/Private/TemporalSuperResolution/TSRDilateVelocity.usf" 2162
"../../../Engine/Shaders/Private/MotionBlur/MotionBlurVelocityFlatten.ush" 2163
"../../../Engine/Shaders/Private/MotionBlur/MotionBlurCommon.ush" 2164
"../../../Engine/Shaders/Private/TemporalSuperResolution/TSRClearPrevTextures.usf" 2165
"../../../Engine/Shaders/Private/TemporalSuperResolution/TSRComputeMoireLuma.usf" 2166
"../../../Engine/Shaders/Private/TemporalAA.usf" 2167
"../../../Engine/Shaders/Private/FilterPixelShader.usf" 2168
"../../../Engine/Shaders/Private/FilterVertexShader.usf" 2169
"../../../Engine/Shaders/Private/PostProcessVisualizeBuffer.usf" 2170
"../../../Engine/Shaders/Private/PostProcessVisualizeLocalExposure.usf" 2171
"../../../Engine/Shaders/Private/PostProcessHistogramCommon.ush" 2172
"../../../Engine/Shaders/Private/PostProcessVisualizeLevelInstance.usf" 2173
"../../../Engine/Shaders/Private/PostProcessVisualizeHDR.usf" 2174
"../../../Engine/Shaders/Private/ShaderComplexityApplyPixelShader.usf" 2175
"../../../Engine/Shaders/Private/QuadOverdraw.ush" 2176
"../../../Engine/Shaders/Private/PostProcessUpscale.usf" 2177
"../../../Engine/Shaders/Private/PostProcessTonemap.usf" 2178
"../../../Engine/Shaders/Private/PostProcessing/FilmGrainPackConstants.usf" 2179
"../../../Engine/Shaders/Private/PostProcessing/FilmGrainReduce.usf" 2180
"../../../Engine/Shaders/Private/PostProcessTestImage.usf" 2181
"../../../Engine/Shaders/Private/PostProcessSubsurface.usf" 2182
"../../../Engine/Shaders/Private/SeparableSSS.ush" 2183
"../../../Engine/Shaders/Private/SubsurfaceBurleyNormalized.ush" 2184
"../../../Engine/Shaders/Private/PostProcessSelectionOutline.usf" 2185
"../../../Engine/Shaders/Private/PostProcessPixelProjectedReflectionMobile.usf" 2186
"../../../Engine/Shaders/Private/MotionBlur/MotionBlurVisualize.usf" 2187
"../../../Engine/Shaders/Private/MotionBlur/MotionBlurApply.usf" 2188
"../../../Engine/Shaders/Private/MotionBlur/MotionBlurFilterTileClassify.usf" 2189
"../../../Engine/Shaders/Private/MotionBlur/MotionBlurTileScatter.usf" 2190
"../../../Engine/Shaders/Private/MotionBlur/MotionBlurTileGather.usf" 2191
"../../../Engine/Shaders/Private/MotionBlur/MotionBlurVelocityFlatten.usf" 2192
"../../../Engine/Shaders/Private/PostProcessMobile.usf" 2193
"../../../Engine/Shaders/Private/PostProcessMitchellNetravali.usf" 2194
"../../../Engine/Shaders/Private/PostProcessMaterialShaders.usf" 2195
"../../../Engine/Shaders/Private/PostProcessLocalExposure.usf" 2196
"../../../Engine/Shaders/Private/PostProcessLensFlares.usf" 2197
"../../../Engine/Shaders/Private/PostProcessHMD.usf" 2198
"../../../Engine/Shaders/Private/Histogram.usf" 2199
"../../../Engine/Shaders/Private/PostProcessHistogramReduce.usf" 2200
"../../../Engine/Shaders/Private/PostProcessHistogram.usf" 2201
"../../../Engine/Shaders/Private/PostProcessGBufferHints.usf" 2202
"../../../Engine/Shaders/Private/Bloom/BloomFinalizeApplyConstants.usf" 2203
"../../../Engine/Shaders/Private/Bloom/BloomCommon.ush" 2204
"../../../Engine/Shaders/Private/Bloom/BloomResizeKernel.usf" 2205
"../../../Engine/Shaders/Private/Bloom/BloomClampKernel.usf" 2206
"../../../Engine/Shaders/Private/Bloom/BloomPackKernelConstants.usf" 2207
"../../../Engine/Shaders/Private/Bloom/BloomSumScatterDispersionEnergy.usf" 2208
"../../../Engine/Shaders/Private/Bloom/BloomReduceKernelSurvey.usf" 2209
"../../../Engine/Shaders/Private/Bloom/BloomSurveyKernelCenterEnergy.usf" 2210
"../../../Engine/Shaders/Private/Bloom/BloomSurveyMaxScatterDispersion.usf" 2211
"../../../Engine/Shaders/Private/Bloom/BloomFindKernelCenter.usf" 2212
"../../../Engine/Shaders/Private/PostProcessEyeAdaptation.usf" 2213
"../../../Engine/Shaders/Private/PostProcessDownsample.usf" 2214
"../../../Engine/Shaders/Private/PostProcessDOF.usf" 2215
"../../../Engine/Shaders/Private/PostProcessDeviceEncodingOnly.usf" 2216
"../../../Engine/Shaders/Private/PostProcessCompositeEditorPrimitives.usf" 2217
"../../../Engine/Shaders/Private/PostProcessCombineLUTs.usf" 2218
"../../../Engine/Shaders/Private/PostProcessVisualizeDOF.usf" 2219
"../../../Engine/Shaders/Private/PostProcessBloom.usf" 2220
"../../../Engine/Shaders/Private/PostProcessAmbientOcclusionMobile.usf" 2221
"../../../Engine/Shaders/Private/PostProcessAmbientOcclusionCommon.ush" 2222
"../../../Engine/Shaders/Private/FXAAShader.usf" 2223
"../../../Engine/Shaders/Private/Fxaa3_11.ush" 2224
"../../../Engine/Shaders/Private/DiaphragmDOF/DOFRecombine.usf" 2225
"../../../Engine/Shaders/Private/DiaphragmDOF/DOFCommon.ush" 2226
"../../../Engine/Shaders/Private/DiaphragmDOF/DOFHybridScatterPixelShader.usf" 2227
"../../../Engine/Shaders/Private/DiaphragmDOF/DOFHybridScatterCommon.ush" 2228
"../../../Engine/Shaders/Private/DiaphragmDOF/DOFHybridScatterVertexShader.usf" 2229
"../../../Engine/Shaders/Private/DiaphragmDOF/DOFPostfiltering.usf" 2230
"../../../Engine/Shaders/Private/DiaphragmDOF/DOFGatherTileSuggest.ush" 2231
"../../../Engine/Shaders/Private/DiaphragmDOF/DOFCocTileCommon.ush" 2232
"../../../Engine/Shaders/Private/DiaphragmDOF/DOFGatherPass.usf" 2233
"../../../Engine/Shaders/Private/DiaphragmDOF/DOFGatherCommon.ush" 2234
"../../../Engine/Shaders/Private/DiaphragmDOF/DOFGatherAccumulator.ush" 2235
"../../../Engine/Shaders/Private/DiaphragmDOF/DOFGatherKernel.ush" 2236
"../../../Engine/Shaders/Private/DiaphragmDOF/DOFBokehLUT.usf" 2237
"../../../Engine/Shaders/Private/DiaphragmDOF/DOFHybridScatterCompilation.usf" 2238
"../../../Engine/Shaders/Private/DiaphragmDOF/DOFReduce.usf" 2239
"../../../Engine/Shaders/Private/DiaphragmDOF/DOFDownsample.ush" 2240
"../../../Engine/Shaders/Private/DiaphragmDOF/DOFHybridScatterCompilation.ush" 2241
"../../../Engine/Shaders/Private/DiaphragmDOF/DOFDownsample.usf" 2242
"../../../Engine/Shaders/Private/DiaphragmDOF/DOFCocTileDilate.usf" 2243
"../../../Engine/Shaders/Private/DiaphragmDOF/DOFCocTileFlatten.usf" 2244
"../../../Engine/Shaders/Private/DiaphragmDOF/DOFSetup.usf" 2245
"../../../Engine/Shaders/Private/PlanarReflectionShaders.usf" 2246
"../../../Engine/Shaders/Private/PlanarReflectionShared.ush" 2247
"../../../Engine/Shaders/Private/PhysicsFieldVisualizer.usf" 2248
"../../../Engine/Shaders/Private/PathTracing/PathTracingSpatialTemporalDenoising.usf" 2249
"../../../Engine/Shaders/Private/ColorDifference.ush" 2250
"../../../Engine/Shaders/Private/PathTracing/PathTracingCompositingPixelShader.usf" 2251
"../../../Engine/Shaders/Private/PathTracing/PathTracingMaterialHitShader.usf" 2252
"../../../Engine/Shaders/Private/PathTracing/PathTracingLightingMissShader.usf" 2253
"../../../Engine/Shaders/Private/PathTracing/PathTracingMissShader.usf" 2254
"../../../Engine/Shaders/Private/PathTracing/PathTracingBuildAtmosphereLUT.usf" 2255
"../../../Engine/Shaders/Private/PathTracing/Volume/PathTracingAtmosphereCommon.ush" 2256
"../../../Engine/Shaders/Private/PathTracing/PathTracingSwizzleScanlines.usf" 2257
"../../../Engine/Shaders/Private/PathTracing/PathTracingIESAtlas.usf" 2258
"../../../Engine/Shaders/Private/PathTracing/PathTracingInitExtinctionCoefficient.usf" 2259
"../../../Engine/Shaders/Private/PathTracing/PathTracing.usf" 2260
"../../../Engine/Shaders/Private/PathTracing/PathTracingCore.ush" 2261
"../../../Engine/Shaders/Private/RayTracing/RayTracingDecalGrid.ush" 2262
"../../../Engine/Shaders/Private/PathTracing/Utilities/PathTracingRIS.ush" 2263
"../../../Engine/Shaders/Private/PathTracing/Light/PathTracingLightGrid.ush" 2264
"../../../Engine/Shaders/Private/PathTracing/Volume/PathTracingVolume.ush" 2265
"../../../Engine/Shaders/Private/PathTracing/Volume/PathTracingVolumeCommon.ush" 2266
"../../../Engine/Shaders/Private/PathTracing/Volume/PathTracingAtmosphere.ush" 2267
"../../../Engine/Shaders/Private/DoubleWordMath.ush" 2268
"../../../Engine/Shaders/Private/PathTracing/Volume/PathTracingFog.ush" 2269
"../../../Engine/Shaders/Private/PathTracing/Volume/PathTracingVolumeSampling.ush" 2270
"../../../Engine/Shaders/Private/PathTracing/PathTracingBuildLightGrid.usf" 2271
"../../../Engine/Shaders/Private/PathTracing/PathTracingSkylightMISCompensation.usf" 2272
"../../../Engine/Shaders/Private/PathTracing/PathTracingSkylightPrepare.usf" 2273
"../../../Engine/Shaders/Private/OIT/OITSorting.usf" 2274
"../../../Engine/Shaders/Private/OITCombine.usf" 2275
"../../../Engine/Shaders/Private/OITCommon.ush" 2276
"../../../Engine/Shaders/Private/HTileVisualize.usf" 2277
"../../../Engine/Shaders/Private/HTileEncoding.ush" 2278
"../../../Engine/Shaders/Private/Nanite/NaniteDebugViews.usf" 2279
"../../../Engine/Shaders/Private/Nanite/NaniteMaterialComplexity.usf" 2280
"../../../Engine/Shaders/Private/Nanite/NaniteVisualize.usf" 2281
"../../../Engine/Shaders/Private/Nanite/NaniteStreamOut.usf" 2282
"../../../Engine/Shaders/Private/Nanite/NaniteMaterialCulling.usf" 2283
"../../../Engine/Shaders/Private/Nanite/NaniteDepthExport.usf" 2284
"../../../Engine/Shaders/Private/Nanite/NaniteExportGBuffer.usf" 2285
"../../../Engine/Shaders/Private/Nanite/NaniteRasterizer.usf" 2286
"../../../Engine/Shaders/Private/Nanite/NaniteWritePixel.ush" 2287
"../../../Engine/Shaders/Private/WorkDistribution.ush" 2288
"../../../Engine/Shaders/Private/Nanite/NaniteRasterBinning.usf" 2289
"../../../Engine/Shaders/Private/Nanite/NaniteInstanceCulling.usf" 2290
"../../../Engine/Shaders/Private/Nanite/NaniteImposter.ush" 2291
"../../../Engine/Shaders/Private/Nanite/NanitePrimitiveFilter.usf" 2292
"../../../Engine/Shaders/Private/Nanite/NanitePrintStats.usf" 2293
"../../../Engine/Shaders/Private/Nanite/NaniteEmitShadow.usf" 2294
"../../../Engine/Shaders/Private/MobileDeferredUtils.usf" 2295
"../../../Engine/Shaders/Private/MobileFog.usf" 2296
"../../../Engine/Shaders/Private/DistortApplyScreenPS.usf" 2297
"../../../Engine/Shaders/Private/MobileDeferredShading.usf" 2298
"../../../Engine/Shaders/Private/MobileLightingCommon.ush" 2299
"../../../Engine/Shaders/Private/MobileBasePassPixelShader.usf" 2300
"../../../Engine/Shaders/Private/MobileBasePassCommon.ush" 2301
"../../../Engine/Shaders/Private/BasePassCommon.ush" 2302
"../../../Engine/Shaders/Private/ShadingModelsMaterial.ush" 2303
"../../../Engine/Shaders/Private/SingleLayerWaterShading.ush" 2304
"../../../Engine/Shaders/Private/DistortionCommon.ush" 2305
"../../../Engine/Shaders/Private/MobileBasePassVertexShader.usf" 2306
"../../../Engine/Shaders/Private/Lumen/LumenVisualizeRadianceCache.usf" 2307
"../../../Engine/Shaders/Private/Lumen/LumenRadianceCacheCommon.ush" 2308
"../../../Engine/Shaders/Private/Lumen/LumenVisualizeHardwareRayTracing.usf" 2309
"../../../Engine/Shaders/Private/Lumen/LumenCardCommon.ush" 2310
"../../../Engine/Shaders/Private/Lumen/LumenTracingCommon.ush" 2311
"../../../Engine/Shaders/Private/DistanceField/GlobalDistanceFieldUtils.ush" 2312
"../../../Engine/Shaders/Private/DistanceField/GlobalDistanceFieldObjectGrid.ush" 2313
"../../../Engine/Shaders/Private/DistanceFieldLightingShared.ush" 2314
"../../../Engine/Shaders/Private/Lumen/SurfaceCache/LumenSurfaceCacheSampling.ush" 2315
"../../../Engine/Shaders/Private/Lumen/SurfaceCache/LumenSurfaceCache.ush" 2316
"../../../Engine/Shaders/Private/Lumen/LumenVisualize.ush" 2317
"../../../Engine/Shaders/Private/Lumen/LumenHardwareRayTracingCommon.ush" 2318
"../../../Engine/Shaders/Private/Lumen/LumenHardwareRayTracingPipelineCommon.ush" 2319
"../../../Engine/Shaders/Private/Lumen/LumenHardwareRayTracingPlatformCommon.ush" 2320
"../../../Engine/Shaders/Private/Lumen/LumenVisualize.usf" 2321
"../../../Engine/Shaders/Private/Lumen/LumenVisualizeTraces.ush" 2322
"../../../Engine/Shaders/Private/Lumen/LumenTranslucencyVolumeLighting.usf" 2323
"../../../Engine/Shaders/Private/Lumen/LumenRadianceCacheMarkCommon.ush" 2324
"../../../Engine/Shaders/Private/Lumen/LumenTranslucencyVolumeLightingShared.ush" 2325
"../../../Engine/Shaders/Private/Lumen/LumenScreenProbeCommon.ush" 2326
"../../../Engine/Shaders/Private/BlueNoise.ush" 2327
"../../../Engine/Shaders/Private/Lumen/LumenTranslucencyVolumeHardwareRayTracing.usf" 2328
"../../../Engine/Shaders/Private/Lumen/LumenTranslucencyRadianceCacheMarkShaders.usf" 2329
"../../../Engine/Shaders/Private/Lumen/SurfaceCache/LumenSurfaceCacheFeedback.usf" 2330
"../../../Engine/Shaders/Private/Lumen/SurfaceCache/LumenSurfaceCache.usf" 2331
"../../../Engine/Shaders/Private/Lumen/LumenScreenSpaceBentNormal.usf" 2332
"../../../Engine/Shaders/Private/Lumen/LumenMaterial.ush" 2333
"../../../Engine/Shaders/Private/Lumen/LumenScreenTracing.ush" 2334
"../../../Engine/Shaders/Private/Lumen/LumenScreenProbeTracing.usf" 2335
"../../../Engine/Shaders/Private/Lumen/LumenScreenProbeTracingCommon.ush" 2336
"../../../Engine/Shaders/Private/Lumen/LumenHairTracing.ush" 2337
"../../../Engine/Shaders/Private/Lumen/LumenScreenProbeImportanceSampling.usf" 2338
"../../../Engine/Shaders/Private/Lumen/LumenScreenProbeImportanceSamplingShared.ush" 2339
"../../../Engine/Shaders/Private/Lumen/LumenScreenProbeHardwareRayTracing.usf" 2340
"../../../Engine/Shaders/Private/Lumen/LumenScreenProbeGather.usf" 2341
"../../../Engine/Shaders/Private/Lumen/LumenScreenSpaceBentNormal.ush" 2342
"../../../Engine/Shaders/Private/Lumen/LumenScreenProbeLightSampling.usf" 2343
"../../../Engine/Shaders/Private/Lumen/LumenScreenProbeFiltering.usf" 2344
"../../../Engine/Shaders/Private/Lumen/LumenSceneLighting.usf" 2345
"../../../Engine/Shaders/Private/Lumen/LumenCardTile.ush" 2346
"../../../Engine/Shaders/Private/Lumen/LumenSceneLighting.ush" 2347
"../../../Engine/Shaders/Private/Lumen/Radiosity/LumenRadiosity.ush" 2348
"../../../Engine/Shaders/Private/Lumen/LumenCardPixelShader.usf" 2349
"../../../Engine/Shaders/Private/Lumen/LumenCardVertexShader.usf" 2350
"../../../Engine/Shaders/Private/Lumen/LumenSceneLightingDebug.usf" 2351
"../../../Engine/Shaders/Private/Lumen/LumenSceneDirectLightingHardwareRayTracing.usf" 2352
"../../../Engine/Shaders/Private/Lumen/LumenReflectionCommon.ush" 2353
"../../../Engine/Shaders/Private/Lumen/LumenSceneDirectLighting.ush" 2354
"../../../Engine/Shaders/Private/Lumen/LumenSceneDirectLightingSoftwareRayTracing.usf" 2355
"../../../Engine/Shaders/Private/DistanceFieldShadowingShared.ush" 2356
"../../../Engine/Shaders/Private/Lumen/LumenSceneDirectLightingPerLightShadowCommon.ush" 2357
"../../../Engine/Shaders/Private/Lumen/LumenSceneDirectLightingShadowMask.usf" 2358
"../../../Engine/Shaders/Private/Lumen/LumenSceneDirectLighting.usf" 2359
"../../../Engine/Shaders/Private/Lumen/LumenSceneDirectLightingCulling.usf" 2360
"../../../Engine/Shaders/Private/Lumen/LumenReflectionTracing.usf" 2361
"../../../Engine/Shaders/Private/Lumen/LumenReflections.usf" 2362
"../../../Engine/Shaders/Private/Lumen/LumenReflectionHardwareRayTracing.usf" 2363
"../../../Engine/Shaders/Private/Lumen/Radiosity/LumenVisualizeRadiosityProbes.usf" 2364
"../../../Engine/Shaders/Private/Lumen/Radiosity/LumenRadiosity.usf" 2365
"../../../Engine/Shaders/Private/RayTracing/RayGenUtils.ush" 2366
"../../../Engine/Shaders/Private/Lumen/Radiosity/LumenRadiosityHardwareRayTracing.usf" 2367
"../../../Engine/Shaders/Private/Lumen/Radiosity/LumenRadiosityCulling.usf" 2368
"../../../Engine/Shaders/Private/Lumen/LumenRadianceCacheHardwareRayTracing.usf" 2369
"../../../Engine/Shaders/Private/Lumen/LumenRadianceCacheTracingCommon.ush" 2370
"../../../Engine/Shaders/Private/Lumen/LumenRadianceCache.usf" 2371
"../../../Engine/Shaders/Private/Lumen/LumenRadianceCacheUpdate.ush" 2372
"../../../Engine/Shaders/Private/Lumen/LumenRadianceCacheDebug.usf" 2373
"../../../Engine/Shaders/Private/Lumen/LumenRadianceCacheUpdate.usf" 2374
"../../../Engine/Shaders/Private/Lumen/LumenMeshSDFCulling.usf" 2375
"../../../Engine/Shaders/Private/HybridIndirectLighting.ush" 2376
"../../../Engine/Shaders/Private/MeshDistanceFieldCommon.ush" 2377
"../../../Engine/Shaders/Private/Lumen/LumenIrradianceFieldGather.usf" 2378
"../../../Engine/Shaders/Private/Lumen/LumenHardwareRayTracingMaterials.usf" 2379
"../../../Engine/Shaders/Private/Lumen/LumenHardwareRayTracingPipeline.usf" 2380
"../../../Engine/Shaders/Private/Lumen/LumenFrontLayerTranslucency.usf" 2381
"../../../Engine/Shaders/Private/LightShaftShader.usf" 2382
"../../../Engine/Shaders/Private/StationaryLightOverlapShaders.usf" 2383
"../../../Engine/Shaders/Private/DeferredLightPixelShaders.usf" 2384
"../../../Engine/Shaders/Private/HairStrands/HairStrandsVisibilityUtils.ush" 2385
"../../../Engine/Shaders/Private/DeferredLightVertexShaders.usf" 2386
"../../../Engine/Shaders/Private/LightMapDensityShader.usf" 2387
"../../../Engine/Shaders/Private/LightGridInjection.usf" 2388
"../../../Engine/Shaders/Private/LightFunctionPixelShader.usf" 2389
"../../../Engine/Shaders/Private/LightFunctionVertexShader.usf" 2390
"../../../Engine/Shaders/Private/InstanceCulling/BuildInstanceDrawCommands.usf" 2391
"../../../Engine/Shaders/Private/InstanceCulling/InstanceCompactionCommon.ush" 2392
"../../../Engine/Shaders/Private/InstanceCulling/CompactVisibleInstances.usf" 2393
"../../../Engine/Shaders/Private/ThreadGroupPrefixSum.ush" 2394
"../../../Engine/Shaders/Private/ReflectionEnvironmentPixelShader.usf" 2395
"../../../Engine/Shaders/Private/Strata/StrataEnvironmentLighting.ush" 2396
"../../../Engine/Shaders/Private/AmbientCubemapComposite.usf" 2397
"../../../Engine/Shaders/Private/DiffuseIndirectComposite.usf" 2398
"../../../Engine/Shaders/Private/HeterogeneousVolumes/HeterogeneousVolumesSparseVoxelPipeline.usf" 2399
"../../../Engine/Shaders/Private/HeterogeneousVolumes/HeterogeneousVolumesSparseVoxelUtils.ush" 2400
"../../../Engine/Shaders/Private/HeterogeneousVolumes/HeterogeneousVolumesSparseVoxelUniformBufferUtils.ush" 2401
"../../../Engine/Shaders/Private/HeterogeneousVolumes/HeterogeneousVolumesPreshadingPipeline.usf" 2402
"../../../Engine/Shaders/Private/HeterogeneousVolumes/HeterogeneousVolumesTracingUtils.ush" 2403
"../../../Engine/Shaders/Private/HeterogeneousVolumes/HeterogeneousVolumesLightingUtils.ush" 2404
"../../../Engine/Shaders/Private/HeterogeneousVolumes/HeterogeneousVolumesRayMarchingUtils.ush" 2405
"../../../Engine/Shaders/Private/HeterogeneousVolumes/HeterogeneousVolumesTransmittanceVolumeUtils.ush" 2406
"../../../Engine/Shaders/Private/HeterogeneousVolumes/HeterogeneousVolumesMaterialBakingPipeline.usf" 2407
"../../../Engine/Shaders/Private/HeterogeneousVolumes/HeterogeneousVolumesLiveShadingUtils.ush" 2408
"../../../Engine/Shaders/Private/HeterogeneousVolumes/HeterogeneousVolumesLiveShadingPipeline.usf" 2409
"../../../Engine/Shaders/Private/HeterogeneousVolumes/HeterogeneousVolumesHardwareRayTracing.usf" 2410
"../../../Engine/Shaders/Private/HeterogeneousVolumes/HeterogeneousVolumesComposite.usf" 2411
"../../../Engine/Shaders/Private/HdrCustomResolveShaders.usf" 2412
"../../../Engine/Shaders/Private/HairStrands/HairStrandsVoxelMip.usf" 2413
"../../../Engine/Shaders/Private/HairStrands/HairStrandsVoxelRasterCompute.usf" 2414
"../../../Engine/Shaders/Private/HairStrands/HairStrandsClusterCommon.ush" 2415
"../../../Engine/Shaders/Private/HairStrands/HairStrandsVoxelPageAllocation.usf" 2416
"../../../Engine/Shaders/Private/Matrices.ush" 2417
"../../../Engine/Shaders/Private/HairStrands/HairStrandsAABBCommon.ush" 2418
"../../../Engine/Shaders/Private/HairStrands/HairStrandsVoxelOpaque.usf" 2419
"../../../Engine/Shaders/Private/HairStrands/HairStrandsRaytracingGeometry.usf" 2420
"../../../Engine/Shaders/Private/HairStrands/HairStrandsHitProxy.usf" 2421
"../../../Engine/Shaders/Private/HairStrands/HairStrandsVisibilityRasterComputeNaive.usf" 2422
"../../../Engine/Shaders/Private/HairStrands/HairStrandsVisibilityRasterHW.usf" 2423
"../../../Engine/Shaders/Private/HairStrands/HairStrandsVisibilityRasterCompute.usf" 2424
"../../../Engine/Shaders/Private/HairStrands/HairStrandsVisibilityRasterClassification.usf" 2425
"../../../Engine/Shaders/Private/HairStrands/HairStrandsCoverage.usf" 2426
"../../../Engine/Shaders/Private/HairStrands/HairStrandsVisibilityDepthPS.usf" 2427
"../../../Engine/Shaders/Private/HairStrands/HairStrandsVisibilityTransmittanceDepthPS.usf" 2428
"../../../Engine/Shaders/Private/HairStrands/HairStrandsVisibilityFillOpaqueDepthPS.usf" 2429
"../../../Engine/Shaders/Private/HairStrands/HairStrandsVisibilityCompactionComputeRaster.usf" 2430
"../../../Engine/Shaders/Private/HairStrands/HairStrandsVisibilityCompaction.usf" 2431
"../../../Engine/Shaders/Private/HairStrands/HairStrandsVisibilityCopyIndirectArg.usf" 2432
"../../../Engine/Shaders/Private/HairStrands/HairStrandsVisibilityClearPS.usf" 2433
"../../../Engine/Shaders/Private/HairStrands/HairStrandsVisibilityPS.usf" 2434
"../../../Engine/Shaders/Private/HairStrands/HairStrandsVisibilityVS.usf" 2435
"../../../Engine/Shaders/Private/HairStrands/HairStrandsVelocity.usf" 2436
"../../../Engine/Shaders/Private/HairStrands/HairStrandsVisibilityComputeSampleCoverage.usf" 2437
"../../../Engine/Shaders/Private/HairStrands/HairStrandsMaterialPS.usf" 2438
"../../../Engine/Shaders/Private/HairStrands/HairStrandsMaterialCommon.ush" 2439
"../../../Engine/Shaders/Private/HairStrands/HairStrandsMaterialVS.usf" 2440
"../../../Engine/Shaders/Private/HairStrands/HairStrandsLightSample.usf" 2441
"../../../Engine/Shaders/Private/HairStrands/HairStrandsDeepShadowMask.usf" 2442
"../../../Engine/Shaders/Private/HairStrands/HairStrandsDeepShadowCommon.ush" 2443
"../../../Engine/Shaders/Private/HairStrands/HairStrandsDeepTransmittanceMask.usf" 2444
"../../../Engine/Shaders/Private/HairStrands/HairStrandsVisibilityTile.usf" 2445
"../../../Engine/Shaders/Private/HairStrands/HairStrandsDeepShadowPS.usf" 2446
"../../../Engine/Shaders/Private/HairStrands/HairStrandsDeepShadowVS.usf" 2447
"../../../Engine/Shaders/Private/HairStrands/HairStrandsLUT.usf" 2448
"../../../Engine/Shaders/Private/HairStrands/HairStrandsEnvironmentLighting.usf" 2449
"../../../Engine/Shaders/Private/HairStrands/HairStrandsEnvironmentLightingCommon.ush" 2450
"../../../Engine/Shaders/Private/HairStrands/HairStrandsDebugCommonStruct.ush" 2451
"../../../Engine/Shaders/Private/HairStrands/HairStrandsEnvironmentAO.usf" 2452
"../../../Engine/Shaders/Private/HairStrands/HairStrandsDeepShadowAllocation.usf" 2453
"../../../Engine/Shaders/Private/HairStrands/HairStrandsVoxelDepthInjection.usf" 2454
"../../../Engine/Shaders/Private/HairStrands/HairStrandsClusterCulling.usf" 2455
"../../../Engine/Shaders/Private/HairStrands/HairStrandsDebug.usf" 2456
"../../../Engine/Shaders/Private/HairStrands/HairStrandsMeshProjectionCommon.ush" 2457
"../../../Engine/Shaders/Private/HairStrands/HairStrandsVoxelPageRayMarching.usf" 2458
"../../../Engine/Shaders/Private/HairStrands/HairStrandsGBufferWrite.usf" 2459
"../../../Engine/Shaders/Private/HairStrands/HairStrandsGBufferCommon.ush" 2460
"../../../Engine/Shaders/Private/HairStrands/HairStrandsVisibilityComposeSubPixelPS.usf" 2461
"../../../Engine/Shaders/Private/HairStrands/HairStrandsAABB.usf" 2462
"../../../Engine/Shaders/Private/GPUScene/GPUSceneDataManagement.usf" 2463
"../../../Engine/Shaders/Private/GPUSceneDebugRender.usf" 2464
"../../../Engine/Shaders/Private/GPUFastFourierTransform.usf" 2465
"../../../Engine/Shaders/Private/GPUFastFourierTransform2DCore.ush" 2466
"../../../Engine/Shaders/Private/GPUFastFourierTransformCore.ush" 2467
"../../../Engine/Shaders/Private/GPUBenchmark.usf" 2468
"../../../Engine/Shaders/Private/DistanceField/GlobalDistanceFieldDebug.usf" 2469
"../../../Engine/Shaders/Private/DistanceField/GlobalDistanceFieldMip.usf" 2470
"../../../Engine/Shaders/Private/DistanceField/GlobalDistanceField.usf" 2471
"../../../Engine/Shaders/Private/DistanceField/GlobalDistanceFieldUpdate.ush" 2472
"../../../Engine/Shaders/Private/DistanceField/GlobalDistanceFieldCompositeObjects.usf" 2473
"../../../Engine/Shaders/Private/DistanceField/GlobalDistanceFieldHeightfields.usf" 2474
"../../../Engine/Shaders/Private/HeightfieldLightingShared.ush" 2475
"../../../Engine/Shaders/Private/GenerateConservativeDepth.usf" 2476
"../../../Engine/Shaders/Private/HeightFogPixelShader.usf" 2477
"../../../Engine/Shaders/Private/HeightFogVertexShader.usf" 2478
"../../../Engine/Shaders/Private/DistortFiltering.usf" 2479
"../../../Engine/Shaders/Private/DistortAccumulatePS.usf" 2480
"../../../Engine/Shaders/Private/DistortAccumulateVS.usf" 2481
"../../../Engine/Shaders/Private/DistanceFieldVisualization.usf" 2482
"../../../Engine/Shaders/Private/DistanceFieldStreaming.usf" 2483
"../../../Engine/Shaders/Private/DistanceFieldShadowing.usf" 2484
"../../../Engine/Shaders/Private/DistanceFieldScreenGridLighting.usf" 2485
"../../../Engine/Shaders/Private/DistanceFieldObjectCulling.usf" 2486
"../../../Engine/Shaders/Private/DistanceFieldLightingPost.usf" 2487
"../../../Engine/Shaders/Private/DitheredTransitionStencil.usf" 2488
"../../../Engine/Shaders/Private/DepthOnlyPixelShader.usf" 2489
"../../../Engine/Shaders/Private/DepthOnlyVertexShader.usf" 2490
"../../../Engine/Shaders/Private/PositionOnlyDepthVertexShader.usf" 2491
"../../../Engine/Shaders/Private/DeferredDecal.usf" 2492
"../../../Engine/Shaders/Private/DecalCommon.ush" 2493
"../../../Engine/Shaders/Private/DebugViewModeVertexShader.usf" 2494
"../../../Engine/Shaders/Private/DebugViewModeCommon.ush" 2495
"../../../Engine/Shaders/Private/DebugViewModePixelShader.usf" 2496
"../../../Engine/Shaders/Private/DebugProbes.usf" 2497
"../../../Engine/Shaders/Private/MeshDecals.usf" 2498
"../../../Engine/Shaders/Private/PostProcessAmbientOcclusion.usf" 2499
"../../../Engine/Shaders/Private/ClusteredDeferredShadingPixelShader.usf" 2500
"../../../Engine/Shaders/Private/ClusteredDeferredShadingVertexShader.usf" 2501
"../../../Engine/Shaders/Private/CapsuleShadowShaders.usf" 2502
"../../../Engine/Shaders/Private/BasePassPixelShader.usf" 2503
"../../../Engine/Shaders/Private/ThinTranslucentCommon.ush" 2504
"../../../Engine/Shaders/Private/ForwardLightingCommon.ush" 2505
"../../../Engine/Shaders/Private/Strata/StrataForwardLighting.ush" 2506
"../../../Engine/Shaders/Private/ComputeShaderOutputCommon.ush" 2507
"../../../Engine/Shaders/Private/BasePassVertexShader.usf" 2508
"../../../Engine/Shaders/Private/BasePassVertexCommon.ush" 2509
"../../../Engine/Shaders/Private/AnisotropyPassShader.usf" 2510
"../../../Engine/Shaders/Private/SimpleElementVolumeTexturePreviewPixelShader.usf" 2511
"../../../Engine/Shaders/Private/SimpleElementTexture2DPreviewPixelShader.usf" 2512
"../../../Engine/Shaders/Private/meshpaintdilatepixelshader.usf" 2513
"../../../Engine/Shaders/Private/meshpaintdilatevertexshader.usf" 2514
"../../../Engine/Shaders/Private/MeshPaintPixelShader.usf" 2515
"../../../Engine/Shaders/Private/MeshPaintVertexShader.usf" 2516
"../../../Engine/Shaders/Private/Tools/VisualizeTexture.usf" 2517
"../../../Engine/Shaders/Private/ByteBuffer.usf" 2518
"../../../Engine/Shaders/Private/ResolveVertexShader.usf" 2519
"../../../Engine/Shaders/Private/ResolvePixelShader.usf" 2520
"../../../Engine/Shaders/Private/Tools/SetupIndirectArgs.usf" 2521
"../../../Engine/Shaders/Private/Tools/ClearUAV.usf" 2522
"../../../Engine/Shaders/Private/ClearReplacementShaders.usf" 2523
"../../../Engine/Shaders/Private/Tools/DrawTexture.usf" 2524
"../../../Engine/Shaders/Private/RayTracing/RayTracingValidation.usf" 2525
"../../../Engine/Shaders/Private/RenderGraphUtilities.usf" 2526
"../../../Engine/Shaders/Private/OneColorShader.usf" 2527
"../../../Engine/Shaders/Private/OculusShaders.usf" 2528
"../../../Engine/Shaders/Private/MediaShaders.usf" 2529
"../../../Engine/Shaders/Private/GPUMessaging.usf" 2530
"../../../Engine/Shaders/Private/NullPixelShader.usf" 2531
"../../../Engine/Shaders/Private/ComputeGenerateMips.usf" 2532
"../../../Engine/Shaders/Private/Tools/DumpTexture.usf" 2533
"../../../Engine/Shaders/Private/CopyTextureShaders.usf" 2534
"../../../Engine/Shaders/Private/Tools/FullscreenVertexShader.usf" 2535
"../../../Engine/Shaders/Private/RayTracing/RayTracingDispatchDesc.usf" 2536
"../../../Engine/Shaders/Private/RayTracing/RayTracingBuiltInShaders.usf" 2537
"../../../Engine/Shaders/Private/Bink.usf" 2538
"D:/LobinhoTheGame/UE5_LobinhoTheGame/Content/Maps/LVL_Menu.umap" 2539
"E:/MotorGr?fico/UE_5.1/Engine/Plugins/2D/Paper2D/Content/DummySprite.uasset" 2540
"E:/MotorGr?fico/UE_5.1/Engine/Plugins/2D/Paper2D/Content/Tutorial/Paper2D/TutorialAssets/TutorialSprite.uasset" 2541
"E:/MotorGr?fico/UE_5.1/Engine/Plugins/2D/Paper2D/Content/Tutorial/Paper2D/TutorialAssets/TutorialFlipBook.uasset" 2542
"E:/MotorGr?fico/UE_5.1/Engine/Plugins/Animation/ControlRig/Content/StandardFunctionLibrary/StandardFunctionLibrary.uasset" 2543
"E:/MotorGr?fico/UE_5.1/Engine/Plugins/Animation/ControlRigSpline/Content/SplineFunctionLibrary/SplineFunctionLibrary.uasset" 2544
"../../../Engine/Content/EditorResources/S_Actor.uasset" 2545
"C:/Users/Neri/AppData/Local/UnrealEngine/Common/DerivedDataCache/Buckets/BulkDataList/65/af/c1a5b8f6b5e4a72f5c0623f8d48814bac768.udd" 2546
"D:/LobinhoTheGame/UE5_LobinhoTheGame/Intermediate/ShaderAutogen/PCD3D_SM6/AutogenShaderHeaders.ush" 2547
"D:/LobinhoTheGame/UE5_LobinhoTheGame/Intermediate/ShaderAutogen/PCD3D_ES3_1/AutogenShaderHeaders.ush" 2548
"../../../Engine/Content/EditorResources/S_BoxReflectionCapture.uasset" 2549
"C:/Users/Neri/AppData/Local/UnrealEngine/Common/DerivedDataCache/Buckets/BulkDataList/74/18/540c9af3ff6b43df2d5b0af05f25a93c4c3e.udd" 2550
"../../../Engine/Content/EngineResources/DefaultTexture.uasset" 2551
"C:/Users/Neri/AppData/Local/UnrealEngine/Common/DerivedDataCache/Buckets/BulkDataList/04/dd/19d13ac947dfb1d93756a595ffa8f003f575.udd" 2552
"../../../Engine/Content/EngineResources/DefaultTextureCube.uasset" 2553
"C:/Users/Neri/AppData/Local/UnrealEngine/Common/DerivedDataCache/Buckets/BulkDataList/a9/3f/24dbd21b39c3836b44d104e263c30039d63d.udd" 2554
"../../../Engine/Content/EngineResources/DefaultVolumeTexture.uasset" 2555
"../../../Engine/Content/EngineResources/DefaultVolumeTexture2D.uasset" 2556
"C:/Users/Neri/AppData/Local/UnrealEngine/Common/DerivedDataCache/Buckets/BulkDataList/93/27/c590d40b5dfcb10b2934ac65633c0004c562.udd" 2557
"C:/Users/Neri/AppData/Local/UnrealEngine/Common/DerivedDataCache/Buckets/BulkDataList/19/f8/a86223fff68f0edf6dd7925d3c6aed5bdbbe.udd" 2558
"../../../Engine/Content/EngineFonts/RobotoDistanceField.uasset" 2559
"C:/Users/Neri/AppData/Local/UnrealEngine/Common/DerivedDataCache/Buckets/BulkDataList/90/0c/9d8d84002581c927a16c9846ac716a8b365e.udd" 2560
"../../../Engine/Content/EngineMaterials/DefaultTextMaterialOpaque.uasset" 2561
"../../../Engine/Content/Functions/Engine_MaterialFunctions01/Shading/PowerToRoughness.uasset" 2562
"../../../Engine/Content/Functions/Engine_MaterialFunctions01/Shading/ConvertFromDiffSpec.uasset" 2563
"../../../Engine/Content/EngineMaterials/WorldGridMaterial.uasset" 2564
"../../../Engine/Content/Functions/Engine_MaterialFunctions01/Opacity/CameraDepthFade.uasset" 2565
"../../../Engine/Content/EngineMaterials/T_Default_Material_Grid_M.uasset" 2566
"../../../Engine/Content/EngineMaterials/T_Default_Material_Grid_N.uasset" 2567
"../../../Engine/Content/EngineMaterials/DefaultDeferredDecalMaterial.uasset" 2568
"../../../Engine/Content/EngineMaterials/DefaultDiffuse.uasset" 2569
"../../../Engine/Content/EngineMaterials/DefaultLightFunctionMaterial.uasset" 2570
"../../../Engine/Content/EngineMaterials/DefaultPostProcessMaterial.uasset" 2571
"../../../Engine/Content/Functions/Engine_MaterialFunctions02/Utility/BreakOutFloat2Components.uasset" 2572
"C:/Users/Neri/AppData/Local/UnrealEngine/Common/DerivedDataCache/Buckets/BulkDataList/d3/72/c031f1a0cbb277b8d74dd01d959d0c1f00b2.udd" 2573
"C:/Users/Neri/AppData/Local/UnrealEngine/Common/DerivedDataCache/Buckets/BulkDataList/be/05/f5484b0c8a84760e24eaa6e2bb77a183b3de.udd" 2574
"C:/Users/Neri/AppData/Local/UnrealEngine/Common/DerivedDataCache/Buckets/BulkDataList/e4/78/4ded1d35c92061a48d71e99914279b4ae01b.udd" 2575
"../../../Engine/Content/EditorResources/S_Trigger.uasset" 2576
"C:/Users/Neri/AppData/Local/UnrealEngine/Common/DerivedDataCache/Buckets/BulkDataList/5e/35/50678297a8aec7dbb50b80c601ac463ffc01.udd" 2577
"../../../Engine/Content/EditorResources/S_TriggerBox.uasset" 2578
"C:/Users/Neri/AppData/Local/UnrealEngine/Common/DerivedDataCache/Buckets/BulkDataList/c3/8a/a5e9e381a15d00c0a03c214c28fcceb70ab1.udd" 2579
"../../../Engine/Content/EditorResources/S_TriggerCapsule.uasset" 2580
"C:/Users/Neri/AppData/Local/UnrealEngine/Common/DerivedDataCache/Buckets/BulkDataList/c9/f5/43d4e5f6e458f2ddd37251b7c4f9427eb957.udd" 2581
"../../../Engine/Content/EditorResources/S_TriggerSphere.uasset" 2582
"C:/Users/Neri/AppData/Local/UnrealEngine/Common/DerivedDataCache/Buckets/BulkDataList/a7/1c/20dcc2f5c8aaeccdd06b8308345876e98b8c.udd" 2583
"../../../Engine/Content/EngineDamageTypes/DmgTypeBP_Environmental.uasset" 2584
"../../../Engine/Content/EngineSky/VolumetricClouds/m_SimpleVolumetricCloud_Inst.uasset" 2585
"../../../Engine/Content/EngineSky/VolumetricClouds/m_SimpleVolumetricCloud.uasset" 2586
"../../../Engine/Content/Functions/Engine_MaterialFunctions02/Utility/MakeFloat2.uasset" 2587
"../../../Engine/Content/EngineSky/VolumetricClouds/CloudGradientTexture.uasset" 2588
"../../../Engine/Content/EngineSky/VolumetricClouds/CloudWeatherTexture.uasset" 2589
"../../../Engine/Content/EngineSky/VolumetricClouds/T_VolumeNoiseErosion32.uasset" 2590
"../../../Engine/Content/EngineSky/VolumetricClouds/T_NoiseErosion.uasset" 2591
"../../../Engine/Content/EngineSky/VolumetricClouds/T_VolumeNoiseShape64.uasset" 2592
"../../../Engine/Content/EngineSky/VolumetricClouds/T_NoiseShape64.uasset" 2593
"C:/Users/Neri/AppData/Local/UnrealEngine/Common/DerivedDataCache/Buckets/BulkDataList/fa/67/cd20b06840db7aa58c434620fd1d10514733.udd" 2594
"C:/Users/Neri/AppData/Local/UnrealEngine/Common/DerivedDataCache/Buckets/BulkDataList/2b/ff/32126076b34227d17cc8dac374ac2652429b.udd" 2595
"C:/Users/Neri/AppData/Local/UnrealEngine/Common/DerivedDataCache/Buckets/BulkDataList/13/23/1862c1978458af99ac6d4b73b67d3d595283.udd" 2596
"C:/Users/Neri/AppData/Local/UnrealEngine/Common/DerivedDataCache/Buckets/BulkDataList/78/de/abf70bb6edb6731d928d79c7fe32084cc2d9.udd" 2597
"C:/Users/Neri/AppData/Local/UnrealEngine/Common/DerivedDataCache/Buckets/BulkDataList/44/1e/d64fad1a364d65ecf629bee1e365c781bfaa.udd" 2598
"C:/Users/Neri/AppData/Local/UnrealEngine/Common/DerivedDataCache/Buckets/BulkDataList/44/1a/8215cfd908c70cd1602ca2d4087469e804a1.udd" 2599
"../../../Engine/Content/EngineMeshes/Sphere.uasset" 2600
"C:/Users/Neri/AppData/Local/UnrealEngine/Common/DerivedDataCache/Buckets/LegacyNavCollision/94/37/4c3f5535d8f986b34ca221a8b4758dc6b152.udd" 2601
"../../../Engine/Content/EngineResources/WhiteSquareTexture.uasset" 2602
"C:/Users/Neri/AppData/Local/UnrealEngine/Common/DerivedDataCache/Buckets/BulkDataList/9f/39/7cbb5f89223d005282f558aae19302ce9144.udd" 2603
"../../../Engine/Content/EngineResources/GradientTexture0.uasset" 2604
"C:/Users/Neri/AppData/Local/UnrealEngine/Common/DerivedDataCache/Buckets/BulkDataList/98/40/d94464048eb234ca80ecc3f9d8475f7a4f89.udd" 2605
"../../../Engine/Content/EngineResources/Black.uasset" 2606
"C:/Users/Neri/AppData/Local/UnrealEngine/Common/DerivedDataCache/Buckets/BulkDataList/72/5c/f1994ac23a4b251ec390e201063464b01e33.udd" 2607
"../../../Engine/Content/EditorMaterials/WorldPartition/WorldPartitionSpatialHashGridPreviewMaterial.uasset" 2608
"../../../Engine/Content/Functions/Engine_MaterialFunctions02/Utility/BreakOutFloat3Components.uasset" 2609
"../../../Engine/Content/Functions/Engine_MaterialFunctions02/Utility/MakeFloat3.uasset" 2610
"../../../Engine/Content/Functions/Engine_MaterialFunctions02/Utility/MakeFloat4.uasset" 2611
"../../../Engine/Content/EngineMaterials/Widget3DPassThrough_Translucent.uasset" 2612
"../../../Engine/Content/EngineMaterials/Widget3DPassThrough.uasset" 2613
"../../../Engine/Content/EngineMaterials/Widget3DPassThrough_Translucent_OneSided.uasset" 2614
"../../../Engine/Content/EngineMaterials/Widget3DPassThrough_Opaque.uasset" 2615
"../../../Engine/Content/EngineMaterials/Widget3DPassThrough_Opaque_OneSided.uasset" 2616
"../../../Engine/Content/EngineMaterials/Widget3DPassThrough_Masked.uasset" 2617
"../../../Engine/Content/EngineMaterials/Widget3DPassThrough_Masked_OneSided.uasset" 2618
"../../../Engine/Content/VREditor/TransformGizmo/PlaneTranslationHandle.uasset" 2619
"../../../Engine/Content/VREditor/TransformGizmo/TransformGizmoMaterial.uasset" 2620
"../../../Engine/Content/VREditor/LaserPointer/VR_LaserPower_01.uasset" 2621
"../../../Engine/Content/VREditor/TransformGizmo/TranslucentTransformGizmoMaterial.uasset" 2622
"C:/Users/Neri/AppData/Local/UnrealEngine/Common/DerivedDataCache/Buckets/BulkDataList/34/fb/2b95d3f0a8db55cd759921b72f20da1c7774.udd" 2623
"../../../Engine/Content/VREditor/TransformGizmo/BoundingBoxCorner.uasset" 2624
"../../../Engine/Content/VREditor/TransformGizmo/BoundingBoxEdge.uasset" 2625
"../../../Engine/Content/VREditor/TransformGizmo/SM_Sequencer_Node.uasset" 2626
"../../../Engine/Content/VREditor/TransformGizmo/Main.uasset" 2627
"../../../Engine/Content/VREditor/TransformGizmo/Xray.uasset" 2628
"../../../Engine/Content/EditorMeshes/Camera/SM_CraneRig_Base.uasset" 2629
"../../../Engine/Content/EditorMaterials/Camera/MI_CineMat_Rig.uasset" 2630
"../../../Engine/Content/EditorMaterials/Camera/CineMat.uasset" 2631
"../../../Engine/Content/EditorMeshes/Camera/SM_CraneRig_Arm.uasset" 2632
"../../../Engine/Content/EditorMeshes/Camera/SM_CraneRig_Mount.uasset" 2633
"../../../Engine/Content/EditorMeshes/Camera/SM_CraneRig_Body.uasset" 2634
"../../../Engine/Content/EditorMeshes/Camera/SM_RailRig_Track.uasset" 2635
"../../../Engine/Content/EditorMeshes/Camera/SM_RailRig_Mount.uasset" 2636
"../../../Engine/Content/ArtTools/RenderToTexture/Meshes/S_1_Unit_Plane.uasset" 2637
"../../../Engine/Content/EngineDebugMaterials/M_SimpleUnlitTranslucent.uasset" 2638
"../../../Engine/Content/EngineFonts/Roboto.uasset" 2639
"../../../Engine/Content/EngineFonts/Faces/DroidSansFallback.uasset" 2640
"../../../Engine/Content/EngineFonts/Faces/RobotoBold.uasset" 2641
"../../../Engine/Content/EngineFonts/Faces/RobotoBoldItalic.uasset" 2642
"../../../Engine/Content/EngineFonts/Faces/RobotoItalic.uasset" 2643
"../../../Engine/Content/EngineFonts/Faces/RobotoLight.uasset" 2644
"../../../Engine/Content/EngineFonts/Faces/RobotoRegular.uasset" 2645
"../../../Engine/Content/EditorMaterials/ParticleSystems/PSysThumbnail_NoImage.uasset" 2646
"C:/Users/Neri/AppData/Local/UnrealEngine/Common/DerivedDataCache/Buckets/BulkDataList/d0/b7/96a79d1573d3bbee765db6a25b312795c56a.udd" 2647
"../../../Engine/Content/EditorMaterials/ParticleSystems/PSysThumbnail_OOD.uasset" 2648
"C:/Users/Neri/AppData/Local/UnrealEngine/Common/DerivedDataCache/Buckets/BulkDataList/1b/55/c80d216ef1cbd51fc259cb62fb6b8564cefd.udd" 2649
"../../../Engine/Content/EditorLandscapeResources/SplineEditorMesh.uasset" 2650
"../../../Engine/Content/EditorLandscapeResources/SplineEditorMeshMat.uasset" 2651
"../../../Engine/Content/EditorLandscapeResources/DataLayer.uasset" 2652
"../../../Engine/Content/EditorResources/S_Solver.uasset" 2653
"C:/Users/Neri/AppData/Local/UnrealEngine/Common/DerivedDataCache/Buckets/BulkDataList/57/91/02aa03d2f34ae749a8e9df3f1bb1eddb6d2e.udd" 2654
"../../../Engine/Content/EngineDebugMaterials/VolumeToRender.uasset" 2655
"C:/Users/Neri/AppData/Local/UnrealEngine/Common/DerivedDataCache/Buckets/BulkDataList/cc/db/f5ce5d4a52a2be3ab8050e4238adff660ca5.udd" 2656
"../../../Engine/Content/EngineDebugMaterials/M_VolumeRenderSphereTracePP.uasset" 2657
"../../../Engine/Content/Functions/Engine_MaterialFunctions02/Utility/CameraDirectionVector.uasset" 2658
"../../../Engine/Content/Internationalization/icudt64l/coll/ucadata.icu" 2659
"../../../Engine/Content/Internationalization/icudt64l/coll/en.res" 2660
"../../../Engine/Content/Internationalization/icudt64l/coll/root.res" 2661
"../../../Engine/Content/Animation/DefaultAnimBoneCompressionSettings.uasset" 2662
"../../../Engine/Content/Animation/DefaultRecorderBoneCompression.uasset" 2663
"../../../Engine/Content/Animation/DefaultAnimCurveCompressionSettings.uasset" 2664
"../../Plugins/Animation/ControlRig/Content/Controls/ControlRigXRayMaterial.uasset" 2665
"../../Plugins/Animation/ControlRig/Content/Controls/DefaultGizmoLibraryNormalized.uasset" 2666
"../../Plugins/Animation/ControlRig/Content/M_Manip.uasset" 2667
"../../../Engine/Content/Functions/Engine_MaterialFunctions02/WorldPositionOffset/CameraOffset.uasset" 2668
"../../Plugins/2D/Paper2D/Content/MaskedUnlitSpriteMaterial.uasset" 2669
"../../Plugins/2D/Paper2D/Content/DefaultSpriteMaterial.uasset" 2670
"../../Plugins/2D/Paper2D/Content/PlaceholderTextures/DummySpriteTexture.uasset" 2671
"C:/Users/Neri/AppData/Local/UnrealEngine/Common/DerivedDataCache/Buckets/BulkDataList/d8/a5/1ffd2f8650c72f7eb912096897254e160d9f.udd" 2672
"../../Plugins/2D/Paper2D/Content/OpaqueUnlitSpriteMaterial.uasset" 2673
"../../Plugins/2D/Paper2D/Content/DefaultPaperTerrainMaterial.uasset" 2674
"../../Plugins/2D/Paper2D/Content/DummySprite.uasset" 2675
"../../Plugins/Editor/SpeedTreeImporter/Content/SpeedTree9/SpeedTreeMaster.uasset" 2676
"../../../Engine/Content/Functions/Engine_MaterialFunctions02/ObjectLocalBounds.uasset" 2677
"../../../Engine/Content/Functions/Engine_MaterialFunctions02/SafeNormalize.uasset" 2678
"../../../Engine/Content/Functions/Engine_MaterialFunctions02/Utility/VectorLength.uasset" 2679
"../../../Engine/Content/Functions/Engine_MaterialFunctions02/UVs/BoundingBoxBased_0-1_UVW.uasset" 2680
"../../../Engine/Content/Functions/Engine_MaterialFunctions02/WorldPositionOffset/ObjectScale.uasset" 2681
"../../Plugins/Editor/SpeedTreeImporter/Content/SpeedTree9/SpeedTreeBranchMotion.uasset" 2682
"../../Plugins/Editor/SpeedTreeImporter/Content/SpeedTree9/SpeedTreeWindMotion.uasset" 2683
"../../Plugins/Editor/SpeedTreeImporter/Content/SpeedTree9/game_wind_noise.uasset" 2684
"../../Plugins/Editor/SpeedTreeImporter/Content/SpeedTree9/UnpackDirection.uasset" 2685
"../../Plugins/Editor/SpeedTreeImporter/Content/SpeedTree9/UnpackInteger3.uasset" 2686
"../../Plugins/Editor/SpeedTreeImporter/Content/SpeedTree9/SpeedTreeCameraFacing.uasset" 2687
"../../Plugins/Editor/SpeedTreeImporter/Content/SpeedTree9/SpeedTreeWind.uasset" 2688
"../../Plugins/Editor/SpeedTreeImporter/Content/SpeedTree9/Empty.uasset" 2689
"../../Plugins/Editor/SpeedTreeImporter/Content/SpeedTree9/EmptyNormal.uasset" 2690
"C:/Users/Neri/AppData/Local/UnrealEngine/Common/DerivedDataCache/Buckets/BulkDataList/6d/9b/b6b60dad5bc8db7df558cadc8a9eb3bcd342.udd" 2691
"C:/Users/Neri/AppData/Local/UnrealEngine/Common/DerivedDataCache/Buckets/BulkDataList/a0/0a/156842cc86713b91e6a160cc9e4085be99c6.udd" 2692
"C:/Users/Neri/AppData/Local/UnrealEngine/Common/DerivedDataCache/Buckets/BulkDataList/4e/0f/534b330f90d0b9e71501e548f3abd9184e16.udd" 2693
"../../Plugins/Editor/SpeedTreeImporter/Content/SpeedTree9/SpeedTreeBillboardMaster.uasset" 2694
"../../Plugins/Editor/SpeedTreeImporter/Content/SpeedTree9/SpeedTreeBillboard.uasset" 2695
"../../Plugins/Media/MediaPlate/Content/SM_MediaPlateScreen.uasset" 2696
"D:/LobinhoTheGame/UE5_LobinhoTheGame/Saved/Config/WindowsEditor/ObjectMixerSerializedData.ini" 2697
"../../../Engine/Content/EngineMaterials/RemoveSurfaceMaterial.uasset" 2698
"../../../Engine/Content/EngineDebugMaterials/DebugMeshMaterial.uasset" 2699
"../../../Engine/Content/EngineMaterials/EmissiveMeshMaterial.uasset" 2700
"../../../Engine/Content/EngineMaterials/DefaultWhiteGrid_Low.uasset" 2701
"C:/Users/Neri/AppData/Local/UnrealEngine/Common/DerivedDataCache/Buckets/BulkDataList/f7/0e/5c7ee856b2399b767adccb7a1f951660280a.udd" 2702
"../../../Engine/Content/EngineMaterials/M_InvalidLightmapSettings.uasset" 2703
"../../../Engine/Content/EngineMaterials/InvalidLightmapSettings.uasset" 2704
"C:/Users/Neri/AppData/Local/UnrealEngine/Common/DerivedDataCache/Buckets/BulkDataList/20/bb/4fd458dfa173ba0787e86e177193c3176740.udd" 2705
"../../../Engine/Content/EngineMaterials/GizmoMaterial.uasset" 2706
"../../../Engine/Content/EngineMaterials/PhAT_JointLimitMaterial.uasset" 2707
"../../../Engine/Content/EngineMaterials/FlattenMaterial.uasset" 2708
"../../../Engine/Content/EngineMaterials/BaseFlattenDiffuseMap.uasset" 2709
"../../../Engine/Content/EngineMaterials/BaseFlattenEmissiveMap.uasset" 2710
"../../../Engine/Content/EngineMaterials/BaseFlattenGrayscaleMap.uasset" 2711
"../../../Engine/Content/EngineMaterials/BaseFlattenLinearColor.uasset" 2712
"../../../Engine/Content/EngineMaterials/BaseFlattenNormalMap.uasset" 2713
"../../../Engine/Content/Functions/Engine_MaterialFunctions02/PivotPainter2/Black_1x1_EXR_Texture.uasset" 2714
"C:/Users/Neri/AppData/Local/UnrealEngine/Common/DerivedDataCache/Buckets/BulkDataList/be/12/1d6ff0727a8836a414d8c46ca99070a4c4eb.udd" 2715
"C:/Users/Neri/AppData/Local/UnrealEngine/Common/DerivedDataCache/Buckets/BulkDataList/64/05/da24ca47d2fd67497f8d46e5ad959ef4cab9.udd" 2716
"C:/Users/Neri/AppData/Local/UnrealEngine/Common/DerivedDataCache/Buckets/BulkDataList/90/20/2f5e5e4c80d4e1062ab0d99d37e691a32ce1.udd" 2717
"C:/Users/Neri/AppData/Local/UnrealEngine/Common/DerivedDataCache/Buckets/BulkDataList/56/5b/f1ab0a952dd745e7ab7d988db309841acdee.udd" 2718
"C:/Users/Neri/AppData/Local/UnrealEngine/Common/DerivedDataCache/Buckets/BulkDataList/7a/f5/29589cebd27ccb52a7da33d2239a0cece424.udd" 2719
"C:/Users/Neri/AppData/Local/UnrealEngine/Common/DerivedDataCache/Buckets/BulkDataList/e1/d3/8504bdda3b52728931e6e5ac8e78d1528ad7.udd" 2720
"../../../Engine/Content/EngineMaterials/FlattenMaterial_VT.uasset" 2721
"../../../Engine/Content/EngineMaterials/BaseFlattenDiffuseMap_VT.uasset" 2722
"../../../Engine/Content/EngineMaterials/BaseFlattenEmissiveMap_VT.uasset" 2723
"../../../Engine/Content/EngineMaterials/BaseFlattenGrayscaleMap_VT.uasset" 2724
"../../../Engine/Content/EngineMaterials/BaseFlattenLinearColor_VT.uasset" 2725
"../../../Engine/Content/EngineMaterials/BaseFlattenNormalMap_VT.uasset" 2726
"../../../Engine/Content/EngineMaterials/Black_1x1_EXR_Texture_VT.uasset" 2727
"C:/Users/Neri/AppData/Local/UnrealEngine/Common/DerivedDataCache/Buckets/BulkDataList/95/93/9720c301cd7a50f4bac74dc9153523c89cad.udd" 2728
"C:/Users/Neri/AppData/Local/UnrealEngine/Common/DerivedDataCache/Buckets/BulkDataList/b2/3a/ac22082c7e8d0b3a779e35fdcb54dd4cd20f.udd" 2729
"C:/Users/Neri/AppData/Local/UnrealEngine/Common/DerivedDataCache/Buckets/BulkDataList/30/07/93c948d4a4fb33c9103e194e782259a7e404.udd" 2730
"C:/Users/Neri/AppData/Local/UnrealEngine/Common/DerivedDataCache/Buckets/BulkDataList/a7/5c/440c69a1abc2b40aa9d49926aeb23289c73e.udd" 2731
"C:/Users/Neri/AppData/Local/UnrealEngine/Common/DerivedDataCache/Buckets/BulkDataList/12/f7/72187f781df96dcc6c3da14876cb1e036141.udd" 2732
"C:/Users/Neri/AppData/Local/UnrealEngine/Common/DerivedDataCache/Buckets/BulkDataList/a9/4b/b8da5038191511719fee2202555e79ba9875.udd" 2733
"../../../Engine/Content/EngineMaterials/FlattenMaterial_WS_Normal_VT.uasset" 2734
"../../../Engine/Content/EngineMaterials/Good64x64TilingNoiseHighFreq.uasset" 2735
"C:/Users/Neri/AppData/Local/UnrealEngine/Common/DerivedDataCache/Buckets/BulkDataList/51/1c/b6bffcb4f50620164b3315c70ed0e7421729.udd" 2736
"../../../Engine/Content/EngineMaterials/DefaultBokeh.uasset" 2737
"C:/Users/Neri/AppData/Local/UnrealEngine/Common/DerivedDataCache/Buckets/BulkDataList/0d/bc/fdea4bc945e4129365f5be64b05c015f4b62.udd" 2738
"../../../Engine/Content/EngineMaterials/PreintegratedSkinBRDF.uasset" 2739
"C:/Users/Neri/AppData/Local/UnrealEngine/Common/DerivedDataCache/Buckets/BulkDataList/d6/8f/58b0210569bb30f304f4ca218ef791ef6f69.udd" 2740
"../../../Engine/Content/EngineMaterials/MiniFont.uasset" 2741
"C:/Users/Neri/AppData/Local/UnrealEngine/Common/DerivedDataCache/Buckets/BulkDataList/dc/2c/683ed8ee4144a50a1a57fb7d45d13e6b566f.udd" 2742
"../../../Engine/Content/EngineMaterials/WeightMapPlaceholderTexture.uasset" 2743
"C:/Users/Neri/AppData/Local/UnrealEngine/Common/DerivedDataCache/Buckets/BulkDataList/3d/88/3c932b321b1bd5ba6ec6524c24df2155a5b2.udd" 2744
"../../../Engine/Content/EngineMaterials/DefaultWhiteGrid.uasset" 2745
"C:/Users/Neri/AppData/Local/UnrealEngine/Common/DerivedDataCache/Buckets/BulkDataList/f8/a8/8a64de6720e30b85b0c42313933770988034.udd" 2746
"../../../Engine/Content/EngineMaterials/DefaultPhysicalMaterial.uasset" 2747
"../../../Engine/Content/EngineMaterials/DefaultDestructiblePhysicalMaterial.uasset" 2748
"../../../Engine/Content/EditorLandscapeResources/DefaultAlphaTexture.uasset" 2749
"C:/Users/Neri/AppData/Local/UnrealEngine/Common/DerivedDataCache/Buckets/BulkDataList/cd/5b/b25da239713e3613b72b9e7da8e86626ac26.udd" 2750
"../../../Engine/Content/EditorResources/S_Terrain.uasset" 2751
"C:/Users/Neri/AppData/Local/UnrealEngine/Common/DerivedDataCache/Buckets/BulkDataList/57/68/38b9b2a71de47ff0352a93f536d01ffdf4f6.udd" 2752
"../../../Engine/Content/BasicShapes/Cube.uasset" 2753
"../../../Engine/Content/BasicShapes/Sphere.uasset" 2754
"../../../Engine/Content/EngineMaterials/DefaultMaterial.uasset" 2755
"../../../Engine/Content/BasicShapes/Cylinder.uasset" 2756
"../../../Engine/Content/BasicShapes/Cone.uasset" 2757
"../../../Engine/Content/BasicShapes/Plane.uasset" 2758
"../../Plugins/Runtime/MeshModelingToolset/Content/Materials/M_DynamicMeshComponentVtxColor.uasset" 2759
"../../Plugins/FX/Niagara/Content/ParameterDefinitions/SpriteRenderer.uasset" 2760
"../../Plugins/FX/Niagara/Content/ParameterDefinitions/RibbonRenderer.uasset" 2761
"../../Plugins/FX/Niagara/Content/ParameterDefinitions/MeshRenderer.uasset" 2762
"../../Plugins/FX/Niagara/Content/ParameterDefinitions/LightRenderer.uasset" 2763
"../../Plugins/FX/Niagara/Content/ParameterDefinitions/CoreParameters.uasset" 2764
"../../../Engine/Content/EditorResources/SequenceRecorder/Countdown.uasset" 2765
"C:/Users/Neri/AppData/Local/UnrealEngine/Common/DerivedDataCache/Buckets/BulkDataList/d8/43/010b9e3e035ca8e33409ce6f5e32aa93c522.udd" 2766
"../../../Engine/Content/EditorResources/SequenceRecorder/RecordingIndicator.uasset" 2767
"C:/Users/Neri/AppData/Local/UnrealEngine/Common/DerivedDataCache/Buckets/BulkDataList/39/6d/ec83a4a7585785739b6a5b3005aff2652d71.udd" 2768
"../../../Engine/Content/EditorMaterials/PhAT_UnselectedMaterial.uasset" 2769
"../../../Engine/Content/EditorMaterials/PhAT_NoCollisionMaterial.uasset" 2770
"C:/Users/Neri/AppData/Local/UnrealEngine/Common/DerivedDataCache/Buckets/GlobalShaderMap/d0/ca/72948084a3c630a51b6e1c169eb4066dbec1.udd" 2771
"C:/Users/Neri/AppData/Local/UnrealEngine/Common/DerivedDataCache/Buckets/GlobalShaderMap/52/2f/5f81a46fefa9a16ab0c92629f7603e63180c.udd" 2772
"C:/Users/Neri/AppData/Local/UnrealEngine/Common/DerivedDataCache/Buckets/GlobalShaderMap/29/b1/4ffdd2b70ad1cfabfbd538aef87b9a9a325b.udd" 2773
"C:/Users/Neri/AppData/Local/UnrealEngine/Common/DerivedDataCache/Buckets/GlobalShaderMap/9a/72/c77b4b248dc371e73a1c5ba7d449b3461827.udd" 2774
"C:/Users/Neri/AppData/Local/UnrealEngine/Common/DerivedDataCache/Buckets/GlobalShaderMap/cb/a4/af34eccec8f323d394184d7e2593173421c7.udd" 2775
"C:/Users/Neri/AppData/Local/UnrealEngine/Common/DerivedDataCache/Buckets/GlobalShaderMap/28/10/0b60ae658b4b1521efa397f203d3bdf9df20.udd" 2776
"C:/Users/Neri/AppData/Local/UnrealEngine/Common/DerivedDataCache/Buckets/GlobalShaderMap/ba/f2/5062a03f3f2ac44590f02846ad4fe9271df8.udd" 2777
"C:/Users/Neri/AppData/Local/UnrealEngine/Common/DerivedDataCache/Buckets/GlobalShaderMap/da/4b/149a29ee6038519aa8ec2ae1f86199e023a3.udd" 2778
"C:/Users/Neri/AppData/Local/UnrealEngine/Common/DerivedDataCache/Buckets/GlobalShaderMap/cb/c4/b81f948aaebed7b7fd1623e3b196a00ccee2.udd" 2779
"C:/Users/Neri/AppData/Local/UnrealEngine/Common/DerivedDataCache/Buckets/GlobalShaderMap/6d/21/6fa5422ea6ba5408c32ffdba70b342357437.udd" 2780
"C:/Users/Neri/AppData/Local/UnrealEngine/Common/DerivedDataCache/Buckets/GlobalShaderMap/ac/7b/d174f09222ee180e081be82f9a0a299bce77.udd" 2781
"C:/Users/Neri/AppData/Local/UnrealEngine/Common/DerivedDataCache/Buckets/GlobalShaderMap/72/29/dd6e1a5db92b4259094979d0eec3d4608798.udd" 2782
"C:/Users/Neri/AppData/Local/UnrealEngine/Common/DerivedDataCache/Buckets/GlobalShaderMap/36/b8/95095f236041e8b22fe3c33a1c98e4b345e0.udd" 2783
"C:/Users/Neri/AppData/Local/UnrealEngine/Common/DerivedDataCache/Buckets/GlobalShaderMap/03/ec/5043d511373404ac2695a1a9010c75ad3387.udd" 2784
"C:/Users/Neri/AppData/Local/UnrealEngine/Common/DerivedDataCache/Buckets/GlobalShaderMap/c9/ac/3a2db195602745b7185fdd4b708e9d0d0f2c.udd" 2785
"C:/Users/Neri/AppData/Local/UnrealEngine/Common/DerivedDataCache/Buckets/GlobalShaderMap/ff/27/2572fc39d1c8ed5921fe4e7b6aef46226694.udd" 2786
"C:/Users/Neri/AppData/Local/UnrealEngine/Common/DerivedDataCache/Buckets/GlobalShaderMap/05/b2/6555b578d568660a6a6de437c73c9a537d8f.udd" 2787
"C:/Users/Neri/AppData/Local/UnrealEngine/Common/DerivedDataCache/Buckets/GlobalShaderMap/14/0f/c17f956f2f58b1588cab7b423e62eb69b1af.udd" 2788
"C:/Users/Neri/AppData/Local/UnrealEngine/Common/DerivedDataCache/Buckets/GlobalShaderMap/08/7a/4f213f08c3fc6a953eb015a02c62fc08d580.udd" 2789
"C:/Users/Neri/AppData/Local/UnrealEngine/Common/DerivedDataCache/Buckets/GlobalShaderMap/28/8f/3af23c6bf792d75b7a614fa0b73f295951f6.udd" 2790
"C:/Users/Neri/AppData/Local/UnrealEngine/Common/DerivedDataCache/Buckets/GlobalShaderMap/d4/22/ce30ff2fdd83300347ce6c2d95321957bb0d.udd" 2791
"C:/Users/Neri/AppData/Local/UnrealEngine/Common/DerivedDataCache/Buckets/GlobalShaderMap/dd/f0/e6de1af3ca686abb5d9a7a4fa328af7de34a.udd" 2792
"C:/Users/Neri/AppData/Local/UnrealEngine/Common/DerivedDataCache/Buckets/GlobalShaderMap/7e/69/07d0d80e09d58b3bf545c62e97247fbadaa2.udd" 2793
"C:/Users/Neri/AppData/Local/UnrealEngine/Common/DerivedDataCache/Buckets/GlobalShaderMap/be/c1/b9e44dc852d90dda9c9950504ec3c1399fda.udd" 2794
"C:/Users/Neri/AppData/Local/UnrealEngine/Common/DerivedDataCache/Buckets/GlobalShaderMap/fa/88/1dbeb3546140f39809650cd54943e3ac1072.udd" 2795
"C:/Users/Neri/AppData/Local/UnrealEngine/Common/DerivedDataCache/Buckets/GlobalShaderMap/cc/87/b5ed213b4a4c5f1c5f51c07a800e50249238.udd" 2796
"C:/Users/Neri/AppData/Local/UnrealEngine/Common/DerivedDataCache/Buckets/GlobalShaderMap/99/c8/8227899fb1f272a9cc83d7f2fe986deeda91.udd" 2797
"C:/Users/Neri/AppData/Local/UnrealEngine/Common/DerivedDataCache/Buckets/GlobalShaderMap/91/37/77918a577b0c539782cff839a19629b4d1f1.udd" 2798
"C:/Users/Neri/AppData/Local/UnrealEngine/Common/DerivedDataCache/Content/eb/18/a88c3352b98939242cc0d41009de65483e40.udd" 2799
"C:/Users/Neri/AppData/Local/UnrealEngine/Common/DerivedDataCache/Buckets/GlobalShaderMap/b0/70/3013cada82774cd8723611cf6c627d82330f.udd" 2800
"C:/Users/Neri/AppData/Local/UnrealEngine/Common/DerivedDataCache/Buckets/GlobalShaderMap/db/1e/2162ec571ace09187ad823530edc159c2a0e.udd" 2801
"C:/Users/Neri/AppData/Local/UnrealEngine/Common/DerivedDataCache/Buckets/GlobalShaderMap/26/30/9675a49c63071454277eac0a9e54ddc49d7e.udd" 2802
"C:/Users/Neri/AppData/Local/UnrealEngine/Common/DerivedDataCache/Buckets/GlobalShaderMap/53/f5/dc85d0345e88759c0d77045b4ddff9287d9d.udd" 2803
"C:/Users/Neri/AppData/Local/UnrealEngine/Common/DerivedDataCache/Buckets/GlobalShaderMap/6b/15/005c33ae595e662cefca5366fcab168f738c.udd" 2804
"C:/Users/Neri/AppData/Local/UnrealEngine/Common/DerivedDataCache/Buckets/GlobalShaderMap/58/f3/7adfcf2454bf14813f7b8a1e1b988a1d0455.udd" 2805
"C:/Users/Neri/AppData/Local/UnrealEngine/Common/DerivedDataCache/Buckets/GlobalShaderMap/4b/4e/be17a00a70359afaaa88f93cabc606a7a85c.udd" 2806
"C:/Users/Neri/AppData/Local/UnrealEngine/Common/DerivedDataCache/Buckets/GlobalShaderMap/06/1c/6b1cbcff5c1db3718df6586c34c28510325c.udd" 2807
"C:/Users/Neri/AppData/Local/UnrealEngine/Common/DerivedDataCache/Buckets/GlobalShaderMap/ee/60/2c69201c630e0e24148030cd6758a8b526db.udd" 2808
"C:/Users/Neri/AppData/Local/UnrealEngine/Common/DerivedDataCache/Buckets/GlobalShaderMap/aa/a0/8c9ab2920ac9c21973ac7d69e2a04aeb843d.udd" 2809
"C:/Users/Neri/AppData/Local/UnrealEngine/Common/DerivedDataCache/Buckets/GlobalShaderMap/49/78/72f9f73153a68b69c53b865eca1946637490.udd" 2810
"C:/Users/Neri/AppData/Local/UnrealEngine/Common/DerivedDataCache/Buckets/GlobalShaderMap/aa/92/bf54f79791049c8d83ccf91df9c100e7b8d8.udd" 2811
"C:/Users/Neri/AppData/Local/UnrealEngine/Common/DerivedDataCache/Buckets/GlobalShaderMap/f5/e9/7fe95b5cd6d557a5f3a92317fb8ff36dfdcd.udd" 2812
"C:/Users/Neri/AppData/Local/UnrealEngine/Common/DerivedDataCache/Buckets/GlobalShaderMap/71/5d/1c3a43f72f955d6088092b52f5be8d8b58d2.udd" 2813
"C:/Users/Neri/AppData/Local/UnrealEngine/Common/DerivedDataCache/Buckets/GlobalShaderMap/ff/55/60d11e6ea4381a5f83dfe41e23f0dc8b8c28.udd" 2814
"C:/Users/Neri/AppData/Local/UnrealEngine/Common/DerivedDataCache/Buckets/GlobalShaderMap/e2/8e/a1c62468e5b4c949d0d1d1c03268faef98dc.udd" 2815
"C:/Users/Neri/AppData/Local/UnrealEngine/Common/DerivedDataCache/Buckets/GlobalShaderMap/ac/ce/1742746a84eb5cb1345c7f6f26f8af9d6e8d.udd" 2816
"C:/Users/Neri/AppData/Local/UnrealEngine/Common/DerivedDataCache/Buckets/GlobalShaderMap/c5/5b/58a69413bb68adeefee3f9c88b849f4a6ea1.udd" 2817
"C:/Users/Neri/AppData/Local/UnrealEngine/Common/DerivedDataCache/Buckets/GlobalShaderMap/a4/0a/5a76c0a5cc2fac125f7cf36c36e0acfd4e3f.udd" 2818
"C:/Users/Neri/AppData/Local/UnrealEngine/Common/DerivedDataCache/Buckets/GlobalShaderMap/83/77/938b61a978d15ab4e6fbbe1faf7342d48e5b.udd" 2819
"C:/Users/Neri/AppData/Local/UnrealEngine/Common/DerivedDataCache/Buckets/GlobalShaderMap/91/98/140fd8b23b50c2a31b03fc5ceb3d616ea641.udd" 2820
"C:/Users/Neri/AppData/Local/UnrealEngine/Common/DerivedDataCache/Buckets/GlobalShaderMap/5c/15/a8883b50028ee237650dc6b5f9a13ee2c590.udd" 2821
"C:/Users/Neri/AppData/Local/UnrealEngine/Common/DerivedDataCache/Buckets/GlobalShaderMap/19/23/cb7ec14a5d765617a22906cd5001f981c28e.udd" 2822
"C:/Users/Neri/AppData/Local/UnrealEngine/Common/DerivedDataCache/Buckets/GlobalShaderMap/2d/79/8af5069a65a51eca32a11a2664222e7954ed.udd" 2823
"C:/Users/Neri/AppData/Local/UnrealEngine/Common/DerivedDataCache/Buckets/GlobalShaderMap/0e/7b/0fe1d521e1aae1d88e36df1125f19c152c23.udd" 2824
"C:/Users/Neri/AppData/Local/UnrealEngine/Common/DerivedDataCache/Buckets/GlobalShaderMap/85/04/5e62d42f397d0db437ff5f52c9a5524c08dd.udd" 2825
"C:/Users/Neri/AppData/Local/UnrealEngine/Common/DerivedDataCache/Buckets/GlobalShaderMap/09/b2/7e9d70641b9c91eb817c85a70547fa373a53.udd" 2826
"C:/Users/Neri/AppData/Local/UnrealEngine/Common/DerivedDataCache/Buckets/GlobalShaderMap/a9/e8/164c32486437759cc81c7bf126c64aeff314.udd" 2827
"C:/Users/Neri/AppData/Local/UnrealEngine/Common/DerivedDataCache/Buckets/GlobalShaderMap/5a/51/6e45ccb95411b985f56fd3c55eda57a231e0.udd" 2828
"C:/Users/Neri/AppData/Local/UnrealEngine/Common/DerivedDataCache/Buckets/GlobalShaderMap/ea/8b/4cddbaf915bac39e0a489a52552cc94975b7.udd" 2829
"C:/Users/Neri/AppData/Local/UnrealEngine/Common/DerivedDataCache/Buckets/GlobalShaderMap/ff/2d/abdcb5cd7f51b64057af200a6779553fccd2.udd" 2830
"C:/Users/Neri/AppData/Local/UnrealEngine/Common/DerivedDataCache/Buckets/GlobalShaderMap/c9/df/2f5d2628ddc92eda407e5c5db1816fe1ba6c.udd" 2831
"C:/Users/Neri/AppData/Local/UnrealEngine/Common/DerivedDataCache/Buckets/GlobalShaderMap/59/4e/dd85b5d6d5886e91d962da704446f0891e3f.udd" 2832
"C:/Users/Neri/AppData/Local/UnrealEngine/Common/DerivedDataCache/Buckets/GlobalShaderMap/07/8e/c3f3ad0cf3a8b2cbc7b13e88edc2e951b862.udd" 2833
"C:/Users/Neri/AppData/Local/UnrealEngine/Common/DerivedDataCache/Buckets/GlobalShaderMap/75/4c/2c64b61e8d92426f4030471df9c56aa41c7e.udd" 2834
"C:/Users/Neri/AppData/Local/UnrealEngine/Common/DerivedDataCache/Buckets/GlobalShaderMap/e8/2f/f59d08345e7c983e37ca429a565470b05b43.udd" 2835
"C:/Users/Neri/AppData/Local/UnrealEngine/Common/DerivedDataCache/Content/73/fe/adc3386119ff869dc485dcc21ecfde47a623.udd" 2836
"C:/Users/Neri/AppData/Local/UnrealEngine/Common/DerivedDataCache/Buckets/GlobalShaderMap/01/48/e55bb9a698b41cfa455f8c9a560fcc4f0022.udd" 2837
"C:/Users/Neri/AppData/Local/UnrealEngine/Common/DerivedDataCache/Buckets/GlobalShaderMap/ab/f4/cb7541416645728f9139df28b6bb0c0c9571.udd" 2838
"C:/Users/Neri/AppData/Local/UnrealEngine/Common/DerivedDataCache/Buckets/GlobalShaderMap/4a/95/1995c9481ffa0b89b0e8a9473a8dea55d0d7.udd" 2839
"C:/Users/Neri/AppData/Local/UnrealEngine/Common/DerivedDataCache/Buckets/GlobalShaderMap/18/4a/0b8ad8bc291c74b60d22304c08cfbc911e30.udd" 2840
"C:/Users/Neri/AppData/Local/UnrealEngine/Common/DerivedDataCache/Buckets/GlobalShaderMap/01/d5/9ec5b79656603d66d81d2446efc426229364.udd" 2841
"C:/Users/Neri/AppData/Local/UnrealEngine/Common/DerivedDataCache/Buckets/GlobalShaderMap/fb/b0/9e0816b8ce2e0a61b0e7b5371d6019f5576b.udd" 2842
"C:/Users/Neri/AppData/Local/UnrealEngine/Common/DerivedDataCache/Buckets/GlobalShaderMap/07/4d/9e489af5657b9740fd379528ba4c24489846.udd" 2843
"C:/Users/Neri/AppData/Local/UnrealEngine/Common/DerivedDataCache/Buckets/GlobalShaderMap/94/5a/3a038cc3c4de8ce530699a2c08411ca710f8.udd" 2844
"C:/Users/Neri/AppData/Local/UnrealEngine/Common/DerivedDataCache/Buckets/GlobalShaderMap/9c/52/d54eb37f6addc842ccb5e6b730f2aac7c5b2.udd" 2845
"C:/Users/Neri/AppData/Local/UnrealEngine/Common/DerivedDataCache/Buckets/GlobalShaderMap/90/49/de5a2b2c2f221c511378ee722e64832bbb54.udd" 2846
"C:/Users/Neri/AppData/Local/UnrealEngine/Common/DerivedDataCache/Buckets/GlobalShaderMap/66/9c/aa13bd41544cbf4cadb2ff2f400ac8d63828.udd" 2847
"C:/Users/Neri/AppData/Local/UnrealEngine/Common/DerivedDataCache/Buckets/GlobalShaderMap/72/c6/e279ea580d31744697a338e3be323bee2141.udd" 2848
"C:/Users/Neri/AppData/Local/UnrealEngine/Common/DerivedDataCache/Buckets/GlobalShaderMap/4b/62/5eb9c7450bd9f90759df11f3d376eac74028.udd" 2849
"C:/Users/Neri/AppData/Local/UnrealEngine/Common/DerivedDataCache/Buckets/GlobalShaderMap/86/d5/ebb23754697734ad6fb39bd4a2daf8872336.udd" 2850
"C:/Users/Neri/AppData/Local/UnrealEngine/Common/DerivedDataCache/Buckets/GlobalShaderMap/bf/cc/baccb04269202bcc1a24c13d1161d559dfbe.udd" 2851
"C:/Users/Neri/AppData/Local/UnrealEngine/Common/DerivedDataCache/Buckets/GlobalShaderMap/b4/ec/3d2bb9da4b9c796a86770ac2b604fb7b487e.udd" 2852
"C:/Users/Neri/AppData/Local/UnrealEngine/Common/DerivedDataCache/Buckets/GlobalShaderMap/2b/7b/6df8b6b4df3d23b00e6c660693579191187e.udd" 2853
"C:/Users/Neri/AppData/Local/UnrealEngine/Common/DerivedDataCache/Buckets/GlobalShaderMap/6a/2f/1aeb2c27da8246989bf94b616a97cbd68d90.udd" 2854
"C:/Users/Neri/AppData/Local/UnrealEngine/Common/DerivedDataCache/Buckets/GlobalShaderMap/80/58/ed08e340b23ff705fde4c471b291ea8bee07.udd" 2855
"C:/Users/Neri/AppData/Local/UnrealEngine/Common/DerivedDataCache/Buckets/GlobalShaderMap/f5/64/b4602270272184d9923b5c3e2c57531e3e8f.udd" 2856
"C:/Users/Neri/AppData/Local/UnrealEngine/Common/DerivedDataCache/Buckets/GlobalShaderMap/71/74/a203b3016850b23ff2c9a9d4914071d931d2.udd" 2857
"C:/Users/Neri/AppData/Local/UnrealEngine/Common/DerivedDataCache/Buckets/GlobalShaderMap/ae/66/add0da09b9f9ae99d17e0a5c498832ce1819.udd" 2858
"C:/Users/Neri/AppData/Local/UnrealEngine/Common/DerivedDataCache/Buckets/GlobalShaderMap/d2/a6/1c4e1075c65f7aaf4fe0194f8a6904b3d73f.udd" 2859
"C:/Users/Neri/AppData/Local/UnrealEngine/Common/DerivedDataCache/Buckets/GlobalShaderMap/44/52/c6a932fb724bc86bf8cb77232b7da2a9fbde.udd" 2860
"C:/Users/Neri/AppData/Local/UnrealEngine/Common/DerivedDataCache/Buckets/GlobalShaderMap/bd/73/4fbe06b1c9778abcd08682e8ce2dcf9d3038.udd" 2861
"C:/Users/Neri/AppData/Local/UnrealEngine/Common/DerivedDataCache/Buckets/GlobalShaderMap/2f/d5/e0524a32de73f9a11ae682d3e1c8e438686f.udd" 2862
"C:/Users/Neri/AppData/Local/UnrealEngine/Common/DerivedDataCache/Buckets/GlobalShaderMap/3d/f1/65f251c3180183980d1c0f86f1d6b08ef659.udd" 2863
"C:/Users/Neri/AppData/Local/UnrealEngine/Common/DerivedDataCache/Buckets/GlobalShaderMap/2a/c6/e0f733a9684a7c5de9b479a8129c008f3e2c.udd" 2864
"C:/Users/Neri/AppData/Local/UnrealEngine/Common/DerivedDataCache/Buckets/GlobalShaderMap/18/c6/92d81940473beb507bd6eee0f3dac1732108.udd" 2865
"C:/Users/Neri/AppData/Local/UnrealEngine/Common/DerivedDataCache/Buckets/GlobalShaderMap/b2/5b/339aeaef34fba5d9579b24c802019e9822cd.udd" 2866
"C:/Users/Neri/AppData/Local/UnrealEngine/Common/DerivedDataCache/Buckets/GlobalShaderMap/7c/af/708c30206a698d5289948b2c6a1002b88b2e.udd" 2867
"C:/Users/Neri/AppData/Local/UnrealEngine/Common/DerivedDataCache/Buckets/GlobalShaderMap/fd/a4/c955d580e13372e616f4b94453ec4c858a17.udd" 2868
"C:/Users/Neri/AppData/Local/UnrealEngine/Common/DerivedDataCache/Buckets/GlobalShaderMap/ce/33/741a3b32521a082e11d40790c16603919442.udd" 2869
"C:/Users/Neri/AppData/Local/UnrealEngine/Common/DerivedDataCache/Buckets/GlobalShaderMap/a8/bc/30e1826d091580e98008228fcc04baf0997d.udd" 2870
"C:/Users/Neri/AppData/Local/UnrealEngine/Common/DerivedDataCache/Buckets/GlobalShaderMap/fe/c5/b62f6ba447300cbacb40c5b60f75afe5e856.udd" 2871
"C:/Users/Neri/AppData/Local/UnrealEngine/Common/DerivedDataCache/Buckets/GlobalShaderMap/1d/bf/3bc5bfe6e0285f2f21eb586c691a93d50dfd.udd" 2872
"C:/Users/Neri/AppData/Local/UnrealEngine/Common/DerivedDataCache/Buckets/GlobalShaderMap/fc/85/56a0a724af5dbffe61c8651162140b14c846.udd" 2873
"C:/Users/Neri/AppData/Local/UnrealEngine/Common/DerivedDataCache/Buckets/GlobalShaderMap/6e/97/3cf28087f9ce2cac9eecbb34a4605c6d420e.udd" 2874
"C:/Users/Neri/AppData/Local/UnrealEngine/Common/DerivedDataCache/Buckets/GlobalShaderMap/66/99/d38b54a50ba4a8b0d56bf7fdfe8726beaae7.udd" 2875
"C:/Users/Neri/AppData/Local/UnrealEngine/Common/DerivedDataCache/Buckets/GlobalShaderMap/0d/e9/59d9775170841a6f6e7308d9a8b743019709.udd" 2876
"C:/Users/Neri/AppData/Local/UnrealEngine/Common/DerivedDataCache/Buckets/GlobalShaderMap/66/64/ecd2d91191e3f163574270d868d728612466.udd" 2877
"C:/Users/Neri/AppData/Local/UnrealEngine/Common/DerivedDataCache/Buckets/GlobalShaderMap/da/38/74b1daf579da624f0077661f54d9d99b200a.udd" 2878
"C:/Users/Neri/AppData/Local/UnrealEngine/Common/DerivedDataCache/Buckets/GlobalShaderMap/ca/4d/06a8a8fd2748239e86bbf18fb70a5859da3f.udd" 2879
"C:/Users/Neri/AppData/Local/UnrealEngine/Common/DerivedDataCache/Buckets/GlobalShaderMap/12/f7/b418abca9a10289a775bb2c1b2ba2d81a7d6.udd" 2880
"C:/Users/Neri/AppData/Local/UnrealEngine/Common/DerivedDataCache/Buckets/GlobalShaderMap/a6/3a/de0e492036cabd162053730c1b4c0990430c.udd" 2881
"C:/Users/Neri/AppData/Local/UnrealEngine/Common/DerivedDataCache/Buckets/GlobalShaderMap/a8/db/70da866a31120e5f251704cc3d608f7f59ad.udd" 2882
"C:/Users/Neri/AppData/Local/UnrealEngine/Common/DerivedDataCache/Buckets/GlobalShaderMap/20/be/09f5671b407b34c4446331c6392a41be785d.udd" 2883
"C:/Users/Neri/AppData/Local/UnrealEngine/Common/DerivedDataCache/Buckets/GlobalShaderMap/95/74/a60357c3dea73a75350c7698babf56c884db.udd" 2884
"C:/Users/Neri/AppData/Local/UnrealEngine/Common/DerivedDataCache/Buckets/GlobalShaderMap/08/ce/453e8fba1f3249b7d9d0638800ee2559011e.udd" 2885
"C:/Users/Neri/AppData/Local/UnrealEngine/Common/DerivedDataCache/Buckets/GlobalShaderMap/cd/ea/4b46cc4eac076432718e0fc7a31ae911eff9.udd" 2886
"C:/Users/Neri/AppData/Local/UnrealEngine/Common/DerivedDataCache/Buckets/GlobalShaderMap/cb/37/65254f62ac5fa089733b42224be4781498c1.udd" 2887
"C:/Users/Neri/AppData/Local/UnrealEngine/Common/DerivedDataCache/Buckets/GlobalShaderMap/55/8c/cd56d219d061b37c022f44ea349e918e99f3.udd" 2888
"C:/Users/Neri/AppData/Local/UnrealEngine/Common/DerivedDataCache/Buckets/GlobalShaderMap/2e/e0/67ff8e30815c158bcf47beedfc1d8fe0c784.udd" 2889
"C:/Users/Neri/AppData/Local/UnrealEngine/Common/DerivedDataCache/Buckets/GlobalShaderMap/fb/2d/65e580e3734afb57c25bc0305a5b6bbfb92f.udd" 2890
"C:/Users/Neri/AppData/Local/UnrealEngine/Common/DerivedDataCache/Buckets/GlobalShaderMap/1c/9d/d72b0e68ea09bfdd35aabc06d7685e718b25.udd" 2891
"C:/Users/Neri/AppData/Local/UnrealEngine/Common/DerivedDataCache/Buckets/GlobalShaderMap/7b/ad/f34c0055fbc01d6d7c9e29373c8f222adb34.udd" 2892
"C:/Users/Neri/AppData/Local/UnrealEngine/Common/DerivedDataCache/Buckets/GlobalShaderMap/2f/c1/730eadc1c09d641d0143a63bb43b343d586a.udd" 2893
"C:/Users/Neri/AppData/Local/UnrealEngine/Common/DerivedDataCache/Buckets/GlobalShaderMap/ed/75/c667ed06d0442799b6f0f1383eabe93c799d.udd" 2894
"C:/Users/Neri/AppData/Local/UnrealEngine/Common/DerivedDataCache/Buckets/GlobalShaderMap/d6/a4/3bb4c887f2af322d5c8a4ac20ea127f9ce7c.udd" 2895
"C:/Users/Neri/AppData/Local/UnrealEngine/Common/DerivedDataCache/Buckets/GlobalShaderMap/d9/99/1824b6399b24e12847e54ffa09ae2de7fce9.udd" 2896
"C:/Users/Neri/AppData/Local/UnrealEngine/Common/DerivedDataCache/Buckets/GlobalShaderMap/3a/66/bd2768156ab1ba200bba32465c714200753a.udd" 2897
"C:/Users/Neri/AppData/Local/UnrealEngine/Common/DerivedDataCache/Buckets/GlobalShaderMap/76/a0/6cb1a0f4928bf0fcb3bfb35e928715879fec.udd" 2898
"C:/Users/Neri/AppData/Local/UnrealEngine/Common/DerivedDataCache/Buckets/GlobalShaderMap/e7/86/068a846bb3176543cfde6aa4d79795cbb4b9.udd" 2899
"C:/Users/Neri/AppData/Local/UnrealEngine/Common/DerivedDataCache/Buckets/GlobalShaderMap/fa/4c/9e86099f23a90cb1cf99ebc3db479edd0929.udd" 2900
"C:/Users/Neri/AppData/Local/UnrealEngine/Common/DerivedDataCache/Buckets/GlobalShaderMap/dc/1a/4202e7ae6f97f631fd07779274be2f44019f.udd" 2901
"C:/Users/Neri/AppData/Local/UnrealEngine/Common/DerivedDataCache/Buckets/GlobalShaderMap/fc/ae/8a2c0c2d97970f9f4f21b500934900b297d9.udd" 2902
"C:/Users/Neri/AppData/Local/UnrealEngine/Common/DerivedDataCache/Buckets/GlobalShaderMap/ef/e3/0ef5b8e7b4ab29555a066bf8386ac180073d.udd" 2903
"C:/Users/Neri/AppData/Local/UnrealEngine/Common/DerivedDataCache/Buckets/GlobalShaderMap/16/6b/1883fd6bde84cd8240c8d3f7b12acf5b294b.udd" 2904
"C:/Users/Neri/AppData/Local/UnrealEngine/Common/DerivedDataCache/Buckets/GlobalShaderMap/89/42/ab311bd302d82f1dc4b072f9525531d49c1c.udd" 2905
"C:/Users/Neri/AppData/Local/UnrealEngine/Common/DerivedDataCache/Buckets/GlobalShaderMap/78/a6/f0dd5e67e20672b42eefc382bdd56609c228.udd" 2906
"C:/Users/Neri/AppData/Local/UnrealEngine/Common/DerivedDataCache/Buckets/GlobalShaderMap/de/aa/c628fc5a7c9fc6f3705d2d3eaf23faf0f4f9.udd" 2907
"C:/Users/Neri/AppData/Local/UnrealEngine/Common/DerivedDataCache/Buckets/GlobalShaderMap/cc/8e/9f79809eb57854b18cacfa177d614b1cc693.udd" 2908
"C:/Users/Neri/AppData/Local/UnrealEngine/Common/DerivedDataCache/Buckets/GlobalShaderMap/3a/c9/a6bfc217e8f85790a27873ef5378dac17a16.udd" 2909
"C:/Users/Neri/AppData/Local/UnrealEngine/Common/DerivedDataCache/Buckets/GlobalShaderMap/c4/48/25154b21a31c374e5de9bb2d849a3e75f851.udd" 2910
"C:/Users/Neri/AppData/Local/UnrealEngine/Common/DerivedDataCache/Buckets/GlobalShaderMap/70/7b/651e33c28269a2ef0fc9d1951faf64548203.udd" 2911
"C:/Users/Neri/AppData/Local/UnrealEngine/Common/DerivedDataCache/Buckets/GlobalShaderMap/1f/63/3374c68b906bb387ec754ee9d98226fff2eb.udd" 2912
"C:/Users/Neri/AppData/Local/UnrealEngine/Common/DerivedDataCache/Buckets/GlobalShaderMap/1c/5a/6e72a250a9fec106f101085368a4b79857f7.udd" 2913
"C:/Users/Neri/AppData/Local/UnrealEngine/Common/DerivedDataCache/Buckets/GlobalShaderMap/81/89/7286fca7ec681f7b4c29985e9c5d5bd94b4b.udd" 2914
"C:/Users/Neri/AppData/Local/UnrealEngine/Common/DerivedDataCache/Buckets/GlobalShaderMap/66/08/e13760d88c75ee4ac53a32c11d36a00628d3.udd" 2915
"C:/Users/Neri/AppData/Local/UnrealEngine/Common/DerivedDataCache/Buckets/GlobalShaderMap/b9/d8/3e481a39608995d69c742bcd43bc28b4210a.udd" 2916
"C:/Users/Neri/AppData/Local/UnrealEngine/Common/DerivedDataCache/Buckets/GlobalShaderMap/21/0b/30fcc4edcfa0c8fc9bb78e119882199aef19.udd" 2917
"C:/Users/Neri/AppData/Local/UnrealEngine/Common/DerivedDataCache/Buckets/GlobalShaderMap/09/2b/44381b7fdb7e7972978485e03996eb8986a9.udd" 2918
"C:/Users/Neri/AppData/Local/UnrealEngine/Common/DerivedDataCache/Buckets/GlobalShaderMap/6d/8a/bec79b8f9e97cfd36394f92b80adebbc4b4d.udd" 2919
"C:/Users/Neri/AppData/Local/UnrealEngine/Common/DerivedDataCache/Buckets/GlobalShaderMap/cc/cd/b29a18758dccc52aba248d33ae3a54b02ec6.udd" 2920
"C:/Users/Neri/AppData/Local/UnrealEngine/Common/DerivedDataCache/Buckets/GlobalShaderMap/d9/78/f3c11db29edc792f4c01dbd31a142478813b.udd" 2921
"C:/Users/Neri/AppData/Local/UnrealEngine/Common/DerivedDataCache/Buckets/GlobalShaderMap/56/16/bd40646f96abbceb42ba2ff56e1f596078a8.udd" 2922
"C:/Users/Neri/AppData/Local/UnrealEngine/Common/DerivedDataCache/Buckets/GlobalShaderMap/f4/16/29299e14ed7af21b1e0904179b2c479f6990.udd" 2923
"C:/Users/Neri/AppData/Local/UnrealEngine/Common/DerivedDataCache/Buckets/GlobalShaderMap/0c/ce/fc2c373670b2e9b107a9cf968fb6f677d518.udd" 2924
"C:/Users/Neri/AppData/Local/UnrealEngine/Common/DerivedDataCache/Buckets/GlobalShaderMap/09/1c/ca5b1b1fd6c21dcc3c7003accbb634a88993.udd" 2925
"C:/Users/Neri/AppData/Local/UnrealEngine/Common/DerivedDataCache/Buckets/GlobalShaderMap/66/1d/7ff8d3531da23c3bbdd26a856cd5a37ec898.udd" 2926
"C:/Users/Neri/AppData/Local/UnrealEngine/Common/DerivedDataCache/Buckets/GlobalShaderMap/6c/da/2590dbfb24132ac4701f3e8cfe059f835a6c.udd" 2927
"C:/Users/Neri/AppData/Local/UnrealEngine/Common/DerivedDataCache/Buckets/GlobalShaderMap/df/7c/dbc5b60181bc259f421419f461d02633f63d.udd" 2928
"C:/Users/Neri/AppData/Local/UnrealEngine/Common/DerivedDataCache/Buckets/GlobalShaderMap/72/b0/a805b7f309a2e35c94a777da2e233da2064a.udd" 2929
"C:/Users/Neri/AppData/Local/UnrealEngine/Common/DerivedDataCache/Buckets/GlobalShaderMap/ea/93/e29a8453faed2146387f7acaca3e96e718ac.udd" 2930
"C:/Users/Neri/AppData/Local/UnrealEngine/Common/DerivedDataCache/Buckets/GlobalShaderMap/e9/36/4ad6e1c4d95a5f885b664eb9debc1d637acc.udd" 2931
"C:/Users/Neri/AppData/Local/UnrealEngine/Common/DerivedDataCache/Buckets/GlobalShaderMap/ac/f6/7bd5b4401b1e404f483ecbc466a291efb487.udd" 2932
"C:/Users/Neri/AppData/Local/UnrealEngine/Common/DerivedDataCache/Buckets/GlobalShaderMap/f9/57/33e3bbe934dee77f5003f4fdca13d8c9e023.udd" 2933
"C:/Users/Neri/AppData/Local/UnrealEngine/Common/DerivedDataCache/Buckets/GlobalShaderMap/75/c0/8d4a5fc507cd64ed5b711bd82734c85aab07.udd" 2934
"C:/Users/Neri/AppData/Local/UnrealEngine/Common/DerivedDataCache/Buckets/GlobalShaderMap/1b/25/3e9baa4e638298b267c3819aec664450f577.udd" 2935
"C:/Users/Neri/AppData/Local/UnrealEngine/Common/DerivedDataCache/Buckets/GlobalShaderMap/25/90/b3ab68df6e70e7babd6998237123dbcb4d9c.udd" 2936
"C:/Users/Neri/AppData/Local/UnrealEngine/Common/DerivedDataCache/Buckets/GlobalShaderMap/f9/a2/2b133cf69864568631123de6dc322dd1955d.udd" 2937
"C:/Users/Neri/AppData/Local/UnrealEngine/Common/DerivedDataCache/Buckets/GlobalShaderMap/74/1c/53bc1d08457a9a0fc74ef293ae5304a89e34.udd" 2938
"C:/Users/Neri/AppData/Local/UnrealEngine/Common/DerivedDataCache/Buckets/GlobalShaderMap/8b/27/b22b95a387e7d89027174aab341f6d2d8755.udd" 2939
"C:/Users/Neri/AppData/Local/UnrealEngine/Common/DerivedDataCache/Buckets/GlobalShaderMap/40/d6/633ef5bc468cc65e7983f28ca5191d0b481b.udd" 2940
"C:/Users/Neri/AppData/Local/UnrealEngine/Common/DerivedDataCache/Buckets/GlobalShaderMap/42/35/c15a8c2df53b665713abd449be4bc1ba296d.udd" 2941
"C:/Users/Neri/AppData/Local/UnrealEngine/Common/DerivedDataCache/Buckets/GlobalShaderMap/51/87/6cfd36f335d62d1f8ad82f891e59077a0bd1.udd" 2942
"C:/Users/Neri/AppData/Local/UnrealEngine/Common/DerivedDataCache/Buckets/GlobalShaderMap/41/b0/962c38b39eb7535c47ca70ecad713242eb4c.udd" 2943
"C:/Users/Neri/AppData/Local/UnrealEngine/Common/DerivedDataCache/Buckets/GlobalShaderMap/ed/69/ea9906cb4b7ecacc85ad0e1dccb6a3260799.udd" 2944
"C:/Users/Neri/AppData/Local/UnrealEngine/Common/DerivedDataCache/Buckets/GlobalShaderMap/56/79/75636d57d9ae61b3c9056e219bdee4e8d9af.udd" 2945
"C:/Users/Neri/AppData/Local/UnrealEngine/Common/DerivedDataCache/Buckets/GlobalShaderMap/2b/2f/229d2d300e8523d0f1831e0a1143e40fe31d.udd" 2946
"C:/Users/Neri/AppData/Local/UnrealEngine/Common/DerivedDataCache/Buckets/GlobalShaderMap/aa/a2/4e4866bc520e4e7ca976c48784f8c11ef8de.udd" 2947
"C:/Users/Neri/AppData/Local/UnrealEngine/Common/DerivedDataCache/Buckets/GlobalShaderMap/62/50/371db3a95d2bd3a0382172c9b510b8e4f9cf.udd" 2948
"C:/Users/Neri/AppData/Local/UnrealEngine/Common/DerivedDataCache/Buckets/GlobalShaderMap/b7/92/f88502a6568a88beff63a1a35ccd5d84a660.udd" 2949
"C:/Users/Neri/AppData/Local/UnrealEngine/Common/DerivedDataCache/Buckets/GlobalShaderMap/a8/10/66b4bfec1c8e4fb4490835749e00333f5dcf.udd" 2950
"C:/Users/Neri/AppData/Local/UnrealEngine/Common/DerivedDataCache/Buckets/GlobalShaderMap/e8/f6/4bb83922273edb2e5de009c024a7ada8df02.udd" 2951
"C:/Users/Neri/AppData/Local/UnrealEngine/Common/DerivedDataCache/Buckets/GlobalShaderMap/e4/d8/549e8138a3a8d1d5b0e89e8cb2f752498c17.udd" 2952
"C:/Users/Neri/AppData/Local/UnrealEngine/Common/DerivedDataCache/Buckets/GlobalShaderMap/ed/c2/89c5cd1678c3856f63e915bc74710957cf61.udd" 2953
"C:/Users/Neri/AppData/Local/UnrealEngine/Common/DerivedDataCache/Buckets/GlobalShaderMap/74/ad/e3ee3179af864118d28fca0b10acc12963af.udd" 2954
"C:/Users/Neri/AppData/Local/UnrealEngine/Common/DerivedDataCache/Buckets/GlobalShaderMap/47/c6/51625049675d0beaa4b21442a27788e0cf79.udd" 2955
"C:/Users/Neri/AppData/Local/UnrealEngine/Common/DerivedDataCache/Buckets/GlobalShaderMap/17/69/a8ccebb33dfc09050a138dfc356b4dac35a2.udd" 2956
"C:/Users/Neri/AppData/Local/UnrealEngine/Common/DerivedDataCache/Buckets/GlobalShaderMap/f6/02/11476504ef5819ffb5ab58819fb9d9547c1f.udd" 2957
"C:/Users/Neri/AppData/Local/UnrealEngine/Common/DerivedDataCache/Buckets/GlobalShaderMap/46/21/d277005634f82b4c582568520f616cf4ecdb.udd" 2958
"C:/Users/Neri/AppData/Local/UnrealEngine/Common/DerivedDataCache/Buckets/GlobalShaderMap/9a/97/599bd58d720f58b26925369d431713623110.udd" 2959
"C:/Users/Neri/AppData/Local/UnrealEngine/Common/DerivedDataCache/Buckets/GlobalShaderMap/9c/7b/b9c2df108eb3528f15e337a9be978d3e1770.udd" 2960
"C:/Users/Neri/AppData/Local/UnrealEngine/Common/DerivedDataCache/Buckets/GlobalShaderMap/2f/97/c9d5f3227e1a7da938b1810487c786d5eee2.udd" 2961
"C:/Users/Neri/AppData/Local/UnrealEngine/Common/DerivedDataCache/Buckets/GlobalShaderMap/94/2d/98c30658003dc94bd366b7a17bade0a0a9f7.udd" 2962
"C:/Users/Neri/AppData/Local/UnrealEngine/Common/DerivedDataCache/Buckets/GlobalShaderMap/e0/6c/cbe2e8281eca357fbbfd3c66987d361d7ab2.udd" 2963
"C:/Users/Neri/AppData/Local/UnrealEngine/Common/DerivedDataCache/Buckets/GlobalShaderMap/6e/a8/b754b908eb81f87eda1bb32a0d9f95940fd3.udd" 2964
"C:/Users/Neri/AppData/Local/UnrealEngine/Common/DerivedDataCache/Buckets/GlobalShaderMap/73/88/0ad1a511e6b68294a0ef84583c68ad1e3cce.udd" 2965
"C:/Users/Neri/AppData/Local/UnrealEngine/Common/DerivedDataCache/Buckets/GlobalShaderMap/87/f8/a3f56eef6c80394a9e48b498b092b56caf9a.udd" 2966
"C:/Users/Neri/AppData/Local/UnrealEngine/Common/DerivedDataCache/Buckets/GlobalShaderMap/34/c7/fbb885d06ba8ad0d986215adb7d070744029.udd" 2967
"C:/Users/Neri/AppData/Local/UnrealEngine/Common/DerivedDataCache/Buckets/GlobalShaderMap/bc/69/a962d33599096ab0391e7936fc00cb821f8e.udd" 2968
"C:/Users/Neri/AppData/Local/UnrealEngine/Common/DerivedDataCache/Buckets/GlobalShaderMap/56/6f/1973e5756e542e1e331bb5b52fe8b0b11e99.udd" 2969
"C:/Users/Neri/AppData/Local/UnrealEngine/Common/DerivedDataCache/Buckets/GlobalShaderMap/04/2b/e499e24c6fc1fceff7b1f11c410ef16fe867.udd" 2970
"C:/Users/Neri/AppData/Local/UnrealEngine/Common/DerivedDataCache/Buckets/GlobalShaderMap/55/7d/110b62eb1e6fca67ecae4716d1971d619d6b.udd" 2971
"C:/Users/Neri/AppData/Local/UnrealEngine/Common/DerivedDataCache/Buckets/GlobalShaderMap/9e/4c/796e88b60f9cfb2ebf1232549f34ea5e9a22.udd" 2972
"C:/Users/Neri/AppData/Local/UnrealEngine/Common/DerivedDataCache/Buckets/GlobalShaderMap/17/f4/f34d796172a5927647b44ce8126359783d49.udd" 2973
"C:/Users/Neri/AppData/Local/UnrealEngine/Common/DerivedDataCache/Buckets/GlobalShaderMap/0f/30/527ef3a4348a36028e049c61874a86f0ba83.udd" 2974
"C:/Users/Neri/AppData/Local/UnrealEngine/Common/DerivedDataCache/Buckets/GlobalShaderMap/04/b9/63e9f9be8099288b59c912052934fdc95e2f.udd" 2975
"C:/Users/Neri/AppData/Local/UnrealEngine/Common/DerivedDataCache/Buckets/GlobalShaderMap/c2/15/bafa101e04f71485435d455b699ea9785278.udd" 2976
"C:/Users/Neri/AppData/Local/UnrealEngine/Common/DerivedDataCache/Buckets/GlobalShaderMap/72/67/62cbe93b3ca7ef17c3e4e08573e4bd722f91.udd" 2977
"C:/Users/Neri/AppData/Local/UnrealEngine/Common/DerivedDataCache/Buckets/GlobalShaderMap/34/5e/6d2015f59019a292583de5e0bb9d2f8083d4.udd" 2978
"C:/Users/Neri/AppData/Local/UnrealEngine/Common/DerivedDataCache/Buckets/GlobalShaderMap/36/30/1c57e65bc545171ffa8d8f86561af6dcbf16.udd" 2979
"C:/Users/Neri/AppData/Local/UnrealEngine/Common/DerivedDataCache/Buckets/GlobalShaderMap/c0/58/ba3fdbb19a0ba972ae8a7e55a1fc585fdc33.udd" 2980
"C:/Users/Neri/AppData/Local/UnrealEngine/Common/DerivedDataCache/Buckets/GlobalShaderMap/d5/51/ca89897232b74e3a8742d53b337c88816e85.udd" 2981
"C:/Users/Neri/AppData/Local/UnrealEngine/Common/DerivedDataCache/Buckets/GlobalShaderMap/ae/f7/0823710a4cfab2982da51a261b5973ce3214.udd" 2982
"C:/Users/Neri/AppData/Local/UnrealEngine/Common/DerivedDataCache/Buckets/GlobalShaderMap/d2/a2/1dad4788b61446d30f288cf59d1acefb1031.udd" 2983
"C:/Users/Neri/AppData/Local/UnrealEngine/Common/DerivedDataCache/Buckets/GlobalShaderMap/d0/5b/e10994a79236a9fb7229c1fec2b84b964f8b.udd" 2984
"C:/Users/Neri/AppData/Local/UnrealEngine/Common/DerivedDataCache/Buckets/GlobalShaderMap/c3/48/2008afe7c2810b596e236325d4f095978b8d.udd" 2985
"C:/Users/Neri/AppData/Local/UnrealEngine/Common/DerivedDataCache/Buckets/GlobalShaderMap/1a/e7/06f005503a7f754e99fb99a2a6d5f5f5e770.udd" 2986
"C:/Users/Neri/AppData/Local/UnrealEngine/Common/DerivedDataCache/Buckets/GlobalShaderMap/cd/c0/4b06c4787cf1c213700383fde5522eab3d9b.udd" 2987
"C:/Users/Neri/AppData/Local/UnrealEngine/Common/DerivedDataCache/Buckets/GlobalShaderMap/fa/22/23ee0617b3ba6ddc99b8f61ddb979f4ad06a.udd" 2988
"C:/Users/Neri/AppData/Local/UnrealEngine/Common/DerivedDataCache/Buckets/GlobalShaderMap/b3/c5/8cf8f5ffb9301bb854210773305a67d9e6c4.udd" 2989
"C:/Users/Neri/AppData/Local/UnrealEngine/Common/DerivedDataCache/Buckets/GlobalShaderMap/f4/6e/27232724fd8a2adb2e548c39ecc225bc8e0d.udd" 2990
"C:/Users/Neri/AppData/Local/UnrealEngine/Common/DerivedDataCache/Buckets/GlobalShaderMap/5d/8b/9a3e88f7c69fc48d2d7bb57c09a94f77c3ae.udd" 2991
"C:/Users/Neri/AppData/Local/UnrealEngine/Common/DerivedDataCache/Buckets/GlobalShaderMap/4b/75/f921024c0fadc686bd7a58a9f7c5bb51f4ed.udd" 2992
"C:/Users/Neri/AppData/Local/UnrealEngine/Common/DerivedDataCache/Buckets/GlobalShaderMap/a3/b7/fbaf3e858cdb5a492bb67a6a6572a33ca52b.udd" 2993
"C:/Users/Neri/AppData/Local/UnrealEngine/Common/DerivedDataCache/Buckets/GlobalShaderMap/05/a8/5d11960fc1a2ab2559b2dfa6f56471e8b183.udd" 2994
"C:/Users/Neri/AppData/Local/UnrealEngine/Common/DerivedDataCache/Buckets/GlobalShaderMap/53/42/b64e97c00ecaae34729c99c42d13d6885739.udd" 2995
"C:/Users/Neri/AppData/Local/UnrealEngine/Common/DerivedDataCache/Buckets/GlobalShaderMap/c2/69/c11b554c7808c92af01850b88634a855a51e.udd" 2996
"C:/Users/Neri/AppData/Local/UnrealEngine/Common/DerivedDataCache/Buckets/GlobalShaderMap/48/1a/48cea31c561eda9e387d198fea9f57b174d5.udd" 2997
"C:/Users/Neri/AppData/Local/UnrealEngine/Common/DerivedDataCache/Buckets/GlobalShaderMap/64/fa/8285b6753cd864fc3a3cbb816542273ee688.udd" 2998
"C:/Users/Neri/AppData/Local/UnrealEngine/Common/DerivedDataCache/Buckets/GlobalShaderMap/a9/2a/cd7a5c5b1dff8ed62c64bbe66c11da4f3db8.udd" 2999
"C:/Users/Neri/AppData/Local/UnrealEngine/Common/DerivedDataCache/Buckets/GlobalShaderMap/5e/02/c1db74fed48dec37f211bcf3ce78a83ef9d1.udd" 3000
"C:/Users/Neri/AppData/Local/UnrealEngine/Common/DerivedDataCache/Buckets/GlobalShaderMap/2d/98/6447837c7c1ae7e348ade778143397cad6a1.udd" 3001
"C:/Users/Neri/AppData/Local/UnrealEngine/Common/DerivedDataCache/Buckets/GlobalShaderMap/c6/6a/f9dd820f496d550e4b87c17dbb2f2a324551.udd" 3002
"C:/Users/Neri/AppData/Local/UnrealEngine/Common/DerivedDataCache/Buckets/GlobalShaderMap/1a/62/4d84c6a476bdf53d30c88d8cf4ee4ba26e7e.udd" 3003
"C:/Users/Neri/AppData/Local/UnrealEngine/Common/DerivedDataCache/Buckets/GlobalShaderMap/b2/b3/8ac51598635392e8aceefe5581263619cd2d.udd" 3004
"C:/Users/Neri/AppData/Local/UnrealEngine/Common/DerivedDataCache/Buckets/GlobalShaderMap/dc/e4/e61a6e91433bb8f4a2d97c730039fb0f754c.udd" 3005
"C:/Users/Neri/AppData/Local/UnrealEngine/Common/DerivedDataCache/Buckets/GlobalShaderMap/d0/9e/f3a73edaf890bc6d482361805644346bba5f.udd" 3006
"C:/Users/Neri/AppData/Local/UnrealEngine/Common/DerivedDataCache/Buckets/GlobalShaderMap/50/f2/a003407953d257d159adb39635da832a8aaf.udd" 3007
"C:/Users/Neri/AppData/Local/UnrealEngine/Common/DerivedDataCache/Buckets/GlobalShaderMap/6e/c8/064c52d7f2aca5eba1af75b480ccb88ce744.udd" 3008
"C:/Users/Neri/AppData/Local/UnrealEngine/Common/DerivedDataCache/Buckets/GlobalShaderMap/87/b4/731521ee6d5fa06ab7f68bbcd33d002cd5d6.udd" 3009
"C:/Users/Neri/AppData/Local/UnrealEngine/Common/DerivedDataCache/Buckets/GlobalShaderMap/2e/4c/dae52d1db6a0a07a7b701711176db039c126.udd" 3010
"C:/Users/Neri/AppData/Local/UnrealEngine/Common/DerivedDataCache/Buckets/GlobalShaderMap/c8/23/62c71811d06ad16cb279c16feb5355be44a7.udd" 3011
"C:/Users/Neri/AppData/Local/UnrealEngine/Common/DerivedDataCache/Buckets/GlobalShaderMap/45/7f/db669962d27baf489074beb7282a57327d02.udd" 3012
"C:/Users/Neri/AppData/Local/UnrealEngine/Common/DerivedDataCache/Buckets/GlobalShaderMap/da/b9/a992769b20dbc8d2504a9cb25d14186c87a7.udd" 3013
"C:/Users/Neri/AppData/Local/UnrealEngine/Common/DerivedDataCache/Buckets/GlobalShaderMap/29/e4/31bf84f255f1a6b9c1965add17e1b8d67fc4.udd" 3014
"C:/Users/Neri/AppData/Local/UnrealEngine/Common/DerivedDataCache/Buckets/GlobalShaderMap/7b/c6/3508898425ce9f2659d038493f1d4b29e79b.udd" 3015
"C:/Users/Neri/AppData/Local/UnrealEngine/Common/DerivedDataCache/Buckets/GlobalShaderMap/9c/f4/a900d740d266ebcae7ec672f1bc361e7df8f.udd" 3016
"C:/Users/Neri/AppData/Local/UnrealEngine/Common/DerivedDataCache/Buckets/GlobalShaderMap/06/d2/557cfbb38c7f84d294392f1044756dcb2250.udd" 3017
"C:/Users/Neri/AppData/Local/UnrealEngine/Common/DerivedDataCache/Buckets/GlobalShaderMap/4d/ca/ba27ca67537483c18059a9f7d0d0268307a7.udd" 3018
"C:/Users/Neri/AppData/Local/UnrealEngine/Common/DerivedDataCache/Buckets/GlobalShaderMap/8c/3b/5b8588673d644a406d733c3bf8ae46474750.udd" 3019
"C:/Users/Neri/AppData/Local/UnrealEngine/Common/DerivedDataCache/Buckets/GlobalShaderMap/80/d5/5e828d7ec6cfe3d24c3527bfedc494fb77c5.udd" 3020
"C:/Users/Neri/AppData/Local/UnrealEngine/Common/DerivedDataCache/Buckets/GlobalShaderMap/8d/ac/7e7289794131aedba47ad67c04a8a8d5e7de.udd" 3021
"C:/Users/Neri/AppData/Local/UnrealEngine/Common/DerivedDataCache/Buckets/GlobalShaderMap/77/a5/acbb15e22be64d865db50b715a9971872c6a.udd" 3022
"C:/Users/Neri/AppData/Local/UnrealEngine/Common/DerivedDataCache/Buckets/GlobalShaderMap/44/7d/59c242cc954a4c18318e1469f5bfb2cf164e.udd" 3023
"C:/Users/Neri/AppData/Local/UnrealEngine/Common/DerivedDataCache/Buckets/GlobalShaderMap/d4/51/77e75e107cf447f9913482159e03f1732288.udd" 3024
"C:/Users/Neri/AppData/Local/UnrealEngine/Common/DerivedDataCache/Buckets/GlobalShaderMap/13/82/76b51a57517eff695b1fb6635a917fe70fa5.udd" 3025
"C:/Users/Neri/AppData/Local/UnrealEngine/Common/DerivedDataCache/Buckets/GlobalShaderMap/89/06/84429c8f5d0c9df271b65c0e7787d7cc412d.udd" 3026
"C:/Users/Neri/AppData/Local/UnrealEngine/Common/DerivedDataCache/Buckets/GlobalShaderMap/06/aa/f41649d6af916725121b9fd2f0c54d12eadd.udd" 3027
"C:/Users/Neri/AppData/Local/UnrealEngine/Common/DerivedDataCache/Buckets/GlobalShaderMap/1f/3e/97070f9d74fca653d720203f24885a645106.udd" 3028
"C:/Users/Neri/AppData/Local/UnrealEngine/Common/DerivedDataCache/Buckets/GlobalShaderMap/e1/82/25d70f23e2c70d81eae605edbe81285baf55.udd" 3029
"C:/Users/Neri/AppData/Local/UnrealEngine/Common/DerivedDataCache/Buckets/GlobalShaderMap/f9/68/0e6fe8c869b1f843542f8881f5d4bce70244.udd" 3030
"C:/Users/Neri/AppData/Local/UnrealEngine/Common/DerivedDataCache/Buckets/GlobalShaderMap/32/31/7843c6102c79896c638ad082dd02494af00c.udd" 3031
"C:/Users/Neri/AppData/Local/UnrealEngine/Common/DerivedDataCache/Buckets/GlobalShaderMap/5e/17/442381f3f507a4b3eff463bdb672e3022cbc.udd" 3032
"C:/Users/Neri/AppData/Local/UnrealEngine/Common/DerivedDataCache/Buckets/GlobalShaderMap/42/9e/4cef39d73619cb23d90c4379fc22a8bbf876.udd" 3033
"C:/Users/Neri/AppData/Local/UnrealEngine/Common/DerivedDataCache/Buckets/GlobalShaderMap/cf/c2/c0bbd8d714c3a87c32016101639350955d0f.udd" 3034
"C:/Users/Neri/AppData/Local/UnrealEngine/Common/DerivedDataCache/Buckets/GlobalShaderMap/e4/a8/eb80443bf2c6071152cfd846efb238fdb253.udd" 3035
"C:/Users/Neri/AppData/Local/UnrealEngine/Common/DerivedDataCache/Buckets/GlobalShaderMap/b3/2b/b6af6df5d599db72e45085aaca99edf10b19.udd" 3036
"C:/Users/Neri/AppData/Local/UnrealEngine/Common/DerivedDataCache/Buckets/GlobalShaderMap/4a/c5/e92e5f8da1640bbeb9506dda6c8589c6055f.udd" 3037
"C:/Users/Neri/AppData/Local/UnrealEngine/Common/DerivedDataCache/Buckets/GlobalShaderMap/68/5e/212e631483be6ca0ee93b175ed5eb5275ebf.udd" 3038
"C:/Users/Neri/AppData/Local/UnrealEngine/Common/DerivedDataCache/Buckets/GlobalShaderMap/a8/7e/7e159cad6e0f3d384247facd50d579ba1727.udd" 3039
"C:/Users/Neri/AppData/Local/UnrealEngine/Common/DerivedDataCache/Buckets/GlobalShaderMap/d2/b2/bb03892cb278b7335eab733371ea1d6b496c.udd" 3040
"C:/Users/Neri/AppData/Local/UnrealEngine/Common/DerivedDataCache/Buckets/GlobalShaderMap/44/f5/f6d90ab3cba0507031068de7923544c06968.udd" 3041
"C:/Users/Neri/AppData/Local/UnrealEngine/Common/DerivedDataCache/Buckets/GlobalShaderMap/25/49/cb4c48a40f9026ae5e0b758a02ca0f0cc2ba.udd" 3042
"C:/Users/Neri/AppData/Local/UnrealEngine/Common/DerivedDataCache/Buckets/GlobalShaderMap/3c/79/2f3fd837b03bb92fd3985a1c3944f810f24f.udd" 3043
"C:/Users/Neri/AppData/Local/UnrealEngine/Common/DerivedDataCache/Buckets/GlobalShaderMap/11/17/c15be600efb55dc06514c350fc4c7a708e8a.udd" 3044
"C:/Users/Neri/AppData/Local/UnrealEngine/Common/DerivedDataCache/Content/f5/1d/8a2d6049912aaa4043ad2cc7061d5b72c0ff.udd" 3045
"C:/Users/Neri/AppData/Local/UnrealEngine/Common/DerivedDataCache/Buckets/GlobalShaderMap/fe/f8/df9a9147d1fdc117bb9a8c0dec8098cea9f9.udd" 3046
"C:/Users/Neri/AppData/Local/UnrealEngine/Common/DerivedDataCache/Buckets/GlobalShaderMap/43/17/23cabfa04ffa6123f0fd216587335d39a66f.udd" 3047
"C:/Users/Neri/AppData/Local/UnrealEngine/Common/DerivedDataCache/Buckets/GlobalShaderMap/a9/fa/24b64c44eae438054c213ffb9abea2adc26c.udd" 3048
"C:/Users/Neri/AppData/Local/UnrealEngine/Common/DerivedDataCache/Buckets/GlobalShaderMap/3b/a7/2f00f92329daa2344e563cc05144a3336d31.udd" 3049
"C:/Users/Neri/AppData/Local/UnrealEngine/Common/DerivedDataCache/Buckets/GlobalShaderMap/cc/77/09b54b9fd81effc74c154def41a65d2717b6.udd" 3050
"C:/Users/Neri/AppData/Local/UnrealEngine/Common/DerivedDataCache/Buckets/GlobalShaderMap/0f/33/853bf9aa9e95a5b8b9fa0991ec4d77b3943c.udd" 3051
"C:/Users/Neri/AppData/Local/UnrealEngine/Common/DerivedDataCache/Buckets/GlobalShaderMap/de/d7/f17e5c9ca909a95c9a799fb12e79b972c65c.udd" 3052
"C:/Users/Neri/AppData/Local/UnrealEngine/Common/DerivedDataCache/Buckets/GlobalShaderMap/23/d6/ed15923b2024b22af8e3cc3211e5748f5174.udd" 3053
"C:/Users/Neri/AppData/Local/UnrealEngine/Common/DerivedDataCache/Buckets/GlobalShaderMap/86/bb/23e5854307bb061ee7425829698d41206d43.udd" 3054
"C:/Users/Neri/AppData/Local/UnrealEngine/Common/DerivedDataCache/Buckets/GlobalShaderMap/d7/f7/0bbd7124ba9f74e0c8a2b135584885e122e0.udd" 3055
"C:/Users/Neri/AppData/Local/UnrealEngine/Common/DerivedDataCache/Buckets/GlobalShaderMap/f3/3b/435bc7e77e85cfead23a67e49952df8e729b.udd" 3056
"C:/Users/Neri/AppData/Local/UnrealEngine/Common/DerivedDataCache/Buckets/GlobalShaderMap/56/2b/132bc5f92bab6c1379808c23a3779ff5db8e.udd" 3057
"C:/Users/Neri/AppData/Local/UnrealEngine/Common/DerivedDataCache/Buckets/GlobalShaderMap/eb/0f/0984ba122efa3055cc0483ac047bab7d3f6d.udd" 3058
"C:/Users/Neri/AppData/Local/UnrealEngine/Common/DerivedDataCache/Buckets/GlobalShaderMap/c6/02/07b4f6d79e9797a468db3ad2b67811c26374.udd" 3059
"C:/Users/Neri/AppData/Local/UnrealEngine/Common/DerivedDataCache/Buckets/GlobalShaderMap/7d/44/9c4192f5b47e0d850e1282bfd87f87118570.udd" 3060
"C:/Users/Neri/AppData/Local/UnrealEngine/Common/DerivedDataCache/Buckets/GlobalShaderMap/5b/9a/4f49e57e25691e70133359e21eedbd7f4337.udd" 3061
"C:/Users/Neri/AppData/Local/UnrealEngine/Common/DerivedDataCache/Buckets/GlobalShaderMap/65/12/81725102c345664bb9aadf3ecc7c76e768a6.udd" 3062
"C:/Users/Neri/AppData/Local/UnrealEngine/Common/DerivedDataCache/Buckets/GlobalShaderMap/c9/8f/851d20984d6011614ca8e8b23ffd3004d5c0.udd" 3063
"C:/Users/Neri/AppData/Local/UnrealEngine/Common/DerivedDataCache/Buckets/GlobalShaderMap/10/62/0d6935967c3574fd19b725c800456f413d49.udd" 3064
"C:/Users/Neri/AppData/Local/UnrealEngine/Common/DerivedDataCache/Buckets/GlobalShaderMap/b2/20/a6f9c2a05681f54a2eded7e52845b9d6168e.udd" 3065
"C:/Users/Neri/AppData/Local/UnrealEngine/Common/DerivedDataCache/Buckets/GlobalShaderMap/6a/6e/4abd0e29afce1d293ef2b93e68d53ce017eb.udd" 3066
"C:/Users/Neri/AppData/Local/UnrealEngine/Common/DerivedDataCache/Buckets/GlobalShaderMap/7d/83/ae40503b2a45ff9a1461603f655c3a75af1b.udd" 3067
"C:/Users/Neri/AppData/Local/UnrealEngine/Common/DerivedDataCache/Buckets/GlobalShaderMap/1d/45/bf09714fdee87f6956153aa43208f2c29651.udd" 3068
"C:/Users/Neri/AppData/Local/UnrealEngine/Common/DerivedDataCache/Buckets/GlobalShaderMap/83/43/2b9285cb846c36cb583094e4fb9aefa92069.udd" 3069
"C:/Users/Neri/AppData/Local/UnrealEngine/Common/DerivedDataCache/Buckets/GlobalShaderMap/e8/d1/ced17a486cbdfe3a47396800214231f5d0ab.udd" 3070
"C:/Users/Neri/AppData/Local/UnrealEngine/Common/DerivedDataCache/Buckets/GlobalShaderMap/eb/a6/da04aca8aa837ab8bb5f86abcce26216f440.udd" 3071
"C:/Users/Neri/AppData/Local/UnrealEngine/Common/DerivedDataCache/Buckets/GlobalShaderMap/aa/06/295e027fd6c3134296ad891bb5a10259dbb4.udd" 3072
"C:/Users/Neri/AppData/Local/UnrealEngine/Common/DerivedDataCache/Buckets/GlobalShaderMap/76/43/8326ee700893b5f5b8e5020e786df579340e.udd" 3073
"C:/Users/Neri/AppData/Local/UnrealEngine/Common/DerivedDataCache/Buckets/GlobalShaderMap/4f/43/c16caa5951ec288d5ce5c4643cb95991c1e1.udd" 3074
"C:/Users/Neri/AppData/Local/UnrealEngine/Common/DerivedDataCache/Buckets/GlobalShaderMap/66/48/7eb5cb305b9ddb303ab10bb0d1ba0fe178b6.udd" 3075
"C:/Users/Neri/AppData/Local/UnrealEngine/Common/DerivedDataCache/Buckets/GlobalShaderMap/07/07/65fa30fc9d103a694c0acedc3ba079cc4c16.udd" 3076
"C:/Users/Neri/AppData/Local/UnrealEngine/Common/DerivedDataCache/Buckets/GlobalShaderMap/87/66/f99dcd3b4c646960788305d0332e20e7968c.udd" 3077
"C:/Users/Neri/AppData/Local/UnrealEngine/Common/DerivedDataCache/Buckets/GlobalShaderMap/09/8d/4b75c4c108ce43656f2eeb4799c8dee70a62.udd" 3078
"C:/Users/Neri/AppData/Local/UnrealEngine/Common/DerivedDataCache/Buckets/GlobalShaderMap/51/b9/2ab0bc76c8a79384c0c5c525fc975fc5ecda.udd" 3079
"C:/Users/Neri/AppData/Local/UnrealEngine/Common/DerivedDataCache/Buckets/GlobalShaderMap/1a/19/ab6c5af0a05917a65c985c41bbd17b10c026.udd" 3080
"C:/Users/Neri/AppData/Local/UnrealEngine/Common/DerivedDataCache/Buckets/GlobalShaderMap/14/ec/6d3020a3e2efde1c34b8ac7e4349ac8d15f5.udd" 3081
"C:/Users/Neri/AppData/Local/UnrealEngine/Common/DerivedDataCache/Buckets/GlobalShaderMap/84/c4/3910fbb0f4a09769f9cc88e378de4611e695.udd" 3082
"C:/Users/Neri/AppData/Local/UnrealEngine/Common/DerivedDataCache/Buckets/GlobalShaderMap/45/08/079a736b47f1973b30ff677085314f47f743.udd" 3083
"C:/Users/Neri/AppData/Local/UnrealEngine/Common/DerivedDataCache/Buckets/GlobalShaderMap/9e/eb/6194e8a1fb4001eeadddfc8245a306541098.udd" 3084
"C:/Users/Neri/AppData/Local/UnrealEngine/Common/DerivedDataCache/Buckets/GlobalShaderMap/14/51/205c2bd12890d9f8bec36104827608c529e5.udd" 3085
"C:/Users/Neri/AppData/Local/UnrealEngine/Common/DerivedDataCache/Buckets/GlobalShaderMap/a9/d3/b7b9b379e19497279ae1aaa80879d4082f51.udd" 3086
"C:/Users/Neri/AppData/Local/UnrealEngine/Common/DerivedDataCache/Buckets/GlobalShaderMap/ca/c6/aa69407c3619c74c7ddb9e00d307e5dc65ab.udd" 3087
"C:/Users/Neri/AppData/Local/UnrealEngine/Common/DerivedDataCache/Buckets/GlobalShaderMap/76/47/eb6da5be288d5ee91e6992a8736a0fa8b441.udd" 3088
"C:/Users/Neri/AppData/Local/UnrealEngine/Common/DerivedDataCache/Buckets/GlobalShaderMap/d1/fa/435ddf3175a8e319b0794fc97dcc1078cabe.udd" 3089
"C:/Users/Neri/AppData/Local/UnrealEngine/Common/DerivedDataCache/Buckets/GlobalShaderMap/64/19/03726d7d64e51fa9a737d30b11b775277522.udd" 3090
"C:/Users/Neri/AppData/Local/UnrealEngine/Common/DerivedDataCache/Buckets/GlobalShaderMap/2a/d8/355d2b9db324387410c53ab49f72b14ebc5a.udd" 3091
"C:/Users/Neri/AppData/Local/UnrealEngine/Common/DerivedDataCache/Buckets/GlobalShaderMap/e9/fc/e473b34a61f2125815383fc81eddd6d40143.udd" 3092
"C:/Users/Neri/AppData/Local/UnrealEngine/Common/DerivedDataCache/Buckets/GlobalShaderMap/cf/19/ecccabfc3f53e3f0d58ad296e87cc78c46de.udd" 3093
"C:/Users/Neri/AppData/Local/UnrealEngine/Common/DerivedDataCache/Buckets/GlobalShaderMap/d9/78/f1bc0038a6756d4a28153f4522006819ac85.udd" 3094
"C:/Users/Neri/AppData/Local/UnrealEngine/Common/DerivedDataCache/Buckets/GlobalShaderMap/a9/2c/9353ceb13b4d15fb98b26c12bf41e4f403b5.udd" 3095
"C:/Users/Neri/AppData/Local/UnrealEngine/Common/DerivedDataCache/Buckets/GlobalShaderMap/45/d6/046ed4f0644cee0ad8ac6b3570e2c98f2ecd.udd" 3096
"C:/Users/Neri/AppData/Local/UnrealEngine/Common/DerivedDataCache/Buckets/GlobalShaderMap/73/71/bdc6ede468aa26d1a414cf51dcff607db1d6.udd" 3097
"C:/Users/Neri/AppData/Local/UnrealEngine/Common/DerivedDataCache/Buckets/GlobalShaderMap/7d/6e/93fe3f8bf2d67392b1cb339d57c124144c1f.udd" 3098
"C:/Users/Neri/AppData/Local/UnrealEngine/Common/DerivedDataCache/Buckets/GlobalShaderMap/5e/94/fd4ea46416484541f6c0ea9b1dff7d56fb8d.udd" 3099
"C:/Users/Neri/AppData/Local/UnrealEngine/Common/DerivedDataCache/Buckets/GlobalShaderMap/d9/55/d1637f3a199756a7f0be10b4429c944dbeb2.udd" 3100
"C:/Users/Neri/AppData/Local/UnrealEngine/Common/DerivedDataCache/Buckets/GlobalShaderMap/da/28/4b6d4c0e3393ad931ea2e9e75db4ea8a44f2.udd" 3101
"C:/Users/Neri/AppData/Local/UnrealEngine/Common/DerivedDataCache/Buckets/GlobalShaderMap/c4/ed/2a7150ec88179f3af5583e6dc6039af27cac.udd" 3102
"C:/Users/Neri/AppData/Local/UnrealEngine/Common/DerivedDataCache/Buckets/GlobalShaderMap/75/b3/912d8426944bfab3844412e7ce1d4a664daf.udd" 3103
"C:/Users/Neri/AppData/Local/UnrealEngine/Common/DerivedDataCache/Buckets/GlobalShaderMap/62/94/5b887959cb6238457478cf644a5af3366a83.udd" 3104
"C:/Users/Neri/AppData/Local/UnrealEngine/Common/DerivedDataCache/Buckets/GlobalShaderMap/7b/3c/55e525f77ed0b3948504106982ca650d7afa.udd" 3105
"C:/Users/Neri/AppData/Local/UnrealEngine/Common/DerivedDataCache/Buckets/GlobalShaderMap/a5/3c/a6443ffd0b7f56323c155a946ead10ca0b3b.udd" 3106
"C:/Users/Neri/AppData/Local/UnrealEngine/Common/DerivedDataCache/Buckets/GlobalShaderMap/eb/0b/557b6a76be2a8c3e0c883a2f1a89f519166b.udd" 3107
"C:/Users/Neri/AppData/Local/UnrealEngine/Common/DerivedDataCache/Buckets/GlobalShaderMap/4d/c9/4d71c9b2309ce96653418208b45c3dfc37d4.udd" 3108
"C:/Users/Neri/AppData/Local/UnrealEngine/Common/DerivedDataCache/Buckets/GlobalShaderMap/dc/b8/6eebf393d07fb7be4f152def9e292363dd3b.udd" 3109
"C:/Users/Neri/AppData/Local/UnrealEngine/Common/DerivedDataCache/Buckets/GlobalShaderMap/37/04/0979a83fd7cf65c775b91856d8f8759b1ecf.udd" 3110
"C:/Users/Neri/AppData/Local/UnrealEngine/Common/DerivedDataCache/Buckets/GlobalShaderMap/92/5d/7ae09382f8dd4b200317cbdc3da5ec5c753d.udd" 3111
"C:/Users/Neri/AppData/Local/UnrealEngine/Common/DerivedDataCache/Buckets/GlobalShaderMap/8b/3a/282fa148e5c2045d6735cac6e04deb569b9a.udd" 3112
"C:/Users/Neri/AppData/Local/UnrealEngine/Common/DerivedDataCache/Buckets/GlobalShaderMap/48/07/6df284e498ca12b2d8d83d91040a6f65a5b6.udd" 3113
"C:/Users/Neri/AppData/Local/UnrealEngine/Common/DerivedDataCache/Buckets/GlobalShaderMap/d9/c5/02ce815f477506dfe6d6ba1d823465552abf.udd" 3114
"C:/Users/Neri/AppData/Local/UnrealEngine/Common/DerivedDataCache/Buckets/GlobalShaderMap/8a/e2/23024d53a1204d66753e0555aec977ee3bbf.udd" 3115
"C:/Users/Neri/AppData/Local/UnrealEngine/Common/DerivedDataCache/Buckets/GlobalShaderMap/c9/63/80e1445cc735a6a6b4c7b266a52a90bfa997.udd" 3116
"C:/Users/Neri/AppData/Local/UnrealEngine/Common/DerivedDataCache/Buckets/GlobalShaderMap/78/99/35751b85ff1a6bcdef9f1bb359586953723c.udd" 3117
"C:/Users/Neri/AppData/Local/UnrealEngine/Common/DerivedDataCache/Buckets/GlobalShaderMap/d6/60/69c9c4d083ca1a25560c6b22f2c253b60a38.udd" 3118
"C:/Users/Neri/AppData/Local/UnrealEngine/Common/DerivedDataCache/Buckets/GlobalShaderMap/05/3c/99406fbe3b53deb66803148d30934f7a5924.udd" 3119
"C:/Users/Neri/AppData/Local/UnrealEngine/Common/DerivedDataCache/Buckets/GlobalShaderMap/57/68/a84ad1841fa1d6359a9c626ad88cf9df9b09.udd" 3120
"C:/Users/Neri/AppData/Local/UnrealEngine/Common/DerivedDataCache/Buckets/GlobalShaderMap/48/52/cdd956fcb8f01903958f3febc40ae87eba20.udd" 3121
"C:/Users/Neri/AppData/Local/UnrealEngine/Common/DerivedDataCache/Buckets/GlobalShaderMap/ac/9d/429da89f387888a2c31dc23d13c9c1357ed6.udd" 3122
"C:/Users/Neri/AppData/Local/UnrealEngine/Common/DerivedDataCache/Buckets/GlobalShaderMap/21/5f/b92531435e8d657c01e0ec14bc1105838cfa.udd" 3123
"C:/Users/Neri/AppData/Local/UnrealEngine/Common/DerivedDataCache/Buckets/GlobalShaderMap/ae/3a/b09c953a31fa38046ed7ad03279ab3683cfc.udd" 3124
"C:/Users/Neri/AppData/Local/UnrealEngine/Common/DerivedDataCache/Buckets/GlobalShaderMap/20/35/b1ac68272689a873ebb40d784fbeb3bfe22f.udd" 3125
"C:/Users/Neri/AppData/Local/UnrealEngine/Common/DerivedDataCache/Buckets/GlobalShaderMap/61/6e/97d0d11905c8bff4db66c8941bb330a03438.udd" 3126
"C:/Users/Neri/AppData/Local/UnrealEngine/Common/DerivedDataCache/Buckets/GlobalShaderMap/a7/96/08bc8da33a9609e98f5c26ea37f800e791f4.udd" 3127
"C:/Users/Neri/AppData/Local/UnrealEngine/Common/DerivedDataCache/Buckets/GlobalShaderMap/3b/13/f07d5f7db24531a57ab91a9ef0ba3b133f9a.udd" 3128
"C:/Users/Neri/AppData/Local/UnrealEngine/Common/DerivedDataCache/Buckets/GlobalShaderMap/ac/18/6ed98bae759af5addf0d42920bff1f398cd5.udd" 3129
"C:/Users/Neri/AppData/Local/UnrealEngine/Common/DerivedDataCache/Buckets/GlobalShaderMap/63/ba/10162735386aca22549922372242d9194f6a.udd" 3130
"C:/Users/Neri/AppData/Local/UnrealEngine/Common/DerivedDataCache/Buckets/GlobalShaderMap/b9/1b/b674f8b7b702bfdc57d989f1b71267454c17.udd" 3131
"C:/Users/Neri/AppData/Local/UnrealEngine/Common/DerivedDataCache/Buckets/GlobalShaderMap/da/68/ab8bfcd2c1e1d7784c758f37274585e15b29.udd" 3132
"C:/Users/Neri/AppData/Local/UnrealEngine/Common/DerivedDataCache/Buckets/GlobalShaderMap/5a/03/6f4344924e29fa702e6c439298d9c692dfa9.udd" 3133
"C:/Users/Neri/AppData/Local/UnrealEngine/Common/DerivedDataCache/Buckets/GlobalShaderMap/e7/7b/98522ba42fa548767b26436079042dbc64a3.udd" 3134
"C:/Users/Neri/AppData/Local/UnrealEngine/Common/DerivedDataCache/Buckets/GlobalShaderMap/5e/54/1f564831e6330866b76c0baa70cf4b4c6544.udd" 3135
"C:/Users/Neri/AppData/Local/UnrealEngine/Common/DerivedDataCache/Buckets/GlobalShaderMap/cc/bf/5b2c11f422b4fb2bce90bd64fa5955e43bcb.udd" 3136
"C:/Users/Neri/AppData/Local/UnrealEngine/Common/DerivedDataCache/Buckets/GlobalShaderMap/a6/50/96fa922dd626693c824e4aa21f5e549a824b.udd" 3137
"C:/Users/Neri/AppData/Local/UnrealEngine/Common/DerivedDataCache/Buckets/GlobalShaderMap/14/a2/df47017da42fb2af8ff712478451adaabc6c.udd" 3138
"C:/Users/Neri/AppData/Local/UnrealEngine/Common/DerivedDataCache/Buckets/GlobalShaderMap/22/04/a1f0d54c44bd50843248677aeded72235902.udd" 3139
"C:/Users/Neri/AppData/Local/UnrealEngine/Common/DerivedDataCache/Buckets/GlobalShaderMap/75/59/abfb175158fdad6614061eedb4fc2979c8f7.udd" 3140
"C:/Users/Neri/AppData/Local/UnrealEngine/Common/DerivedDataCache/Buckets/GlobalShaderMap/3c/60/83ca1e9bfe408aa2868fd87386975c75b35e.udd" 3141
"C:/Users/Neri/AppData/Local/UnrealEngine/Common/DerivedDataCache/Buckets/GlobalShaderMap/1f/e5/acc3c704b2fd9de272d518ce50b6ce77fd04.udd" 3142
"C:/Users/Neri/AppData/Local/UnrealEngine/Common/DerivedDataCache/Buckets/GlobalShaderMap/d8/60/342308f37510f3c6b86d0fb5338d3b2fb49f.udd" 3143
"C:/Users/Neri/AppData/Local/UnrealEngine/Common/DerivedDataCache/Buckets/GlobalShaderMap/2c/a0/b3ec6e40e60b310b9b849514f65234f8de92.udd" 3144
"C:/Users/Neri/AppData/Local/UnrealEngine/Common/DerivedDataCache/Buckets/GlobalShaderMap/3a/69/bf0340a176e730e6d135fd73f5af73174657.udd" 3145
"C:/Users/Neri/AppData/Local/UnrealEngine/Common/DerivedDataCache/Buckets/GlobalShaderMap/e2/35/a94efd8df3d72c38c33705748e1dd619f2db.udd" 3146
"C:/Users/Neri/AppData/Local/UnrealEngine/Common/DerivedDataCache/Buckets/GlobalShaderMap/a4/05/29544ae8d475481c5cef00e8d136edd27262.udd" 3147
"C:/Users/Neri/AppData/Local/UnrealEngine/Common/DerivedDataCache/Buckets/GlobalShaderMap/d4/96/ae6d868fd1791a71a3ba35f20d06103c29bc.udd" 3148
"C:/Users/Neri/AppData/Local/UnrealEngine/Common/DerivedDataCache/Buckets/GlobalShaderMap/18/72/119bab56c8c9e758439ec3ac0816881ea2ce.udd" 3149
"C:/Users/Neri/AppData/Local/UnrealEngine/Common/DerivedDataCache/Buckets/GlobalShaderMap/79/af/a790377ec292f4ffce54a35524bbf6c42875.udd" 3150
"C:/Users/Neri/AppData/Local/UnrealEngine/Common/DerivedDataCache/Buckets/GlobalShaderMap/60/d4/9ea807cc6f5d855e54a69ea5254b6cd260ee.udd" 3151
"C:/Users/Neri/AppData/Local/UnrealEngine/Common/DerivedDataCache/Buckets/GlobalShaderMap/41/8c/acb8b98902043acd6673162f970c9746abec.udd" 3152
"C:/Users/Neri/AppData/Local/UnrealEngine/Common/DerivedDataCache/Buckets/GlobalShaderMap/6f/02/4628d483bacd7f0a522d271f089f1a098a5c.udd" 3153
"C:/Users/Neri/AppData/Local/UnrealEngine/Common/DerivedDataCache/Buckets/GlobalShaderMap/53/df/739f5cd914cce56ba71e555b5f87ff525de5.udd" 3154
"C:/Users/Neri/AppData/Local/UnrealEngine/Common/DerivedDataCache/Buckets/GlobalShaderMap/88/f1/21ebcc8d9ac3e75625afdd5c0d0e61a43bfc.udd" 3155
"C:/Users/Neri/AppData/Local/UnrealEngine/Common/DerivedDataCache/Buckets/GlobalShaderMap/a1/29/9d6f5ee0299763229088be465c51261cad28.udd" 3156
"C:/Users/Neri/AppData/Local/UnrealEngine/Common/DerivedDataCache/Buckets/GlobalShaderMap/5c/37/5143a5f520bfe607c86524a76fd72f103286.udd" 3157
"C:/Users/Neri/AppData/Local/UnrealEngine/Common/DerivedDataCache/Buckets/GlobalShaderMap/c5/36/a24bbccfd2bf85b6409abd11175fd063f778.udd" 3158
"C:/Users/Neri/AppData/Local/UnrealEngine/Common/DerivedDataCache/Buckets/GlobalShaderMap/95/22/37d2822c83bae8356849e25c321fb536a2a2.udd" 3159
"C:/Users/Neri/AppData/Local/UnrealEngine/Common/DerivedDataCache/Buckets/GlobalShaderMap/11/58/2e696fb1dff693efd91b011cfb747dc7bfba.udd" 3160
"C:/Users/Neri/AppData/Local/UnrealEngine/Common/DerivedDataCache/Buckets/GlobalShaderMap/22/d8/36cf8736cb223cc0bf5e6901f96eb2815990.udd" 3161
"C:/Users/Neri/AppData/Local/UnrealEngine/Common/DerivedDataCache/Buckets/GlobalShaderMap/7e/c7/acefc3cfbc95525182e958558e29a93789b9.udd" 3162
"C:/Users/Neri/AppData/Local/UnrealEngine/Common/DerivedDataCache/Buckets/GlobalShaderMap/36/7b/454bec493f0fe93fdaa405bd96c814da5f0d.udd" 3163
"C:/Users/Neri/AppData/Local/UnrealEngine/Common/DerivedDataCache/Buckets/GlobalShaderMap/c1/e0/aca26267c0b16d652b131019b1cd47fc974c.udd" 3164
"C:/Users/Neri/AppData/Local/UnrealEngine/Common/DerivedDataCache/Buckets/GlobalShaderMap/c5/c8/02a2747ab8b4434e259857ff8e8dd73c914d.udd" 3165
"C:/Users/Neri/AppData/Local/UnrealEngine/Common/DerivedDataCache/Buckets/GlobalShaderMap/b0/d0/3da82eefcc36ea5b112c181e7a5401fa236b.udd" 3166
"C:/Users/Neri/AppData/Local/UnrealEngine/Common/DerivedDataCache/Buckets/GlobalShaderMap/77/62/4b3e39ca04fac870b38bccf68970d8d80108.udd" 3167
"C:/Users/Neri/AppData/Local/UnrealEngine/Common/DerivedDataCache/Buckets/GlobalShaderMap/d9/bb/d6916f8b291efd3a9990278fa6ce65c22927.udd" 3168
"C:/Users/Neri/AppData/Local/UnrealEngine/Common/DerivedDataCache/Buckets/GlobalShaderMap/01/ab/049fd77da9f684ada294f3a1b8010c79fd49.udd" 3169
"C:/Users/Neri/AppData/Local/UnrealEngine/Common/DerivedDataCache/Buckets/GlobalShaderMap/81/02/07d750809a4ab69c6b01aae9f7381eabafb6.udd" 3170
"C:/Users/Neri/AppData/Local/UnrealEngine/Common/DerivedDataCache/Buckets/GlobalShaderMap/52/9a/bc73948a7574989aa87abdb32f8856101cb1.udd" 3171
"C:/Users/Neri/AppData/Local/UnrealEngine/Common/DerivedDataCache/Buckets/GlobalShaderMap/3b/82/bb5759428b42ac4e2f3bdc79c863dd7a0af6.udd" 3172
"C:/Users/Neri/AppData/Local/UnrealEngine/Common/DerivedDataCache/Buckets/GlobalShaderMap/69/62/0e3a11cce8e25803e2da9661571044d5e993.udd" 3173
"C:/Users/Neri/AppData/Local/UnrealEngine/Common/DerivedDataCache/Buckets/GlobalShaderMap/14/30/ea5a2598d30225aaed1b4fb26c127fb88be6.udd" 3174
"C:/Users/Neri/AppData/Local/UnrealEngine/Common/DerivedDataCache/Buckets/GlobalShaderMap/40/fd/f4b60422d08d56e2e038bfea8e2697802cbf.udd" 3175
"C:/Users/Neri/AppData/Local/UnrealEngine/Common/DerivedDataCache/Buckets/GlobalShaderMap/ce/84/03095464ed988a8de7b4a54d0b6b1baaf38c.udd" 3176
"C:/Users/Neri/AppData/Local/UnrealEngine/Common/DerivedDataCache/Buckets/GlobalShaderMap/91/ef/e298dd4e05cd4b1adf5c77d3a56900ff69a5.udd" 3177
"C:/Users/Neri/AppData/Local/UnrealEngine/Common/DerivedDataCache/Buckets/GlobalShaderMap/6a/38/76c457c92f76de973b11491e855b39dd3e90.udd" 3178
"C:/Users/Neri/AppData/Local/UnrealEngine/Common/DerivedDataCache/Buckets/GlobalShaderMap/1a/df/fa1f792e249f94dbabcd4711074ba5bce73f.udd" 3179
"C:/Users/Neri/AppData/Local/UnrealEngine/Common/DerivedDataCache/Buckets/GlobalShaderMap/d8/0a/53b4bac2a28177ff96687b843aef6507e7ac.udd" 3180
"C:/Users/Neri/AppData/Local/UnrealEngine/Common/DerivedDataCache/Buckets/GlobalShaderMap/da/c3/400078c6224838537606ebed0ceede696b2b.udd" 3181
"C:/Users/Neri/AppData/Local/UnrealEngine/Common/DerivedDataCache/Buckets/GlobalShaderMap/69/5b/e2457da07ef16db3512f09ae0efa5c468c5d.udd" 3182
"C:/Users/Neri/AppData/Local/UnrealEngine/Common/DerivedDataCache/Buckets/GlobalShaderMap/84/b9/de9b86d1a98658ef04ee8c0af880d5f28cf7.udd" 3183
"C:/Users/Neri/AppData/Local/UnrealEngine/Common/DerivedDataCache/Buckets/GlobalShaderMap/4a/6c/af1bcb3b7f74a36f52a3dfd4423e001cd9dd.udd" 3184
"C:/Users/Neri/AppData/Local/UnrealEngine/Common/DerivedDataCache/Buckets/GlobalShaderMap/ae/6a/bbba09d625836ff1a78d849d7caecb415f9a.udd" 3185
"C:/Users/Neri/AppData/Local/UnrealEngine/Common/DerivedDataCache/Buckets/GlobalShaderMap/81/22/c3d68321e3cb075fc3cebc45d66fadfc8c17.udd" 3186
"C:/Users/Neri/AppData/Local/UnrealEngine/Common/DerivedDataCache/Buckets/GlobalShaderMap/fe/64/8546ef3c042c81942fb26f4962bc491de658.udd" 3187
"C:/Users/Neri/AppData/Local/UnrealEngine/Common/DerivedDataCache/Buckets/GlobalShaderMap/cc/0e/6ce3704506cf7e544f6937430bd2e5acfa89.udd" 3188
"C:/Users/Neri/AppData/Local/UnrealEngine/Common/DerivedDataCache/Buckets/GlobalShaderMap/77/90/666a2cf2adac94e1a4ff43f0f79b4c881a21.udd" 3189
"C:/Users/Neri/AppData/Local/UnrealEngine/Common/DerivedDataCache/Buckets/GlobalShaderMap/1a/63/a0398f25c452bd1fcb9081bd859677d6cb5a.udd" 3190
"C:/Users/Neri/AppData/Local/UnrealEngine/Common/DerivedDataCache/Buckets/GlobalShaderMap/27/94/66ae94368681d7622f7c1df38d08efb9167d.udd" 3191
"C:/Users/Neri/AppData/Local/UnrealEngine/Common/DerivedDataCache/Buckets/GlobalShaderMap/b9/30/3e781f8e8d58c5c7929cd72fbb5083ce4654.udd" 3192
"C:/Users/Neri/AppData/Local/UnrealEngine/Common/DerivedDataCache/Buckets/GlobalShaderMap/12/67/7bf84d5f49120fad351e9e194c8a1ab8aedf.udd" 3193
"C:/Users/Neri/AppData/Local/UnrealEngine/Common/DerivedDataCache/Buckets/GlobalShaderMap/44/64/34fa67cfabd0b3f683096c5bfd880ef97b76.udd" 3194
"C:/Users/Neri/AppData/Local/UnrealEngine/Common/DerivedDataCache/Buckets/GlobalShaderMap/73/f8/05176d00f66e1f21c2381decc0e3267560c5.udd" 3195
"C:/Users/Neri/AppData/Local/UnrealEngine/Common/DerivedDataCache/Buckets/GlobalShaderMap/bf/47/2ffbbbb89671f1a2d3a4383dadee035a535e.udd" 3196
"C:/Users/Neri/AppData/Local/UnrealEngine/Common/DerivedDataCache/Buckets/GlobalShaderMap/72/fe/e90688a965659104a7b77191e09b70c88155.udd" 3197
"C:/Users/Neri/AppData/Local/UnrealEngine/Common/DerivedDataCache/Buckets/GlobalShaderMap/e6/a2/a1c75e9e3be81563ac37c5fcac4b273e9b78.udd" 3198
"C:/Users/Neri/AppData/Local/UnrealEngine/Common/DerivedDataCache/Buckets/GlobalShaderMap/e6/24/3e53693a7fb0bfbbca7777196b20d1561c24.udd" 3199
"C:/Users/Neri/AppData/Local/UnrealEngine/Common/DerivedDataCache/Buckets/GlobalShaderMap/47/6a/218c85e9a48a84813fdfd2b87d74449cacb5.udd" 3200
"C:/Users/Neri/AppData/Local/UnrealEngine/Common/DerivedDataCache/Buckets/GlobalShaderMap/93/0c/a31983f3572d85bbf391d64c5642aa34cbad.udd" 3201
"C:/Users/Neri/AppData/Local/UnrealEngine/Common/DerivedDataCache/Buckets/GlobalShaderMap/1c/f5/3d649f2dfa8d81be3d08dcee267c63321901.udd" 3202
"C:/Users/Neri/AppData/Local/UnrealEngine/Common/DerivedDataCache/Buckets/GlobalShaderMap/7f/2b/5646b5b10ea539e0d41104483e664556a3f9.udd" 3203
"C:/Users/Neri/AppData/Local/UnrealEngine/Common/DerivedDataCache/Buckets/GlobalShaderMap/16/e3/347d014ce37d5c25e00de3cc199b19dcdadc.udd" 3204
"C:/Users/Neri/AppData/Local/UnrealEngine/Common/DerivedDataCache/Buckets/GlobalShaderMap/3b/05/6baa6735d77600e91e03b975af5a06088c66.udd" 3205
"C:/Users/Neri/AppData/Local/UnrealEngine/Common/DerivedDataCache/Buckets/GlobalShaderMap/bf/05/6115c233237ff93cbbecab894d1803a26b4b.udd" 3206
"C:/Users/Neri/AppData/Local/UnrealEngine/Common/DerivedDataCache/Buckets/GlobalShaderMap/21/ff/8cbe3b3b7d9f852e912985601d52f17d9747.udd" 3207
"C:/Users/Neri/AppData/Local/UnrealEngine/Common/DerivedDataCache/Buckets/GlobalShaderMap/93/cf/369745ae1a3ab66ee42225f92cabcb4dce5d.udd" 3208
"C:/Users/Neri/AppData/Local/UnrealEngine/Common/DerivedDataCache/Buckets/GlobalShaderMap/2e/4f/c58a48183eeda4740874a1de501326d0066f.udd" 3209
"C:/Users/Neri/AppData/Local/UnrealEngine/Common/DerivedDataCache/Buckets/GlobalShaderMap/11/b8/70089ed564af619b1f5b6a86a29f0a8ee5de.udd" 3210
"C:/Users/Neri/AppData/Local/UnrealEngine/Common/DerivedDataCache/Buckets/GlobalShaderMap/af/11/0b5afdbbfc53ea78bf08e11dcc851c6ee35a.udd" 3211
"C:/Users/Neri/AppData/Local/UnrealEngine/Common/DerivedDataCache/Buckets/GlobalShaderMap/e9/b1/8565c0c1f82d833c0851931398f296942572.udd" 3212
"C:/Users/Neri/AppData/Local/UnrealEngine/Common/DerivedDataCache/Buckets/GlobalShaderMap/83/d3/c2f6625ac285368c41454a2c72c9be28bd43.udd" 3213
"C:/Users/Neri/AppData/Local/UnrealEngine/Common/DerivedDataCache/Buckets/GlobalShaderMap/35/ab/deb3837b4217e43171d8ae085803f60f6a8c.udd" 3214
"C:/Users/Neri/AppData/Local/UnrealEngine/Common/DerivedDataCache/Buckets/GlobalShaderMap/c4/cc/dc545b6e767f8cb2ec91c02c7ed45c3dcef2.udd" 3215
"C:/Users/Neri/AppData/Local/UnrealEngine/Common/DerivedDataCache/Buckets/GlobalShaderMap/07/90/1a707f61f44dc41e281744e092e8ae3e0ea8.udd" 3216
"C:/Users/Neri/AppData/Local/UnrealEngine/Common/DerivedDataCache/Buckets/GlobalShaderMap/15/6d/43ac386922c8022975817a9e202af5d01d6b.udd" 3217
"C:/Users/Neri/AppData/Local/UnrealEngine/Common/DerivedDataCache/Buckets/GlobalShaderMap/3f/a2/9bb7105a462a488293d8d86ef211e4a89801.udd" 3218
"C:/Users/Neri/AppData/Local/UnrealEngine/Common/DerivedDataCache/Buckets/GlobalShaderMap/63/d2/ccc19559449559a2e0966d600408c09803a0.udd" 3219
"C:/Users/Neri/AppData/Local/UnrealEngine/Common/DerivedDataCache/Buckets/GlobalShaderMap/48/aa/c920683cdb292e884aa008a38eabe8327a24.udd" 3220
"C:/Users/Neri/AppData/Local/UnrealEngine/Common/DerivedDataCache/Buckets/GlobalShaderMap/4d/75/57f3fa0d8501b4140796384da26bae87442e.udd" 3221
"C:/Users/Neri/AppData/Local/UnrealEngine/Common/DerivedDataCache/Buckets/GlobalShaderMap/14/20/b856b1b1c68a2c59e0d916ac9eba3708acd8.udd" 3222
"C:/Users/Neri/AppData/Local/UnrealEngine/Common/DerivedDataCache/Buckets/GlobalShaderMap/a8/41/84d8b900c17117eeca0ad5a37bfe3e371a33.udd" 3223
"C:/Users/Neri/AppData/Local/UnrealEngine/Common/DerivedDataCache/Buckets/GlobalShaderMap/51/a4/88a6eb4b46e6c60c3249a10bdd4b6458ba3b.udd" 3224
"C:/Users/Neri/AppData/Local/UnrealEngine/Common/DerivedDataCache/Buckets/GlobalShaderMap/69/8e/3bcedb69d482cf140052efc770c1018d3688.udd" 3225
"C:/Users/Neri/AppData/Local/UnrealEngine/Common/DerivedDataCache/Buckets/GlobalShaderMap/df/34/0850cd94d8b7f15ae6e91cf0143d6fb14ef7.udd" 3226
"C:/Users/Neri/AppData/Local/UnrealEngine/Common/DerivedDataCache/Buckets/GlobalShaderMap/b8/16/dfa06ef57956f7232842ade030bf2b7c7f0f.udd" 3227
"C:/Users/Neri/AppData/Local/UnrealEngine/Common/DerivedDataCache/Buckets/GlobalShaderMap/a9/bd/1e2337e5882ed6dd68d506ad421fdf3e5a04.udd" 3228
"C:/Users/Neri/AppData/Local/UnrealEngine/Common/DerivedDataCache/Buckets/GlobalShaderMap/1a/b4/e54de3f7d835f169db9df10d2bb1e8d05bb9.udd" 3229
"C:/Users/Neri/AppData/Local/UnrealEngine/Common/DerivedDataCache/Buckets/GlobalShaderMap/40/28/e937f3735f2de4173682968fe03feab7c17a.udd" 3230
"C:/Users/Neri/AppData/Local/UnrealEngine/Common/DerivedDataCache/Buckets/GlobalShaderMap/63/c0/4a3f9ac8e1d87500a786590b9dbb26e6cac7.udd" 3231
"C:/Users/Neri/AppData/Local/UnrealEngine/Common/DerivedDataCache/Buckets/GlobalShaderMap/be/4d/15638edbd482518f48fd1b4b5d7d72a8017c.udd" 3232
"C:/Users/Neri/AppData/Local/UnrealEngine/Common/DerivedDataCache/Buckets/GlobalShaderMap/46/e6/c93ca6a705829f720dee4a61847ec7463b3d.udd" 3233
"C:/Users/Neri/AppData/Local/UnrealEngine/Common/DerivedDataCache/Buckets/GlobalShaderMap/91/79/28877a51bc46859402dd42aca4a3d67c19b2.udd" 3234
"C:/Users/Neri/AppData/Local/UnrealEngine/Common/DerivedDataCache/Buckets/GlobalShaderMap/0b/24/676a3005e5c483639b3663a10f3d17bed367.udd" 3235
"C:/Users/Neri/AppData/Local/UnrealEngine/Common/DerivedDataCache/Buckets/GlobalShaderMap/0c/bf/9db614fd3b42348b5b5114066cdcd78a0494.udd" 3236
"C:/Users/Neri/AppData/Local/UnrealEngine/Common/DerivedDataCache/Buckets/GlobalShaderMap/4d/d3/653552b6e71faf61a542427b1caf148cd8af.udd" 3237
"C:/Users/Neri/AppData/Local/UnrealEngine/Common/DerivedDataCache/Buckets/GlobalShaderMap/81/66/0a5538acdc57e13205e11e5b3225ab5f4c31.udd" 3238
"C:/Users/Neri/AppData/Local/UnrealEngine/Common/DerivedDataCache/Buckets/GlobalShaderMap/f6/f4/b2bc340e28c4824c878e9d4a403cd5404e0b.udd" 3239
"C:/Users/Neri/AppData/Local/UnrealEngine/Common/DerivedDataCache/Buckets/GlobalShaderMap/47/89/efb92290268b8b01d1ede98ef33413c65989.udd" 3240
"C:/Users/Neri/AppData/Local/UnrealEngine/Common/DerivedDataCache/Buckets/GlobalShaderMap/4c/65/8b6725d96cc9b69c0fcf5f6d50c78f0d824e.udd" 3241
"C:/Users/Neri/AppData/Local/UnrealEngine/Common/DerivedDataCache/Buckets/GlobalShaderMap/c2/49/8e1e7f45f87c109a2c581686987bba64862e.udd" 3242
"C:/Users/Neri/AppData/Local/UnrealEngine/Common/DerivedDataCache/Buckets/GlobalShaderMap/42/8c/f0dc135e26441f092b88fe7ddf62a27e4ba7.udd" 3243
"C:/Users/Neri/AppData/Local/UnrealEngine/Common/DerivedDataCache/Buckets/GlobalShaderMap/cb/57/000950bc99114034adcc25c18cb14d0af14c.udd" 3244
"C:/Users/Neri/AppData/Local/UnrealEngine/Common/DerivedDataCache/Buckets/GlobalShaderMap/66/6f/13be6a0501671615c3814743644a3624631c.udd" 3245
"C:/Users/Neri/AppData/Local/UnrealEngine/Common/DerivedDataCache/Buckets/GlobalShaderMap/7b/a9/279aa49374b2c55677db0402ebb20ca43322.udd" 3246
"C:/Users/Neri/AppData/Local/UnrealEngine/Common/DerivedDataCache/Buckets/GlobalShaderMap/37/b6/4344bf89ee1ed57e8cc212422e0017d60f27.udd" 3247
"C:/Users/Neri/AppData/Local/UnrealEngine/Common/DerivedDataCache/Buckets/GlobalShaderMap/93/6d/31fe80d9be28ba9755c840538aaf790260f4.udd" 3248
"C:/Users/Neri/AppData/Local/UnrealEngine/Common/DerivedDataCache/Buckets/GlobalShaderMap/70/c3/89d1a0c42110449a43412f5147072d12b145.udd" 3249
"C:/Users/Neri/AppData/Local/UnrealEngine/Common/DerivedDataCache/Buckets/GlobalShaderMap/be/60/7faa4c027d6f29b2adfc02ac0cb40d49a50f.udd" 3250
"C:/Users/Neri/AppData/Local/UnrealEngine/Common/DerivedDataCache/Buckets/GlobalShaderMap/b6/cb/a6871f905a714e3f1594b8f91e017a156346.udd" 3251
"C:/Users/Neri/AppData/Local/UnrealEngine/Common/DerivedDataCache/Buckets/GlobalShaderMap/fa/a8/6997472ba136b895245fb9312ca9f53bf45b.udd" 3252
"C:/Users/Neri/AppData/Local/UnrealEngine/Common/DerivedDataCache/Buckets/GlobalShaderMap/9c/5f/53970adb3ae72ab4c672fa7da4f5f7e57ebb.udd" 3253
"C:/Users/Neri/AppData/Local/UnrealEngine/Common/DerivedDataCache/Buckets/GlobalShaderMap/60/57/f54be16cefbcdc004a7a065590b675b01324.udd" 3254
"C:/Users/Neri/AppData/Local/UnrealEngine/Common/DerivedDataCache/Buckets/GlobalShaderMap/87/66/4cbe120f315bcb099ba8de3c7f1e73bea7fb.udd" 3255
"C:/Users/Neri/AppData/Local/UnrealEngine/Common/DerivedDataCache/Buckets/GlobalShaderMap/4b/86/a302cb7ec410de9fe7ce13b00bfb33556d70.udd" 3256
"C:/Users/Neri/AppData/Local/UnrealEngine/Common/DerivedDataCache/Buckets/GlobalShaderMap/4c/31/25d84ab28bb94516d7ce4bc6aa6c574c8e74.udd" 3257
"C:/Users/Neri/AppData/Local/UnrealEngine/Common/DerivedDataCache/Buckets/GlobalShaderMap/4e/44/e42dbbb4ac79a2ae8124b7ffcc14f52581bd.udd" 3258
"C:/Users/Neri/AppData/Local/UnrealEngine/Common/DerivedDataCache/Buckets/GlobalShaderMap/fb/00/d3825beaad115babce33799d3472ca406d95.udd" 3259
"C:/Users/Neri/AppData/Local/UnrealEngine/Common/DerivedDataCache/Buckets/GlobalShaderMap/ab/8b/16d6ed4c636dbab9a4eca6b7c88aa3535448.udd" 3260
"C:/Users/Neri/AppData/Local/UnrealEngine/Common/DerivedDataCache/Buckets/GlobalShaderMap/58/2a/348223b89788397c04711e967f73fc58e393.udd" 3261
"C:/Users/Neri/AppData/Local/UnrealEngine/Common/DerivedDataCache/Buckets/GlobalShaderMap/d5/8f/7444f67b933e4ca1fcc790c06fd133884562.udd" 3262
"C:/Users/Neri/AppData/Local/UnrealEngine/Common/DerivedDataCache/Buckets/GlobalShaderMap/46/a3/b941368ba0d02985d7d8e7f3469094ad672d.udd" 3263
"C:/Users/Neri/AppData/Local/UnrealEngine/Common/DerivedDataCache/Buckets/GlobalShaderMap/ae/f4/d32850878d9f9daf53839422914b6bae3c39.udd" 3264
"C:/Users/Neri/AppData/Local/UnrealEngine/Common/DerivedDataCache/Buckets/GlobalShaderMap/89/6f/bcb4ec77aac1ec1e2eb3546b34d94f997184.udd" 3265
"C:/Users/Neri/AppData/Local/UnrealEngine/Common/DerivedDataCache/Buckets/GlobalShaderMap/43/13/12c2e85219730cb869a114a7181fdcd43d87.udd" 3266
"C:/Users/Neri/AppData/Local/UnrealEngine/Common/DerivedDataCache/Buckets/GlobalShaderMap/bd/bd/a78114adb26c07552477e855e3d0ff6babef.udd" 3267
"C:/Users/Neri/AppData/Local/UnrealEngine/Common/DerivedDataCache/Buckets/GlobalShaderMap/c5/d1/608718dc2808ae3d64c370a43a7fd02f4527.udd" 3268
"C:/Users/Neri/AppData/Local/UnrealEngine/Common/DerivedDataCache/Buckets/GlobalShaderMap/bc/9a/45cde7946b6377c076c9fec06677b4d393cc.udd" 3269
"C:/Users/Neri/AppData/Local/UnrealEngine/Common/DerivedDataCache/Buckets/GlobalShaderMap/fe/cb/cc85cef0f1978de438c3c928b07e500db615.udd" 3270
"C:/Users/Neri/AppData/Local/UnrealEngine/Common/DerivedDataCache/Buckets/GlobalShaderMap/4b/86/32696925d6e1cf82ad917819a0ef4465026d.udd" 3271
"C:/Users/Neri/AppData/Local/UnrealEngine/Common/DerivedDataCache/Buckets/GlobalShaderMap/58/bf/da5da38ca6cce69b52eafefe334a5afe5a9d.udd" 3272
"C:/Users/Neri/AppData/Local/UnrealEngine/Common/DerivedDataCache/Buckets/GlobalShaderMap/9a/61/a4443bb54a8ee2ed1c821ca1e90053fbee04.udd" 3273
"C:/Users/Neri/AppData/Local/UnrealEngine/Common/DerivedDataCache/Buckets/GlobalShaderMap/4c/17/41bbcc179da9eed2fd83f4666ae7d155a8cf.udd" 3274
"C:/Users/Neri/AppData/Local/UnrealEngine/Common/DerivedDataCache/Buckets/GlobalShaderMap/f7/a9/40848c20cc422bd0f6a0fb25c2b29096c04e.udd" 3275
"C:/Users/Neri/AppData/Local/UnrealEngine/Common/DerivedDataCache/Buckets/GlobalShaderMap/53/ff/c916e85df7ed4a0542e683cd278152aa0da2.udd" 3276
"C:/Users/Neri/AppData/Local/UnrealEngine/Common/DerivedDataCache/Buckets/GlobalShaderMap/30/7f/efa0342da6bf56ed4c72c43fe0793f635503.udd" 3277
"C:/Users/Neri/AppData/Local/UnrealEngine/Common/DerivedDataCache/Buckets/GlobalShaderMap/7a/c0/358922d0bad047109df225e38bb807ecc3a7.udd" 3278
"C:/Users/Neri/AppData/Local/UnrealEngine/Common/DerivedDataCache/Buckets/GlobalShaderMap/fd/1d/d82cedf8a1f4f380063972227f66c1d15d34.udd" 3279
"C:/Users/Neri/AppData/Local/UnrealEngine/Common/DerivedDataCache/Buckets/GlobalShaderMap/e9/9b/4e30d62f387cb4f017f81acc79922c8d57a4.udd" 3280
"C:/Users/Neri/AppData/Local/UnrealEngine/Common/DerivedDataCache/Buckets/GlobalShaderMap/df/76/d650abb5b011252aa5dc66807635c8caf72e.udd" 3281
"C:/Users/Neri/AppData/Local/UnrealEngine/Common/DerivedDataCache/Buckets/GlobalShaderMap/ce/c1/194edec4c373e6b3d7416cccb483857cc816.udd" 3282
"C:/Users/Neri/AppData/Local/UnrealEngine/Common/DerivedDataCache/Buckets/GlobalShaderMap/ef/a1/96d7b1af7e2f9ef16db5e38f7c0685a96064.udd" 3283
"C:/Users/Neri/AppData/Local/UnrealEngine/Common/DerivedDataCache/Buckets/GlobalShaderMap/7d/86/6c8ab30ee5c40fccd5826481dcab94dd19f7.udd" 3284
"C:/Users/Neri/AppData/Local/UnrealEngine/Common/DerivedDataCache/Buckets/GlobalShaderMap/58/51/933ccbe826a05557849d4f9f38074b851af4.udd" 3285
"C:/Users/Neri/AppData/Local/UnrealEngine/Common/DerivedDataCache/Buckets/GlobalShaderMap/6c/9b/4332d47be6649842bd66b6f76b75492eeb28.udd" 3286
"C:/Users/Neri/AppData/Local/UnrealEngine/Common/DerivedDataCache/Buckets/GlobalShaderMap/fd/24/4b7ebebe0c67230e561eacb9aa60db54818b.udd" 3287
"C:/Users/Neri/AppData/Local/UnrealEngine/Common/DerivedDataCache/Buckets/GlobalShaderMap/d3/1c/03af4c6b042a226252863ac2b62e9ec8fa2d.udd" 3288
"C:/Users/Neri/AppData/Local/UnrealEngine/Common/DerivedDataCache/Buckets/GlobalShaderMap/20/ef/b1b51a0e485c7d8441df31366880a7daea15.udd" 3289
"C:/Users/Neri/AppData/Local/UnrealEngine/Common/DerivedDataCache/Buckets/GlobalShaderMap/fd/17/23fbe5546e214e7e6637ab64dd648503f5d0.udd" 3290
"C:/Users/Neri/AppData/Local/UnrealEngine/Common/DerivedDataCache/Buckets/GlobalShaderMap/d3/9d/e4b800d5e3e415fdce900a2985bb5d22fa2e.udd" 3291
"C:/Users/Neri/AppData/Local/UnrealEngine/Common/DerivedDataCache/Buckets/GlobalShaderMap/52/b7/d909a8ad8dcca080379ea94f1cb1a0b193d6.udd" 3292
"C:/Users/Neri/AppData/Local/UnrealEngine/Common/DerivedDataCache/Buckets/GlobalShaderMap/e3/bd/4e041ebf0963fcc0a430e4f68c615c36d6e1.udd" 3293
"C:/Users/Neri/AppData/Local/UnrealEngine/Common/DerivedDataCache/Buckets/GlobalShaderMap/8e/72/7cf0441a4d580d4d02008e13709e1327fad4.udd" 3294
"C:/Users/Neri/AppData/Local/UnrealEngine/Common/DerivedDataCache/Buckets/GlobalShaderMap/a1/1f/10d42091c7ebc35bc8134a4b87d33ad3b691.udd" 3295
"C:/Users/Neri/AppData/Local/UnrealEngine/Common/DerivedDataCache/Buckets/GlobalShaderMap/9a/c4/4459fd8e6aa331756361c551d85d7cc3443b.udd" 3296
"C:/Users/Neri/AppData/Local/UnrealEngine/Common/DerivedDataCache/Buckets/GlobalShaderMap/a5/46/2b2f8e33c728ccca2c118421a87639d1ad46.udd" 3297
"C:/Users/Neri/AppData/Local/UnrealEngine/Common/DerivedDataCache/Buckets/GlobalShaderMap/ba/7f/79e0f3e50d9ff7506a33f09a3cb53e512018.udd" 3298
"C:/Users/Neri/AppData/Local/UnrealEngine/Common/DerivedDataCache/Buckets/GlobalShaderMap/88/5a/d61357fb47f93c41d684ffe08d1fd683df5f.udd" 3299
"C:/Users/Neri/AppData/Local/UnrealEngine/Common/DerivedDataCache/Buckets/GlobalShaderMap/8e/e3/8605fb7f712ed1b8ab28469852a634ba2b4d.udd" 3300
"C:/Users/Neri/AppData/Local/UnrealEngine/Common/DerivedDataCache/Buckets/GlobalShaderMap/71/03/be6a9a33f0398f1e0e4dd6e27b338bd3f01e.udd" 3301
"C:/Users/Neri/AppData/Local/UnrealEngine/Common/DerivedDataCache/Buckets/GlobalShaderMap/b8/69/53f035bcc566ecb07a496f154453ac1afdf1.udd" 3302
"C:/Users/Neri/AppData/Local/UnrealEngine/Common/DerivedDataCache/Buckets/GlobalShaderMap/0f/c2/b229a12ecdafe664e087155b2cb8f6f421ca.udd" 3303
"C:/Users/Neri/AppData/Local/UnrealEngine/Common/DerivedDataCache/Buckets/GlobalShaderMap/63/e1/d281cef83d9e5408324bdfa0dc2e99818389.udd" 3304
"C:/Users/Neri/AppData/Local/UnrealEngine/Common/DerivedDataCache/Buckets/GlobalShaderMap/5d/22/a642096ddc3009538aa8ccf5794af1827174.udd" 3305
"C:/Users/Neri/AppData/Local/UnrealEngine/Common/DerivedDataCache/Buckets/GlobalShaderMap/14/26/7d8191c1f4093f401e4dc65e6b04e03ad3f1.udd" 3306
"C:/Users/Neri/AppData/Local/UnrealEngine/Common/DerivedDataCache/Buckets/GlobalShaderMap/7c/6f/fd68378b0f1164b1baa29ac4d961845ca0de.udd" 3307
"C:/Users/Neri/AppData/Local/UnrealEngine/Common/DerivedDataCache/Buckets/GlobalShaderMap/b5/4e/500a89368cc004ad29a008ba5657edc58268.udd" 3308
"C:/Users/Neri/AppData/Local/UnrealEngine/Common/DerivedDataCache/Buckets/GlobalShaderMap/d5/9a/9112dc8c7add0e961c23a3b195061a44c10a.udd" 3309
"C:/Users/Neri/AppData/Local/UnrealEngine/Common/DerivedDataCache/Buckets/GlobalShaderMap/23/87/2d02ea50ea5fa2a519b7a11ef865331d2ffc.udd" 3310
"C:/Users/Neri/AppData/Local/UnrealEngine/Common/DerivedDataCache/Buckets/GlobalShaderMap/e8/e1/2a589295ce55f52e81ca3c649b299ce7ade0.udd" 3311
"C:/Users/Neri/AppData/Local/UnrealEngine/Common/DerivedDataCache/Buckets/GlobalShaderMap/4a/ce/857c9c166a215005c5eb73bc01a12b38c116.udd" 3312
"C:/Users/Neri/AppData/Local/UnrealEngine/Common/DerivedDataCache/Buckets/GlobalShaderMap/f5/3e/4a0d3741165af35ceb5db4b22bc7dcc75f62.udd" 3313
"C:/Users/Neri/AppData/Local/UnrealEngine/Common/DerivedDataCache/Buckets/GlobalShaderMap/ef/44/b53e4b8d1260fc75fb9d051ae17bd6338c47.udd" 3314
"C:/Users/Neri/AppData/Local/UnrealEngine/Common/DerivedDataCache/Buckets/GlobalShaderMap/d6/1b/b80cb5da70491d06279f701f0e7edc186c62.udd" 3315
"C:/Users/Neri/AppData/Local/UnrealEngine/Common/DerivedDataCache/Buckets/GlobalShaderMap/f7/91/adb135958b947fc7ab87ed72024465a6e432.udd" 3316
"C:/Users/Neri/AppData/Local/UnrealEngine/Common/DerivedDataCache/Buckets/GlobalShaderMap/e3/9a/4eb4ee7ae39daac305ec0b2a4d72ac3dcd43.udd" 3317
"C:/Users/Neri/AppData/Local/UnrealEngine/Common/DerivedDataCache/Buckets/GlobalShaderMap/62/18/d7301b9ac9869376f4176235412f3ab41d4c.udd" 3318
"C:/Users/Neri/AppData/Local/UnrealEngine/Common/DerivedDataCache/Buckets/GlobalShaderMap/8c/28/83b4b82b2914e7f324bb90f80caf756d80a8.udd" 3319
"C:/Users/Neri/AppData/Local/UnrealEngine/Common/DerivedDataCache/Buckets/GlobalShaderMap/6e/3c/06e903163d7bc0d362ca58c1a454be564807.udd" 3320
"C:/Users/Neri/AppData/Local/UnrealEngine/Common/DerivedDataCache/Buckets/GlobalShaderMap/e7/89/32d4216d328e965749a0dc130445412c8247.udd" 3321
"C:/Users/Neri/AppData/Local/UnrealEngine/Common/DerivedDataCache/Buckets/GlobalShaderMap/4a/8c/3008293cd08eb27c856460b7328d087640a5.udd" 3322
"C:/Users/Neri/AppData/Local/UnrealEngine/Common/DerivedDataCache/Buckets/GlobalShaderMap/ff/92/2969e65adc8e06f32a3f4a8f8a5e040bc24b.udd" 3323
"C:/Users/Neri/AppData/Local/UnrealEngine/Common/DerivedDataCache/Buckets/GlobalShaderMap/60/80/4a7bf7c809a6ec260350799c1ef387326035.udd" 3324
"C:/Users/Neri/AppData/Local/UnrealEngine/Common/DerivedDataCache/Buckets/GlobalShaderMap/8e/53/90e60db8d483508fa89803b1d44f406ebd73.udd" 3325
"C:/Users/Neri/AppData/Local/UnrealEngine/Common/DerivedDataCache/Buckets/GlobalShaderMap/44/3b/f1f4d9902b7760a82f5b8d8bc3d2f8ff994a.udd" 3326
"C:/Users/Neri/AppData/Local/UnrealEngine/Common/DerivedDataCache/Buckets/GlobalShaderMap/45/26/e9619596951a45c76bbd3383c135b14a10a8.udd" 3327
"C:/Users/Neri/AppData/Local/UnrealEngine/Common/DerivedDataCache/Buckets/GlobalShaderMap/be/a3/3139c3007551458531eb48628e33bf706a71.udd" 3328
"C:/Users/Neri/AppData/Local/UnrealEngine/Common/DerivedDataCache/Buckets/GlobalShaderMap/e9/d0/4bba6747e826327efe3e6331077de74ec3fd.udd" 3329
"C:/Users/Neri/AppData/Local/UnrealEngine/Common/DerivedDataCache/Buckets/GlobalShaderMap/43/7d/65ba7662c4a5e7790adb6a7c05663712ef93.udd" 3330
"C:/Users/Neri/AppData/Local/UnrealEngine/Common/DerivedDataCache/Buckets/GlobalShaderMap/30/34/f132cfa20a75320d0dba85d2c0a3c8012a4f.udd" 3331
"C:/Users/Neri/AppData/Local/UnrealEngine/Common/DerivedDataCache/Buckets/GlobalShaderMap/fd/20/5671c684db7e896315b8524359e3b0fb189c.udd" 3332
"C:/Users/Neri/AppData/Local/UnrealEngine/Common/DerivedDataCache/Buckets/GlobalShaderMap/10/e0/69d4d60f4508395fe24565661efb5580d249.udd" 3333
"C:/Users/Neri/AppData/Local/UnrealEngine/Common/DerivedDataCache/Buckets/GlobalShaderMap/77/45/bc23e5a8185dd4fbf5020382393ee9435bde.udd" 3334
"C:/Users/Neri/AppData/Local/UnrealEngine/Common/DerivedDataCache/Buckets/GlobalShaderMap/d6/30/36cae3d1f30ed804336ded90f56debebd45f.udd" 3335
"C:/Users/Neri/AppData/Local/UnrealEngine/Common/DerivedDataCache/Buckets/GlobalShaderMap/e5/8b/bc960d94792151fe123eddded26a2cd6d89c.udd" 3336
"C:/Users/Neri/AppData/Local/UnrealEngine/Common/DerivedDataCache/Buckets/GlobalShaderMap/19/1b/d683192a82a35a7fe182eda295bb87066fdb.udd" 3337
"C:/Users/Neri/AppData/Local/UnrealEngine/Common/DerivedDataCache/Buckets/GlobalShaderMap/2b/83/89772d14e269e43b876d3f6393b461bc1b1b.udd" 3338
"C:/Users/Neri/AppData/Local/UnrealEngine/Common/DerivedDataCache/Buckets/GlobalShaderMap/31/01/6a2b9a34388b5a491084c52bb8fe4babb9c2.udd" 3339
"C:/Users/Neri/AppData/Local/UnrealEngine/Common/DerivedDataCache/Buckets/GlobalShaderMap/32/52/c8dd20d68c4a5e7643a21fac5a367ac07659.udd" 3340
"C:/Users/Neri/AppData/Local/UnrealEngine/Common/DerivedDataCache/Buckets/GlobalShaderMap/2a/c1/3cf5ef80f910bdfbda0961b3e62ad4b58d4c.udd" 3341
"C:/Users/Neri/AppData/Local/UnrealEngine/Common/DerivedDataCache/Buckets/GlobalShaderMap/63/6e/f1eb9182bce3ba8f89163ea6b64b6149f819.udd" 3342
"C:/Users/Neri/AppData/Local/UnrealEngine/Common/DerivedDataCache/Buckets/GlobalShaderMap/ac/6e/afb1bf30c73e3cc3593a4f749d2db56c5c0a.udd" 3343
"C:/Users/Neri/AppData/Local/UnrealEngine/Common/DerivedDataCache/Buckets/GlobalShaderMap/b1/49/262a88ad273a3d25cd0688f799eeac076f54.udd" 3344
"C:/Users/Neri/AppData/Local/UnrealEngine/Common/DerivedDataCache/Buckets/GlobalShaderMap/83/b1/a52a711a60aaef6a0ab839e1e4ce744fe807.udd" 3345
"C:/Users/Neri/AppData/Local/UnrealEngine/Common/DerivedDataCache/Buckets/GlobalShaderMap/be/22/6f0e068db0499efdd901208b97a5310ffabc.udd" 3346
"C:/Users/Neri/AppData/Local/UnrealEngine/Common/DerivedDataCache/Buckets/GlobalShaderMap/e3/18/03b5798690fe93ea31a8ea568972a1ec8333.udd" 3347
"C:/Users/Neri/AppData/Local/UnrealEngine/Common/DerivedDataCache/Buckets/GlobalShaderMap/4b/83/7181876a23de97f4b8aa62b42f0d13ad88e2.udd" 3348
"C:/Users/Neri/AppData/Local/UnrealEngine/Common/DerivedDataCache/Buckets/GlobalShaderMap/27/c9/9ecf082c336c50d2bc1b5a5e0d2bd353557d.udd" 3349
"C:/Users/Neri/AppData/Local/UnrealEngine/Common/DerivedDataCache/Buckets/GlobalShaderMap/f1/ed/1c353b1ce942eb57c64be17cfd296894a307.udd" 3350
"C:/Users/Neri/AppData/Local/UnrealEngine/Common/DerivedDataCache/Buckets/GlobalShaderMap/7d/16/edce9a737a10a33e46a138473f854ab2e818.udd" 3351
"C:/Users/Neri/AppData/Local/UnrealEngine/Common/DerivedDataCache/Buckets/GlobalShaderMap/94/2c/934898f2ea4fc00f6d1d395a77b8a5eb35a6.udd" 3352
"C:/Users/Neri/AppData/Local/UnrealEngine/Common/DerivedDataCache/Buckets/GlobalShaderMap/78/4d/28e9ca39dbe84a6b7f54388997a2aea2ee8a.udd" 3353
"C:/Users/Neri/AppData/Local/UnrealEngine/Common/DerivedDataCache/Buckets/GlobalShaderMap/96/e5/a3a657ec2305adf1fa26dbcce82807bc583f.udd" 3354
"C:/Users/Neri/AppData/Local/UnrealEngine/Common/DerivedDataCache/Buckets/GlobalShaderMap/2e/60/3621694a7694313079e614bad7f459724a55.udd" 3355
"C:/Users/Neri/AppData/Local/UnrealEngine/Common/DerivedDataCache/Buckets/GlobalShaderMap/0f/5a/6d1aa1d54c2e05135e4560c9cae5d2d4f992.udd" 3356
"C:/Users/Neri/AppData/Local/UnrealEngine/Common/DerivedDataCache/Buckets/GlobalShaderMap/7f/25/41900d368a5e4a935dee2284c1cbd4991fd9.udd" 3357
"C:/Users/Neri/AppData/Local/UnrealEngine/Common/DerivedDataCache/Buckets/GlobalShaderMap/fd/3e/39b93e33f46130075fda3d33f1f8958fff8b.udd" 3358
"C:/Users/Neri/AppData/Local/UnrealEngine/Common/DerivedDataCache/Buckets/GlobalShaderMap/0c/22/0c8f077acddd5464e1257eba7902f296c6c4.udd" 3359
"../../../Engine/Plugins/Animation/ControlRig/Content/Controls/ControlRigGizmoMaterial.uasset" 3360
"../../../Engine/Plugins/Interchange/Runtime/Content/Pipelines/DefaultTexturePipeline.uasset" 3361
"../../../Engine/Plugins/Interchange/Runtime/Content/Pipelines/DefaultAssetsPipeline.uasset" 3362
"../../../Engine/Content/EngineMaterials/STBlueNoise_vec2_128x128x64.uasset" 3363
"../../../Engine/Content/EngineMaterials/DefaultBloomKernel.uasset" 3364
"../../../Engine/Content/EngineDebugMaterials/DebugEditorMaterial.uasset" 3365
"../../../Engine/Content/EngineResources/FilmGrains/Marcie_Grain_v3_128_M2_000.uasset" 3366
"../../../Engine/Content/EngineMaterials/STBlueNoise_scalar_128x128x64.uasset" 3367
"../../../Engine/Content/EngineSounds/Master.uasset" 3368
"../../../Engine/Plugins/Interchange/Runtime/Content/Pipelines/DefaultMaterialPipeline.uasset" 3369
"../../../Engine/Plugins/Interchange/Runtime/Content/Pipelines/DefaultSceneLevelPipeline.uasset" 3370
"../../../Engine/Content/EditorResources/BSPVertex.uasset" 3371
"../../../Engine/Plugins/Interchange/Runtime/Content/Pipelines/DefaultSceneAssetsPipeline.uasset" 3372
"C:/Users/Neri/AppData/Local/UnrealEngine/Common/DerivedDataCache/Buckets/BulkDataList/a2/58/91f71e680ce11db48d72d25dd5d81fec3261.udd" 3373
"C:/Users/Neri/AppData/Local/UnrealEngine/Common/DerivedDataCache/Buckets/BulkDataList/bb/fd/0d5e46e46c2516966739dac72a91661179ed.udd" 3374
"C:/Users/Neri/AppData/Local/UnrealEngine/Common/DerivedDataCache/Buckets/BulkDataList/d2/24/a405b0af560cfb4d85e0157a57af6fb8f2ea.udd" 3375
"C:/Users/Neri/AppData/Local/UnrealEngine/Common/DerivedDataCache/Buckets/BulkDataList/c7/c9/5f45b1b5d8aad8a0f52af1de9d94ffc5cd17.udd" 3376
"C:/Users/Neri/AppData/Local/UnrealEngine/Common/DerivedDataCache/Buckets/BulkDataList/3b/50/e0cebfed422345ff09bc185b8897a932a755.udd" 3377
"C:/Users/Neri/AppData/Local/UnrealEngine/Common/DerivedDataCache/Buckets/MaterialShaderMap/72/b5/875a38ac71cafbdbbf5cd1961bc9dcec017c.udd" 3378
"C:/Users/Neri/AppData/Local/UnrealEngine/Common/DerivedDataCache/Buckets/MaterialShaderMap/78/37/6c8db9d76a6a8a1a4e305b096daed4650ab8.udd" 3379
"C:/Users/Neri/AppData/Local/UnrealEngine/Common/DerivedDataCache/Buckets/MaterialShaderMap/a3/57/0dab440c87635d7530947cf5df404151cbaa.udd" 3380
"C:/Users/Neri/AppData/Local/UnrealEngine/Common/DerivedDataCache/Buckets/MaterialShaderMap/1d/a0/cf97de43ddf96f26035c3dd67501d7d1185c.udd" 3381
"C:/Users/Neri/AppData/Local/UnrealEngine/Common/DerivedDataCache/Buckets/MaterialShaderMap/1d/91/46c519c6b461f4b8fc832328b0606283f98b.udd" 3382
"C:/Users/Neri/AppData/Local/UnrealEngine/Common/DerivedDataCache/Buckets/MaterialShaderMap/92/16/7c650dc9dd6e345e77cf037ebc3cae3f5515.udd" 3383
"C:/Users/Neri/AppData/Local/UnrealEngine/Common/DerivedDataCache/Buckets/MaterialShaderMap/06/cd/cf91f6cf41d1d9e6d7162c1ead8c219a4a63.udd" 3384
"C:/Users/Neri/AppData/Local/UnrealEngine/Common/DerivedDataCache/Buckets/MaterialShaderMap/d9/2a/98914ab4d28cb09ccc7bccdf3085de441eb0.udd" 3385
"C:/Users/Neri/AppData/Local/UnrealEngine/Common/DerivedDataCache/Buckets/MaterialShaderMap/52/ab/daa55612f9134d2396c453bd3a57fc723652.udd" 3386
"C:/Users/Neri/AppData/Local/UnrealEngine/Common/DerivedDataCache/Buckets/MaterialShaderMap/e2/8a/c4aad4c40fd20fc5ffd5ea7e31850c7d1466.udd" 3387
"C:/Users/Neri/AppData/Local/UnrealEngine/Common/DerivedDataCache/Buckets/MaterialShaderMap/18/fd/61f556de74432a67e87addbf857948c46591.udd" 3388
"C:/Users/Neri/AppData/Local/UnrealEngine/Common/DerivedDataCache/Buckets/MaterialShaderMap/51/48/d52d112bdd6938f079ce8432274aa421ceb9.udd" 3389
"C:/Users/Neri/AppData/Local/UnrealEngine/Common/DerivedDataCache/Buckets/MaterialShaderMap/aa/43/83276d7eb65bbdfe3c2d5a8207a11bb29565.udd" 3390
"C:/Users/Neri/AppData/Local/UnrealEngine/Common/DerivedDataCache/Buckets/MaterialShaderMap/cd/35/4122b0d8fb5bcbc26bf57f4c6c150505fa8e.udd" 3391
"C:/Users/Neri/AppData/Local/UnrealEngine/Common/DerivedDataCache/Buckets/MaterialShaderMap/6b/6b/c3fa18ec41c166eef2c31b05a87638ae1911.udd" 3392
"C:/Users/Neri/AppData/Local/UnrealEngine/Common/DerivedDataCache/Buckets/MaterialShaderMap/38/c5/7f913856b77903d01e3dfe5c594a71a78935.udd" 3393
"C:/Users/Neri/AppData/Local/UnrealEngine/Common/DerivedDataCache/Buckets/MaterialShaderMap/73/48/027e59e553380b52510801db11a52410305c.udd" 3394
"C:/Users/Neri/AppData/Local/UnrealEngine/Common/DerivedDataCache/Buckets/MaterialShaderMap/ad/cb/37af5ee7e667c574fd43bd218d87da257de6.udd" 3395
"C:/Users/Neri/AppData/Local/UnrealEngine/Common/DerivedDataCache/Buckets/MaterialShaderMap/7b/9e/ef30480c94a56381e6fd9eb627a4c833078e.udd" 3396
"C:/Users/Neri/AppData/Local/UnrealEngine/Common/DerivedDataCache/Buckets/MaterialShaderMap/be/80/2fccd762cd948d7895ef3ddbda87f63025fe.udd" 3397
"C:/Users/Neri/AppData/Local/UnrealEngine/Common/DerivedDataCache/Buckets/MaterialShaderMap/31/ea/f14381105d61a05007846b5d8bfd275f8e94.udd" 3398
"C:/Users/Neri/AppData/Local/UnrealEngine/Common/DerivedDataCache/Buckets/MaterialShaderMap/7b/3e/10746a168cf61e1d489ab5fefe51e5bafc63.udd" 3399
"C:/Users/Neri/AppData/Local/UnrealEngine/Common/DerivedDataCache/Buckets/MaterialShaderMap/27/02/8483d5ed19d0c8453fe007e6fcf7e5c914e9.udd" 3400
"C:/Users/Neri/AppData/Local/UnrealEngine/Common/DerivedDataCache/Buckets/MaterialShaderMap/4e/ab/a28a4498152aec93f5df47d5910fb30b7a6c.udd" 3401
"C:/Users/Neri/AppData/Local/UnrealEngine/Common/DerivedDataCache/Buckets/MaterialShaderMap/28/8f/e55207d763861e2cfec51e5ae845b9828652.udd" 3402
"C:/Users/Neri/AppData/Local/UnrealEngine/Common/DerivedDataCache/Buckets/MaterialShaderMap/b0/a0/c7760825b5e117ea02da334df54da6109250.udd" 3403
"C:/Users/Neri/AppData/Local/UnrealEngine/Common/DerivedDataCache/Buckets/MaterialShaderMap/8d/f9/71ae0685f2a5a4c8e1b5829a401f03947404.udd" 3404
"C:/Users/Neri/AppData/Local/UnrealEngine/Common/DerivedDataCache/Buckets/MaterialShaderMap/a6/9c/82bb2aa3b4406cb7533da8601512669cb5b1.udd" 3405
"C:/Users/Neri/AppData/Local/UnrealEngine/Common/DerivedDataCache/Buckets/MaterialShaderMap/a3/4f/982f9ee2fe16a84dcd9c6ccc50668f62ebcb.udd" 3406
"C:/Users/Neri/AppData/Local/UnrealEngine/Common/DerivedDataCache/Buckets/MaterialShaderMap/b4/82/dc09c7fd0978d3542872e1725f565f3dd040.udd" 3407
"../../../Engine/Plugins/Interchange/Runtime/Content/Utilities/T_Bayer64_Grayscale_64px.uasset" 3408
"../../../Engine/Plugins/Interchange/Runtime/Content/Utilities/New_LUT.uasset" 3409
"../../../Engine/Plugins/Interchange/Runtime/Content/Pipelines/DefaultGraphInspectorPipeline.uasset" 3410
"../../../Engine/Plugins/Interchange/Runtime/Content/Materials/UnlitMaterial.uasset" 3411
"../../../Engine/Plugins/Interchange/Runtime/Content/Materials/MapOrScalarFunction.uasset" 3412
"C:/Users/Neri/AppData/Local/UnrealEngine/Common/DerivedDataCache/Buckets/MaterialShaderMap/bb/ac/602c124be2e0848ef3fc8a7a121353931183.udd" 3413
"C:/Users/Neri/AppData/Local/UnrealEngine/Common/DerivedDataCache/Buckets/MaterialShaderMap/78/a6/c551f8f73c233668db6c0bc765af503c3068.udd" 3414
"../../../Engine/Plugins/Interchange/Runtime/Content/Materials/MapOrLinearColorFunction.uasset" 3415
"../../../Engine/Plugins/Interchange/Runtime/Content/Materials/MapOrColorFunction.uasset" 3416
"../../../Engine/Plugins/Interchange/Runtime/Content/gltf/Textures/T_White_srgb.uasset" 3417
"../../../Engine/Plugins/Interchange/Runtime/Content/gltf/Textures/T_White_Linear.uasset" 3418
"../../../Engine/Plugins/Interchange/Runtime/Content/gltf/Textures/T_Gray_Linear.uasset" 3419
"../../../Engine/Plugins/Interchange/Runtime/Content/gltf/Textures/T_Generic_N.uasset" 3420
"../../../Engine/Plugins/Interchange/Runtime/Content/gltf/Textures/T_Black_srgb.uasset" 3421
"../../../Engine/Plugins/Interchange/Runtime/Content/gltf/MaterialFunctions/MF_RotateV2.uasset" 3422
"../../../Engine/Plugins/Interchange/Runtime/Content/gltf/MaterialFunctions/MF_IOR.uasset" 3423
"../../../Engine/Plugins/Interchange/Runtime/Content/gltf/MaterialFunctions/MF_Fresnel_DS.uasset" 3424
"../../../Engine/Plugins/Interchange/Runtime/Content/Functions/MF_SchlickApprox.uasset" 3425
"C:/Users/Neri/AppData/Local/UnrealEngine/Common/DerivedDataCache/Buckets/BulkDataList/20/ce/1f0f99d80cfa39f8e8f6d29191b09201f888.udd" 3426
"../../../Engine/Plugins/Interchange/Runtime/Content/Functions/MF_OrenNayerView.uasset" 3427
"C:/Users/Neri/AppData/Local/UnrealEngine/Common/DerivedDataCache/Buckets/BulkDataList/9d/c5/72b88d49cf76b2edefdab1a0d9357df92f22.udd" 3428
"../../../Engine/Content/EngineMaterials/DefaultCalibrationGrayscale.uasset" 3429
"../../../Engine/Content/EngineMaterials/DefaultCalibrationColor.uasset" 3430
"../../../Engine/Content/MobileResources/HUD/VirtualJoystick_Background.uasset" 3431
"../../../Engine/Content/MobileResources/HUD/VirtualJoystick_Thumb.uasset" 3432
"C:/Users/Neri/AppData/Local/UnrealEngine/Common/DerivedDataCache/Buckets/BulkDataList/a2/c2/536eca907aff619318ea54314efa400b4ad9.udd" 3433
"C:/Users/Neri/AppData/Local/UnrealEngine/Common/DerivedDataCache/Buckets/BulkDataList/50/34/173f2e51651b318c5f8672cb3c278f621ae7.udd" 3434
"C:/Users/Neri/AppData/Local/UnrealEngine/Common/DerivedDataCache/Buckets/BulkDataList/0f/7c/e32ba2cc86f4398c4d454d097e9d1d694577.udd" 3435
"C:/Users/Neri/AppData/Local/UnrealEngine/Common/DerivedDataCache/Buckets/BulkDataList/5e/63/59c7d6177cc9910f1759c927f4a464b0a95a.udd" 3436
"C:/Users/Neri/AppData/Local/UnrealEngine/Common/DerivedDataCache/Buckets/BulkDataList/02/82/44249e80db8124a56f88f19bfc5e30c93f29.udd" 3437
"C:/Users/Neri/AppData/Local/UnrealEngine/Common/DerivedDataCache/Buckets/MaterialShaderMap/b6/be/90deb3d178d528af36cb1084b7ca2776186b.udd" 3438
"C:/Users/Neri/AppData/Local/UnrealEngine/Common/DerivedDataCache/Buckets/MaterialShaderMap/f6/1f/bacac41258ff6e05df90616e2c05b135e867.udd" 3439
"../../../Engine/Content/EngineSounds/Submixes/MasterEQEffectPreset.uasset" 3440
"../../../Engine/Content/EngineSounds/Submixes/MasterReverbEffectPreset.uasset" 3441
"../../../Engine/Content/EditorMaterials/PreviewShadowIndicator.uasset" 3442
"../../../Engine/Content/Maps/Entry_BuiltData.uasset" 3443
"../../../Engine/Content/EngineMaterials/DefaultNormal.uasset" 3444
"../../../Engine/Content/EditorLandscapeResources/WhiteSquareTexture.uasset" 3445
"../../../Engine/Content/EngineMaterials/FlatNormal.uasset" 3446
"../../../Engine/Content/Functions/Engine_MaterialFunctions02/Math/AddComponents.uasset" 3447
"../../../Engine/Content/Functions/Engine_MaterialFunctions02/Texturing/CustomRotator.uasset" 3448
"../../../Engine/Content/Functions/Engine_MaterialFunctions02/Texturing/ScreenAlignedPixelToPixelUVs.uasset" 3449
"../../../Engine/Content/Functions/Engine_MaterialFunctions01/Texturing/FlattenNormal.uasset" 3450
"../../../Engine/Content/Functions/Engine_MaterialFunctions01/Shading/FuzzyShading.uasset" 3451
"C:/Users/Neri/AppData/Local/UnrealEngine/Common/DerivedDataCache/Buckets/BulkDataList/c9/83/22cf9ff688de873e74c1b0e4041e5cebac14.udd" 3452
"../../../Engine/Content/Functions/Engine_MaterialFunctions03/Math/RemapValueRange.uasset" 3453
"C:/Users/Neri/AppData/Local/UnrealEngine/Common/DerivedDataCache/Buckets/BulkDataList/9b/fd/33e740d5b774c3ac55259ff10d1fa576354d.udd" 3454
"D:/LobinhoTheGame/UE5_LobinhoTheGame/Content/SFX/Music1.uasset" 3455
"C:/Users/Neri/AppData/Local/UnrealEngine/Common/DerivedDataCache/Buckets/BulkDataList/6a/07/dc2ac9a0d20dc3b68baa89b28c05c339fde1.udd" 3456
"D:/LobinhoTheGame/UE5_LobinhoTheGame/Content/SFX/Defeat.uasset" 3457
"C:/Users/Neri/AppData/Local/UnrealEngine/Common/DerivedDataCache/Buckets/BulkDataList/22/73/69ae308d123cb95c7120297aff8dcf84e7a9.udd" 3458
"D:/LobinhoTheGame/UE5_LobinhoTheGame/Content/SFX/Music2.uasset" 3459
"C:/Users/Neri/AppData/Local/UnrealEngine/Common/DerivedDataCache/Buckets/BulkDataList/ef/14/1801f653d34d4eebf18c7a19668ae10049c9.udd" 3460
"C:/Users/Neri/AppData/Local/UnrealEngine/Common/DerivedDataCache/Buckets/BulkDataList/d6/91/df3caa27c1ab0c15b00e3c11fac8983ef102.udd" 3461
"C:/Users/Neri/AppData/Local/UnrealEngine/Common/DerivedDataCache/Buckets/BulkDataList/e8/c6/ded61f4daa6f1cb8cafce6b8eef1e9c2659e.udd" 3462
"C:/Users/Neri/AppData/Local/UnrealEngine/Common/DerivedDataCache/Buckets/BulkDataList/9b/0d/3e69501880e8660bf1244a44e0d6736390b9.udd" 3463
"D:/LobinhoTheGame/UE5_LobinhoTheGame/Content/AnimalVarietyPack/Wolf/Meshes/SK_Wolf_Skeleton.uasset" 3464
"D:/LobinhoTheGame/UE5_LobinhoTheGame/Content/AnimalVarietyPack/Wolf/Meshes/SK_Wolf_PhysicsAsset.uasset" 3465
"../../../Engine/Content/EditorBlueprintResources/StandardMacros.uasset" 3466
"D:/LobinhoTheGame/UE5_LobinhoTheGame/Content/UI/Health/Deer_HealthBar.uasset" 3467
"D:/LobinhoTheGame/UE5_LobinhoTheGame/Content/SFX/Alert1.uasset" 3468
"D:/LobinhoTheGame/UE5_LobinhoTheGame/Content/SFX/Alert2.uasset" 3469
"D:/LobinhoTheGame/UE5_LobinhoTheGame/Content/AnimalVarietyPack/Wolf/Textures/T_Wolf_BaseColorAlpha.uasset" 3470
"D:/LobinhoTheGame/UE5_LobinhoTheGame/Content/AnimalVarietyPack/Wolf/Textures/T_Wolf_Nml.uasset" 3471
"D:/LobinhoTheGame/UE5_LobinhoTheGame/Content/AnimalVarietyPack/Wolf/Textures/T_Wolf_OcclusionRoughnessMetallic.uasset" 3472
"D:/LobinhoTheGame/UE5_LobinhoTheGame/Content/AnimalVarietyPack/Wolf/Textures/T_Wolf_Specular.uasset" 3473
"../../../Engine/Content/Functions/Engine_MaterialFunctions01/AlphaBlend/WorldAlignedBlend.uasset" 3474
"../../../Engine/Content/Functions/MaterialLayerFunctions/MatLayerBlend_Standard.uasset" 3475
"../../../Engine/Content/EngineMaterials/T_Default_Normal.uasset" 3476
"C:/Users/Neri/AppData/Local/UnrealEngine/Common/DerivedDataCache/Buckets/BulkDataList/07/e0/2310c0ae2a43c661aeb0b8fa8a112418641e.udd" 3477
"../../../Engine/Content/MaterialTemplates/LayerBlends/T_DefaultMaskTexture.uasset" 3478
"C:/Users/Neri/AppData/Local/UnrealEngine/Common/DerivedDataCache/Buckets/BulkDataList/1e/7b/35658e841af4afc674a99264bc47ce6deeb1.udd" 3479
"D:/LobinhoTheGame/UE5_LobinhoTheGame/Content/Light_Foliage/Textures/T_Bush_04_Normal.uasset" 3480
"C:/Users/Neri/AppData/Local/UnrealEngine/Common/DerivedDataCache/Buckets/BulkDataList/be/b1/db183b92392634a657f9eb4a335296e0d649.udd" 3481
"D:/LobinhoTheGame/UE5_LobinhoTheGame/Content/Light_Foliage/Textures/T_Bush_Branch_Mask.uasset" 3482
"C:/Users/Neri/AppData/Local/UnrealEngine/Common/DerivedDataCache/Buckets/BulkDataList/23/b8/4c6694f77212d001589b59b298afd4994c6d.udd" 3483
"C:/Users/Neri/AppData/Local/UnrealEngine/Common/DerivedDataCache/Buckets/BulkDataList/4e/a9/945896d1285b694927200c13de41f2c33443.udd" 3484
"C:/Users/Neri/AppData/Local/UnrealEngine/Common/DerivedDataCache/Buckets/BulkDataList/6b/43/370d335f344c00097d91662f4a1f93050d1b.udd" 3485
"C:/Users/Neri/AppData/Local/UnrealEngine/Common/DerivedDataCache/Buckets/BulkDataList/46/b0/e099f0490cd912fe3f02c0f864e631329336.udd" 3486
"D:/LobinhoTheGame/UE5_LobinhoTheGame/Content/Light_Foliage/Textures/T_Bush_01_Mask.uasset" 3487
"D:/LobinhoTheGame/UE5_LobinhoTheGame/Content/Light_Foliage/Textures/T_Bush_01_Normal.uasset" 3488
"D:/LobinhoTheGame/UE5_LobinhoTheGame/Content/Light_Foliage/Textures/T_Bush_02_Mask.uasset" 3489
"D:/LobinhoTheGame/UE5_LobinhoTheGame/Content/Light_Foliage/Textures/T_Bush_02_Normal.uasset" 3490
"D:/LobinhoTheGame/UE5_LobinhoTheGame/Content/Light_Foliage/Textures/T_Bush_03_Mask.uasset" 3491
"D:/LobinhoTheGame/UE5_LobinhoTheGame/Content/Light_Foliage/Textures/T_Bush_03_Normal.uasset" 3492
"D:/LobinhoTheGame/UE5_LobinhoTheGame/Content/Light_Foliage/Textures/T_Bush_04_Mask.uasset" 3493
"D:/LobinhoTheGame/UE5_LobinhoTheGame/Content/Light_Foliage/Textures/T_Flower_01_Mask.uasset" 3494
"C:/Users/Neri/AppData/Local/UnrealEngine/Common/DerivedDataCache/Buckets/BulkDataList/06/89/52849a9957a9c02e1fb3680d7c501438805d.udd" 3495
"D:/LobinhoTheGame/UE5_LobinhoTheGame/Content/Light_Foliage/Textures/T_Flower_01_Normal.uasset" 3496
"C:/Users/Neri/AppData/Local/UnrealEngine/Common/DerivedDataCache/Buckets/BulkDataList/63/58/95e89e18026419f165dee1212fec9230467f.udd" 3497
"D:/LobinhoTheGame/UE5_LobinhoTheGame/Content/Light_Foliage/Textures/T_Flower_01_Mask_02.uasset" 3498
"D:/LobinhoTheGame/UE5_LobinhoTheGame/Content/Light_Foliage/Textures/T_Flower_01_Normal_02.uasset" 3499
"D:/LobinhoTheGame/UE5_LobinhoTheGame/Content/Light_Foliage/Textures/T_Grass_01_Mask.uasset" 3500
"C:/Users/Neri/AppData/Local/UnrealEngine/Common/DerivedDataCache/Buckets/BulkDataList/72/91/cd1b64afe398dde2c35ff5ae5177ccc709a2.udd" 3501
"D:/LobinhoTheGame/UE5_LobinhoTheGame/Content/Light_Foliage/Textures/T_Grass_01_Normal.uasset" 3502
"C:/Users/Neri/AppData/Local/UnrealEngine/Common/DerivedDataCache/Buckets/BulkDataList/83/da/286e3d556ba87fe65049ffe392ddb005be9c.udd" 3503
"D:/LobinhoTheGame/UE5_LobinhoTheGame/Content/Light_Foliage/Textures/T_Grass_02_Mask.uasset" 3504
"C:/Users/Neri/AppData/Local/UnrealEngine/Common/DerivedDataCache/Buckets/BulkDataList/e3/84/b2efaf850c902d93e73d95f9d4f977cb7b53.udd" 3505
"D:/LobinhoTheGame/UE5_LobinhoTheGame/Content/Light_Foliage/Textures/T_Grass_02_Normal.uasset" 3506
"C:/Users/Neri/AppData/Local/UnrealEngine/Common/DerivedDataCache/Buckets/BulkDataList/2a/b8/112380e55fee145659de63055b6dcaf38c10.udd" 3507
"D:/LobinhoTheGame/UE5_LobinhoTheGame/Content/Light_Foliage/Textures/T_Grass_03_Mask.uasset" 3508
"C:/Users/Neri/AppData/Local/UnrealEngine/Common/DerivedDataCache/Buckets/BulkDataList/69/55/fe76eabb9a4b7b4b47ba868bf3b35d308086.udd" 3509
"C:/Users/Neri/AppData/Local/UnrealEngine/Common/DerivedDataCache/Buckets/BulkDataList/3c/ca/295c39e0e3abcdd1cad4654d33b6651362bb.udd" 3510
"C:/Users/Neri/AppData/Local/UnrealEngine/Common/DerivedDataCache/Buckets/BulkDataList/b6/3a/5383d214315ab43a3769cfd0e23a21ab1eb3.udd" 3511
"C:/Users/Neri/AppData/Local/UnrealEngine/Common/DerivedDataCache/Buckets/BulkDataList/30/8e/aaec111f52b0f7b5a8ec03f457afefe126a8.udd" 3512
"C:/Users/Neri/AppData/Local/UnrealEngine/Common/DerivedDataCache/Buckets/BulkDataList/52/d7/3dfc200e5b97cd4ca72d472b2833083782af.udd" 3513
"C:/Users/Neri/AppData/Local/UnrealEngine/Common/DerivedDataCache/Buckets/BulkDataList/70/83/8b0b031532b09e4680724ed98d8df2dfbee8.udd" 3514
"C:/Users/Neri/AppData/Local/UnrealEngine/Common/DerivedDataCache/Buckets/BulkDataList/3b/56/1c8325301f46a08b6ea2545beb8a06877940.udd" 3515
"C:/Users/Neri/AppData/Local/UnrealEngine/Common/DerivedDataCache/Buckets/BulkDataList/b9/a2/37093895b6512e27eb2e8595d11b455215ed.udd" 3516
"D:/LobinhoTheGame/UE5_LobinhoTheGame/Content/Light_Foliage/Textures/T_Grass_03_Normal.uasset" 3517
"D:/LobinhoTheGame/UE5_LobinhoTheGame/Content/Light_Foliage/Textures/T_Grass_04_Mask.uasset" 3518
"D:/LobinhoTheGame/UE5_LobinhoTheGame/Content/Light_Foliage/Textures/T_Grass_07_Mask.uasset" 3519
"D:/LobinhoTheGame/UE5_LobinhoTheGame/Content/Light_Foliage/Textures/T_Grass_07_Normal.uasset" 3520
"D:/LobinhoTheGame/UE5_LobinhoTheGame/Content/Light_Foliage/Textures/T_Grass_08_Mask.uasset" 3521
"D:/LobinhoTheGame/UE5_LobinhoTheGame/Content/Light_Foliage/Textures/T_Grass_08_Normal.uasset" 3522
"D:/LobinhoTheGame/UE5_LobinhoTheGame/Content/UI/Fonts/Roboto-Black.uasset" 3523
"C:/Users/Neri/AppData/Local/UnrealEngine/Common/DerivedDataCache/Buckets/BulkDataList/39/57/42a2a45dfc3756d57da7127deb4ce433f306.udd" 3524
"D:/LobinhoTheGame/UE5_LobinhoTheGame/Content/AnimalVarietyPack/DeerStagAndDoe/Meshes/SK_DeerStag_Skeleton.uasset" 3525
"D:/LobinhoTheGame/UE5_LobinhoTheGame/Content/AnimalVarietyPack/DeerStagAndDoe/Meshes/SK_DeerStag_PhysicsAsset.uasset" 3526
"C:/Users/Neri/AppData/Local/UnrealEngine/Common/DerivedDataCache/Buckets/BulkDataList/0c/ca/4d8ffc9af5dd257ecc0233f527f0d8dd8309.udd" 3527
"D:/LobinhoTheGame/UE5_LobinhoTheGame/Content/SFX/CartoonBite.uasset" 3528
"C:/Users/Neri/AppData/Local/UnrealEngine/Common/DerivedDataCache/Buckets/BulkDataList/70/8f/44de6257e66028a68077f4fd2a81f9579f44.udd" 3529
"D:/LobinhoTheGame/UE5_LobinhoTheGame/Content/SFX/Life-UP1.uasset" 3530
"C:/Users/Neri/AppData/Local/UnrealEngine/Common/DerivedDataCache/Buckets/BulkDataList/8a/3f/48f26e2b1ebde5e4fb7fde7db322a555517e.udd" 3531
"D:/LobinhoTheGame/UE5_LobinhoTheGame/Content/SFX/Life-UP2.uasset" 3532
"C:/Users/Neri/AppData/Local/UnrealEngine/Common/DerivedDataCache/Buckets/BulkDataList/a0/78/5872b9d9e12eea5e561f7a266a8447dcd9e2.udd" 3533
"D:/LobinhoTheGame/UE5_LobinhoTheGame/Content/UI/Icons/Lobinho-Icon.uasset" 3534
"D:/LobinhoTheGame/UE5_LobinhoTheGame/Content/SFX/Lose_Defeat.uasset" 3535
"C:/Users/Neri/AppData/Local/UnrealEngine/Common/DerivedDataCache/Buckets/BulkDataList/bd/c4/75d5790d19b30c2f26a0f74ff41797a2b54c.udd" 3536
"C:/Users/Neri/AppData/Local/UnrealEngine/Common/DerivedDataCache/Buckets/BulkDataList/1a/e5/f27b53f3c4012efda57b6f65ac92cbd142c3.udd" 3537
"D:/LobinhoTheGame/UE5_LobinhoTheGame/Content/Light_Foliage/Textures/T_Rock_01_Mask.uasset" 3538
"C:/Users/Neri/AppData/Local/UnrealEngine/Common/DerivedDataCache/Buckets/BulkDataList/80/6b/32560ce580fc4eb4cbe3127b7b5a4f971b7f.udd" 3539
"D:/LobinhoTheGame/UE5_LobinhoTheGame/Content/Light_Foliage/Textures/T_Rock_01_Normal.uasset" 3540
"C:/Users/Neri/AppData/Local/UnrealEngine/Common/DerivedDataCache/Buckets/BulkDataList/0c/62/59cef694cb4975b43e41f899bc3426120666.udd" 3541
"C:/Users/Neri/AppData/Local/UnrealEngine/Common/DerivedDataCache/Buckets/BulkDataList/91/02/4448b7b1bd794d9a2ee67e6b031451b0ff10.udd" 3542
"C:/Users/Neri/AppData/Local/UnrealEngine/Common/DerivedDataCache/Buckets/BulkDataList/26/b5/569cfe612be37a4a4ef26d7d20242789a244.udd" 3543
"C:/Users/Neri/AppData/Local/UnrealEngine/Common/DerivedDataCache/Buckets/BulkDataList/bb/7c/01b8665ce74c7ce8397ff850725ec15ebf35.udd" 3544
"C:/Users/Neri/AppData/Local/UnrealEngine/Common/DerivedDataCache/Buckets/BulkDataList/61/c6/e52bdcaae5e134d940ee67a93653c96d08be.udd" 3545
"C:/Users/Neri/AppData/Local/UnrealEngine/Common/DerivedDataCache/Buckets/BulkDataList/75/a5/3c76875a9b54c18b0d12422f1d7e59e46d82.udd" 3546
"D:/LobinhoTheGame/UE5_LobinhoTheGame/Content/Light_Foliage/Textures/T_Rock_02_Mask.uasset" 3547
"D:/LobinhoTheGame/UE5_LobinhoTheGame/Content/Light_Foliage/Textures/T_Rock_02_Normal.uasset" 3548
"D:/LobinhoTheGame/UE5_LobinhoTheGame/Content/Light_Foliage/Textures/T_Rock_03_Mask.uasset" 3549
"D:/LobinhoTheGame/UE5_LobinhoTheGame/Content/Light_Foliage/Textures/T_Rock_03_Normal.uasset" 3550
"D:/LobinhoTheGame/UE5_LobinhoTheGame/Content/Light_Foliage/Textures/T_Rock_04_Mask.uasset" 3551
"D:/LobinhoTheGame/UE5_LobinhoTheGame/Content/Light_Foliage/Textures/T_Rock_04_Normal.uasset" 3552
"D:/LobinhoTheGame/UE5_LobinhoTheGame/Content/Light_Foliage/Textures/T_Rock_05_Mask.uasset" 3553
"D:/LobinhoTheGame/UE5_LobinhoTheGame/Content/Light_Foliage/Textures/T_Rock_05_Normal.uasset" 3554
"D:/LobinhoTheGame/UE5_LobinhoTheGame/Content/Light_Foliage/Textures/T_Rock_06_Mask.uasset" 3555
"C:/Users/Neri/AppData/Local/UnrealEngine/Common/DerivedDataCache/Buckets/BulkDataList/2d/42/9f6cc1d420ad09ac419426c324088549b4c7.udd" 3556
"D:/LobinhoTheGame/UE5_LobinhoTheGame/Content/Light_Foliage/Textures/T_Rock_06_Normal.uasset" 3557
"C:/Users/Neri/AppData/Local/UnrealEngine/Common/DerivedDataCache/Buckets/BulkDataList/dc/67/353ff63e395d3617b3e015cd808d509cf5ab.udd" 3558
"D:/LobinhoTheGame/UE5_LobinhoTheGame/Content/Light_Foliage/Textures/T_Rock_07_Mask.uasset" 3559
"C:/Users/Neri/AppData/Local/UnrealEngine/Common/DerivedDataCache/Buckets/BulkDataList/4c/1f/fae4930942c835b51f8f36e0609420639d93.udd" 3560
"D:/LobinhoTheGame/UE5_LobinhoTheGame/Content/Light_Foliage/Textures/T_Rock_07_Normal.uasset" 3561
"C:/Users/Neri/AppData/Local/UnrealEngine/Common/DerivedDataCache/Buckets/BulkDataList/53/f8/b4a2b054806906e33a86e954aa95985009e2.udd" 3562
"D:/LobinhoTheGame/UE5_LobinhoTheGame/Content/Light_Foliage/Textures/T_Rock_08_Mask.uasset" 3563
"C:/Users/Neri/AppData/Local/UnrealEngine/Common/DerivedDataCache/Buckets/BulkDataList/85/c1/6c97859239b3406ef248c360ddd709d8f0b4.udd" 3564
"D:/LobinhoTheGame/UE5_LobinhoTheGame/Content/Light_Foliage/Textures/T_Rock_08_Normal.uasset" 3565
"C:/Users/Neri/AppData/Local/UnrealEngine/Common/DerivedDataCache/Buckets/BulkDataList/61/c2/a7b64f9a0dfb426bdbd0093896ecf3faec3f.udd" 3566
"D:/LobinhoTheGame/UE5_LobinhoTheGame/Content/Light_Foliage/Textures/T_Shrub_Mask.uasset" 3567
"C:/Users/Neri/AppData/Local/UnrealEngine/Common/DerivedDataCache/Buckets/BulkDataList/81/9e/ab6bb85a59860c93ee3629a1febbbd7ea356.udd" 3568
"D:/LobinhoTheGame/UE5_LobinhoTheGame/Content/Light_Foliage/Textures/T_Shrub_Normal.uasset" 3569
"C:/Users/Neri/AppData/Local/UnrealEngine/Common/DerivedDataCache/Buckets/BulkDataList/f7/93/32856a8b8305910c68935bcf8c42013a7fa1.udd" 3570
"C:/Users/Neri/AppData/Local/UnrealEngine/Common/DerivedDataCache/Buckets/BulkDataList/da/a7/ab6181a3f00b3bffd80a8b1c513e031ea400.udd" 3571
"C:/Users/Neri/AppData/Local/UnrealEngine/Common/DerivedDataCache/Buckets/BulkDataList/5d/dd/8082fdf4f17de94748278ed75445e09281f8.udd" 3572
"C:/Users/Neri/AppData/Local/UnrealEngine/Common/DerivedDataCache/Buckets/BulkDataList/42/89/e7bc28cca69055ef47f084eca4e894bb35a4.udd" 3573
"C:/Users/Neri/AppData/Local/UnrealEngine/Common/DerivedDataCache/Buckets/BulkDataList/9c/3a/0bc6a15aeb9376ccc90e3030027e493be113.udd" 3574
"C:/Users/Neri/AppData/Local/UnrealEngine/Common/DerivedDataCache/Buckets/BulkDataList/53/c5/bd89b2270bdeef23f2d20602bb7c6f6f2510.udd" 3575
"C:/Users/Neri/AppData/Local/UnrealEngine/Common/DerivedDataCache/Buckets/BulkDataList/e6/35/ae63fca94e0a64f80335f3c93f547c86e361.udd" 3576
"C:/Users/Neri/AppData/Local/UnrealEngine/Common/DerivedDataCache/Buckets/BulkDataList/44/25/404f1fc0ffea73ccd0131b83bdbd3ca625de.udd" 3577
"D:/LobinhoTheGame/UE5_LobinhoTheGame/Content/PN_interactiveSpruceForest/Textures/Imposter/full_01_imposter_N.uasset" 3578
"D:/LobinhoTheGame/UE5_LobinhoTheGame/Content/PN_interactiveSpruceForest/Textures/Imposter/full_01_imposter_A_unlit.uasset" 3579
"D:/LobinhoTheGame/UE5_LobinhoTheGame/Content/PN_interactiveSpruceForest/Textures/Imposter/full_01_imposter_O.uasset" 3580
"D:/LobinhoTheGame/UE5_LobinhoTheGame/Content/PN_interactiveSpruceForest/Textures/PivotPainterTextures/imposter/Imposter_PIV.uasset" 3581
"D:/LobinhoTheGame/UE5_LobinhoTheGame/Content/PN_interactiveSpruceForest/Textures/PivotPainterTextures/imposter/Imposter_VEC.uasset" 3582
"D:/LobinhoTheGame/UE5_LobinhoTheGame/Content/PN_interactiveSpruceForest/Textures/Imposter/half_03_imposter_A.uasset" 3583
"D:/LobinhoTheGame/UE5_LobinhoTheGame/Content/PN_interactiveSpruceForest/Textures/Imposter/half_03_imposter_N.uasset" 3584
"D:/LobinhoTheGame/UE5_LobinhoTheGame/Content/PN_interactiveSpruceForest/Textures/Imposter/half_03_imposter_O.uasset" 3585
"C:/Users/Neri/AppData/Local/UnrealEngine/Common/DerivedDataCache/Buckets/BulkDataList/6a/fa/1387754618889dd5de3e71c03b07ef0cd3b9.udd" 3586
"D:/LobinhoTheGame/UE5_LobinhoTheGame/Content/UI/Fonts/Roboto-BlackItalic.uasset" 3587
"C:/Users/Neri/AppData/Local/UnrealEngine/Common/DerivedDataCache/Buckets/BulkDataList/36/97/0218e5bb8c912b3b0d1e14dd50b526b3c9a8.udd" 3588
"../../../Engine/Content/Functions/Engine_MaterialFunctions01/Gradient/LinearGradient.uasset" 3589
"C:/Users/Neri/AppData/Local/UnrealEngine/Common/DerivedDataCache/Buckets/BulkDataList/30/a1/a69afef6bdc0c43c8678f68f709f5afe9265.udd" 3590
"D:/LobinhoTheGame/UE5_LobinhoTheGame/Content/LandscapeStamps/DemoRoom/Textures/T_Ground_Grass_D.uasset" 3591
"C:/Users/Neri/AppData/Local/UnrealEngine/Common/DerivedDataCache/Buckets/BulkDataList/44/01/e70b9963d1f8ac0271880b8db81a9c32e2c3.udd" 3592
"D:/LobinhoTheGame/UE5_LobinhoTheGame/Content/LandscapeStamps/DemoRoom/Textures/T_Ground_Grass_N.uasset" 3593
"C:/Users/Neri/AppData/Local/UnrealEngine/Common/DerivedDataCache/Buckets/BulkDataList/cb/cb/3a3fcb445defc078e4a45c0829fca90e81d6.udd" 3594
"D:/LobinhoTheGame/UE5_LobinhoTheGame/Content/LandscapeStamps/DemoRoom/Textures/T_MacroVariation.uasset" 3595
"C:/Users/Neri/AppData/Local/UnrealEngine/Common/DerivedDataCache/Buckets/BulkDataList/f3/3b/ed32ddd784922f01161ed548e57fb0cbc3a9.udd" 3596
"D:/LobinhoTheGame/UE5_LobinhoTheGame/Content/LandscapeStamps/DemoRoom/Textures/T_Perlin_Noise_M.uasset" 3597
"C:/Users/Neri/AppData/Local/UnrealEngine/Common/DerivedDataCache/Buckets/BulkDataList/3e/56/fd3d414ca27dc69f7fd9ee9700700d418ce6.udd" 3598
"D:/LobinhoTheGame/UE5_LobinhoTheGame/Content/Megascans/Surfaces/Grass_pcciV0/T_Grass_pcciV0_4K_D.uasset" 3599
"C:/Users/Neri/AppData/Local/UnrealEngine/Common/DerivedDataCache/Buckets/BulkDataList/46/fc/cf8a1e6df61350aca9b0cf51b3cd3377d25e.udd" 3600
"D:/LobinhoTheGame/UE5_LobinhoTheGame/Content/Megascans/Surfaces/Grass_pcciV0/T_Grass_pcciV0_4K_N.uasset" 3601
"C:/Users/Neri/AppData/Local/UnrealEngine/Common/DerivedDataCache/Buckets/BulkDataList/82/55/fde82f02546d93e2fd689535533baf056c77.udd" 3602
"C:/Users/Neri/AppData/Local/UnrealEngine/Common/DerivedDataCache/Buckets/BulkDataList/bf/59/80896bc74c567d227f940bb46846ebc0fae1.udd" 3603
"C:/Users/Neri/AppData/Local/UnrealEngine/Common/DerivedDataCache/Buckets/BulkDataList/87/cb/245692f34bca3dbca8723f426a01e12f7cef.udd" 3604
"C:/Users/Neri/AppData/Local/UnrealEngine/Common/DerivedDataCache/Buckets/BulkDataList/eb/04/56fa5ed2a97fdd270708ae4807955ef2ffbc.udd" 3605
"C:/Users/Neri/AppData/Local/UnrealEngine/Common/DerivedDataCache/Buckets/BulkDataList/97/3b/4a0d77f5e3f8515d881219b720c0c9a1d54b.udd" 3606
"C:/Users/Neri/AppData/Local/UnrealEngine/Common/DerivedDataCache/Buckets/BulkDataList/9c/5e/1036aefdd8f5032f5da7315ce50384991e60.udd" 3607
"C:/Users/Neri/AppData/Local/UnrealEngine/Common/DerivedDataCache/Buckets/BulkDataList/1f/43/5108608fcb4332057c175b476018517f8483.udd" 3608
"C:/Users/Neri/AppData/Local/UnrealEngine/Common/DerivedDataCache/Buckets/BulkDataList/2b/5a/f9dcf1fa93092b29f238449712c1e730b8b7.udd" 3609
"D:/LobinhoTheGame/UE5_LobinhoTheGame/Content/Megascans/Surfaces/Grass_pcciV0/T_Grass_pcciV0_4K_ORDp.uasset" 3610
"D:/LobinhoTheGame/UE5_LobinhoTheGame/Content/LandscapeStamps/DemoRoom/Textures/T_Rock_Sandstone_D.uasset" 3611
"D:/LobinhoTheGame/UE5_LobinhoTheGame/Content/LandscapeStamps/DemoRoom/Textures/T_Rock_Sandstone_N.uasset" 3612
"../../../Engine/Content/Functions/Engine_MaterialFunctions01/WorldPositionOffset/SimpleGrassWind.uasset" 3613
"D:/LobinhoTheGame/UE5_LobinhoTheGame/Content/AnimalVarietyPack/DeerStagAndDoe/Textures/T_Stag_BaseColor.uasset" 3614
"D:/LobinhoTheGame/UE5_LobinhoTheGame/Content/AnimalVarietyPack/DeerStagAndDoe/Textures/T_Stag_Nml.uasset" 3615
"D:/LobinhoTheGame/UE5_LobinhoTheGame/Content/AnimalVarietyPack/DeerStagAndDoe/Textures/T_Stag_OcclusionRoughnessMetllic.uasset" 3616
"D:/LobinhoTheGame/UE5_LobinhoTheGame/Content/AnimalVarietyPack/DeerStagAndDoe/Textures/T_Stag_Specular.uasset" 3617
"../../../Engine/Content/Functions/Engine_MaterialFunctions02/ExampleContent/Textures/WindTurblenceVectorAndGustMagnitude.uasset" 3618
"D:/LobinhoTheGame/UE5_LobinhoTheGame/Content/PN_interactiveSpruceForest/Textures/PivotPainterTextures/full/low/spruce_full_01_low_PIV.uasset" 3619
"C:/Users/Neri/AppData/Local/UnrealEngine/Common/DerivedDataCache/Buckets/BulkDataList/d0/12/3d1b698b73f0bb8913d57e3bddc867d99cfe.udd" 3620
"D:/LobinhoTheGame/UE5_LobinhoTheGame/Content/PN_interactiveSpruceForest/Textures/PivotPainterTextures/full/low/spruce_full_01_low_VEC.uasset" 3621
"C:/Users/Neri/AppData/Local/UnrealEngine/Common/DerivedDataCache/Buckets/BulkDataList/c6/c1/b20ef96d5321f807a30024db2cdb92fe3194.udd" 3622
"../../../Engine/Content/Functions/Engine_MaterialFunctions01/SpeedTree/SpeedTreeColorVariation.uasset" 3623
"C:/Users/Neri/AppData/Local/UnrealEngine/Common/DerivedDataCache/Buckets/BulkDataList/65/5b/5d057cf34115fd826434e1ec0ebd7daa40df.udd" 3624
"../../../Engine/Content/Functions/Engine_MaterialFunctions02/SmoothThreshold.uasset" 3625
"C:/Users/Neri/AppData/Local/UnrealEngine/Common/DerivedDataCache/Buckets/BulkDataList/4e/3e/6416c25a09681091feb0582210d77a18ee04.udd" 3626
"../../../Engine/Content/MapTemplates/TilingNoise05.uasset" 3627
"C:/Users/Neri/AppData/Local/UnrealEngine/Common/DerivedDataCache/Buckets/BulkDataList/f3/db/cc50c8350c09bb2247c0046300e3eb96b2f6.udd" 3628
"D:/LobinhoTheGame/UE5_LobinhoTheGame/Content/PN_interactiveSpruceForest/Textures/MasterTextures/CoverTextures/Snow_A.uasset" 3629
"C:/Users/Neri/AppData/Local/UnrealEngine/Common/DerivedDataCache/Buckets/BulkDataList/15/8e/685876f5fd497626c24cee88abf1928acfda.udd" 3630
"D:/LobinhoTheGame/UE5_LobinhoTheGame/Content/PN_interactiveSpruceForest/Textures/PivotPainterTextures/half/low/spruce_half_03_low_PIV.uasset" 3631
"C:/Users/Neri/AppData/Local/UnrealEngine/Common/DerivedDataCache/Buckets/BulkDataList/8e/b9/763ddd09f0ebf3b84086c67f07f2af303dae.udd" 3632
"C:/Users/Neri/AppData/Local/UnrealEngine/Common/DerivedDataCache/Buckets/BulkDataList/90/ed/bc7cf92cfe570c83ea11972af09229807ce2.udd" 3633
"C:/Users/Neri/AppData/Local/UnrealEngine/Common/DerivedDataCache/Buckets/BulkDataList/6b/cb/fcdd1178a6e82061e69372fbd8a44f91d6f3.udd" 3634
"C:/Users/Neri/AppData/Local/UnrealEngine/Common/DerivedDataCache/Buckets/BulkDataList/f2/a8/b0ff1aea2febb56f273c3ea196baa5e26e68.udd" 3635
"C:/Users/Neri/AppData/Local/UnrealEngine/Common/DerivedDataCache/Buckets/BulkDataList/24/e3/f72dd7ad7d7cb2f9e250b98b92a1760834bf.udd" 3636
"C:/Users/Neri/AppData/Local/UnrealEngine/Common/DerivedDataCache/Buckets/BulkDataList/7c/67/d19e70fe3a4dd848b64fc58c09f403467a4a.udd" 3637
"C:/Users/Neri/AppData/Local/UnrealEngine/Common/DerivedDataCache/Buckets/BulkDataList/a9/9e/46d85013de2f45f6a8cea0eddfdab1e2aa2b.udd" 3638
"D:/LobinhoTheGame/UE5_LobinhoTheGame/Content/PN_interactiveSpruceForest/Textures/PivotPainterTextures/half/low/spruce_half_03_low_VEC.uasset" 3639
"../../../Engine/Content/Functions/Engine_MaterialFunctions01/Density/ExponentialDensity.uasset" 3640
"D:/LobinhoTheGame/UE5_LobinhoTheGame/Content/SFX/SimpleAttenuation.uasset" 3641
"D:/LobinhoTheGame/UE5_LobinhoTheGame/Content/SFX/Wolf-Snarl1.uasset" 3642
"D:/LobinhoTheGame/UE5_LobinhoTheGame/Content/SFX/Wolf-Snarl2.uasset" 3643
"D:/LobinhoTheGame/UE5_LobinhoTheGame/Content/SFX/Wolf-Snarl3.uasset" 3644
"../../../Engine/Content/Functions/Engine_MaterialFunctions01/Shading/FuzzyShadingGrass.uasset" 3645
"D:/LobinhoTheGame/UE5_LobinhoTheGame/Content/PN_interactiveSpruceForest/Textures/MasterTextures/CoverTextures/Moss_A.uasset" 3646
"C:/Users/Neri/AppData/Local/UnrealEngine/Common/DerivedDataCache/Buckets/BulkDataList/9b/63/c29285d162cf2dc330deb6f49114df3066c0.udd" 3647
"D:/LobinhoTheGame/UE5_LobinhoTheGame/Content/PN_interactiveSpruceForest/Textures/MasterTextures/CoverTextures/Moss_AOSH.uasset" 3648
"C:/Users/Neri/AppData/Local/UnrealEngine/Common/DerivedDataCache/Buckets/BulkDataList/a2/74/840f1d103385e34c50fa326b45ee382ab288.udd" 3649
"D:/LobinhoTheGame/UE5_LobinhoTheGame/Content/PN_interactiveSpruceForest/Textures/MasterTextures/CoverTextures/Moss_N.uasset" 3650
"C:/Users/Neri/AppData/Local/UnrealEngine/Common/DerivedDataCache/Buckets/BulkDataList/ae/b1/b86a69ac75239166c3bc51fb3704d3d864b3.udd" 3651
"D:/LobinhoTheGame/UE5_LobinhoTheGame/Content/PN_interactiveSpruceForest/Textures/MasterTextures/ModelTextures/Bark_A_.uasset" 3652
"D:/LobinhoTheGame/UE5_LobinhoTheGame/Content/PN_interactiveSpruceForest/Textures/MasterTextures/ModelTextures/Bark_AOSH.uasset" 3653
"D:/LobinhoTheGame/UE5_LobinhoTheGame/Content/PN_interactiveSpruceForest/Textures/MasterTextures/ModelTextures/Bark_N.uasset" 3654
"C:/Users/Neri/AppData/Local/UnrealEngine/Common/DerivedDataCache/Buckets/BulkDataList/c1/63/12322d27309e480584f752cd9ed3867be44e.udd" 3655
"D:/LobinhoTheGame/UE5_LobinhoTheGame/Content/PN_interactiveSpruceForest/Textures/MasterTextures/ModelTextures/Branch_A.uasset" 3656
"C:/Users/Neri/AppData/Local/UnrealEngine/Common/DerivedDataCache/Buckets/BulkDataList/1e/3a/8ef6b95ea59e67fcc025969d90a506ee13a2.udd" 3657
"D:/LobinhoTheGame/UE5_LobinhoTheGame/Content/PN_interactiveSpruceForest/Textures/MasterTextures/ModelTextures/Branch_AOSH.uasset" 3658
"C:/Users/Neri/AppData/Local/UnrealEngine/Common/DerivedDataCache/Buckets/BulkDataList/d5/76/e51140f0a01df64456a8e63b2514ec22cd60.udd" 3659
"D:/LobinhoTheGame/UE5_LobinhoTheGame/Content/PN_interactiveSpruceForest/Textures/MasterTextures/ModelTextures/Branch_N.uasset" 3660
"C:/Users/Neri/AppData/Local/UnrealEngine/Common/DerivedDataCache/Buckets/BulkDataList/b3/f1/b2ed28c58a8133e97ceef8869c93916541bc.udd" 3661
"C:/Users/Neri/AppData/Local/UnrealEngine/Common/DerivedDataCache/Buckets/BulkDataList/cc/ff/c4081c2293cb4ef28c577e8650bc53516b6e.udd" 3662
"C:/Users/Neri/AppData/Local/UnrealEngine/Common/DerivedDataCache/Buckets/BulkDataList/82/0f/41074877a5330ed2d623765731af85c9219f.udd" 3663
"C:/Users/Neri/AppData/Local/UnrealEngine/Common/DerivedDataCache/Buckets/BulkDataList/32/19/af9cc73a73c12d275b9fe82992e78e7e3862.udd" 3664
"C:/Users/Neri/AppData/Local/UnrealEngine/Common/DerivedDataCache/Buckets/BulkDataList/86/4a/ce3904dd89570b269da45792c6bf5b3d56e2.udd" 3665
"D:/LobinhoTheGame/UE5_LobinhoTheGame/Content/PN_interactiveSpruceForest/Textures/MasterTextures/ModelTextures/Leaf_A_02.uasset" 3666
"D:/LobinhoTheGame/UE5_LobinhoTheGame/Content/PN_interactiveSpruceForest/Textures/MasterTextures/ModelTextures/Leaf_AOSM.uasset" 3667
"D:/LobinhoTheGame/UE5_LobinhoTheGame/Content/PN_interactiveSpruceForest/Textures/MasterTextures/ModelTextures/Leaf_N.uasset" 3668
"D:/LobinhoTheGame/UE5_LobinhoTheGame/Content/PN_interactiveSpruceForest/Textures/MasterTextures/ModelTextures/Leaf_O.uasset" 3669
"../../../Engine/Content/Functions/Engine_MaterialFunctions02/Utility/VectorToRadialValue.uasset" 3670
"../../../Engine/Content/Functions/Engine_MaterialFunctions02/Math/Pi.uasset" 3671
"../../../Engine/Content/Functions/Engine_MaterialFunctions02/ExampleContent/PivotPainter2/PP2_rgb_XVect_a_XExtent.uasset" 3672
"../../../Engine/Content/Functions/Engine_MaterialFunctions02/ExampleContent/PivotPainter2/SimpExPivPos.uasset" 3673
"C:/Users/Neri/AppData/Local/UnrealEngine/Common/DerivedDataCache/Buckets/BulkDataList/9f/62/529562f65769b8ebcf322961fd0f165558ea.udd" 3674
"../../../Engine/Content/Functions/Engine_MaterialFunctions02/ExampleContent/PivotPainter2/test2_rgb_PivotPos_a_ParentIndexInt_UV_2.uasset" 3675
"C:/Users/Neri/AppData/Local/UnrealEngine/Common/DerivedDataCache/Buckets/BulkDataList/34/20/c7e3d72bd630a0f3ba784d75ff3173144c41.udd" 3676
"../../../Engine/Content/Functions/Engine_MaterialFunctions02/ms_PivotPainter2_UnpackIntegerAsFloat.uasset" 3677
"C:/Users/Neri/AppData/Local/UnrealEngine/Common/DerivedDataCache/Buckets/BulkDataList/b3/dd/5b0f8c02642a002bb81fdbf4c45cd19f8911.udd" 3678
"D:/LobinhoTheGame/UE5_LobinhoTheGame/Content/PN_interactiveSpruceForest/Materials/MaterialFunctions/PN_BendingParameters.uasset" 3679
"C:/Users/Neri/AppData/Local/UnrealEngine/Common/DerivedDataCache/Buckets/BulkDataList/41/ee/7e0d46bc0979d2e3a2f0438e76424855eec9.udd" 3680
"D:/LobinhoTheGame/UE5_LobinhoTheGame/Content/PN_interactiveSpruceForest/Materials/PN_WindParameters.uasset" 3681
"C:/Users/Neri/AppData/Local/UnrealEngine/Common/DerivedDataCache/Buckets/BulkDataList/62/3e/bea59a839006611e3955b824ba9fd0fbbcea.udd" 3682
"../../../Engine/Content/Functions/Engine_MaterialFunctions02/ExampleContent/Textures/flipbook.uasset" 3683
"../../../Engine/Content/Functions/Engine_MaterialFunctions02/Math/TimeWithSpeedVariable.uasset" 3684
"C:/Users/Neri/AppData/Local/UnrealEngine/Common/DerivedDataCache/Buckets/BulkDataList/13/1c/4b0d7e1f4594592815e80d93d7904b295d1a.udd" 3685
"C:/Users/Neri/AppData/Local/UnrealEngine/Common/DerivedDataCache/Buckets/BulkDataList/02/a7/8d1f30b1ff4f7b8affa449e43a47bad431ca.udd" 3686
"../../../Engine/Content/Functions/Engine_MaterialFunctions02/WorldPositionOffset/ObjectPivotPoint.uasset" 3687
"C:/Users/Neri/AppData/Local/UnrealEngine/Common/DerivedDataCache/Buckets/BulkDataList/7b/ed/8287b82ba9f5513a2e42d20ad140ff635c8f.udd" 3688
"../../../Engine/Content/Functions/Engine_MaterialFunctions02/PivotPainter2/ms_PivotPainter2_Decode8BitAlphaAxisExtent.uasset" 3689
"C:/Users/Neri/AppData/Local/UnrealEngine/Common/DerivedDataCache/Buckets/BulkDataList/67/3f/0ff990a2dedea06c6b17c57f52b3c7d4ace7.udd" 3690
"C:/Users/Neri/AppData/Local/UnrealEngine/Common/DerivedDataCache/Buckets/BulkDataList/f1/be/e1fa18511a81b2d72d0ede4ce2abec623700.udd" 3691
"C:/Users/Neri/AppData/Local/UnrealEngine/Common/DerivedDataCache/Buckets/BulkDataList/f9/f2/cb501de423d60f08afa76b6ae9acffd64182.udd" 3692
"C:/Users/Neri/AppData/Local/UnrealEngine/Common/DerivedDataCache/Buckets/BulkDataList/d1/cb/5ead7c5e7582691bd3fbbfa77622a2674a25.udd" 3693
"C:/Users/Neri/AppData/Local/UnrealEngine/Common/DerivedDataCache/Buckets/BulkDataList/50/62/dd811c10f4d34734e554f0221ae128a11bec.udd" 3694
"C:/Users/Neri/AppData/Local/UnrealEngine/Common/DerivedDataCache/Buckets/BulkDataList/93/df/a557dc91919dfea258ea531cc9d91aab73fc.udd" 3695
"../../../Engine/Content/Functions/Engine_MaterialFunctions02/PivotPainter2/ms_PivotPainter2_DecodeAxisVector.uasset" 3696
"../../../Engine/Content/Functions/Engine_MaterialFunctions02/PivotPainter2/ms_PivotPainter2_DecodePostion.uasset" 3697
"D:/LobinhoTheGame/UE5_LobinhoTheGame/Content/SFX/Footsteps_Grass1.uasset" 3698
"D:/LobinhoTheGame/UE5_LobinhoTheGame/Content/SFX/Footsteps_Grass2.uasset" 3699
"D:/LobinhoTheGame/UE5_LobinhoTheGame/Content/SFX/Footsteps_Grass3.uasset" 3700
"../../../Engine/Content/Functions/Engine_MaterialFunctions01/Texturing/ComputeMipLevel.uasset" 3701
"../../../Engine/Content/Functions/Engine_MaterialFunctions02/ExampleContent/DebugNumberStrip.uasset" 3702
"../../../Engine/Content/Functions/Engine_MaterialFunctions02/ExampleContent/Textures/DebugNumberPeriod.uasset" 3703
"C:/Users/Neri/AppData/Local/UnrealEngine/Common/DerivedDataCache/Buckets/BulkDataList/96/29/4b91b0d59e386563f09978df13fe9e57643a.udd" 3704
"../../../Engine/Content/Functions/Engine_MaterialFunctions02/WorldPositionOffset/V2/ObjectScale.uasset" 3705
"../../../Engine/Content/Functions/Engine_MaterialFunctions02/Math/CreateThirdOrthogonalVector.uasset" 3706
"C:/Users/Neri/AppData/Local/UnrealEngine/Common/DerivedDataCache/Buckets/BulkDataList/c3/07/ed2b31c69bdeb80bed16b367b499fa3bfe80.udd" 3707
"C:/Users/Neri/AppData/Local/UnrealEngine/Common/DerivedDataCache/Buckets/BulkDataList/2f/25/54604e9b1440656deff9a037e39d3b68b956.udd" 3708
"C:/Users/Neri/AppData/Local/UnrealEngine/Common/DerivedDataCache/Buckets/BulkDataList/b7/db/237b0615045a55acfa78596b640be5935a7a.udd" 3709
"C:/Users/Neri/AppData/Local/UnrealEngine/Common/DerivedDataCache/Buckets/BulkDataList/1b/41/82e7218b71cb1c94d74838ef3f3076d50f4d.udd" 3710
"C:/Users/Neri/AppData/Local/UnrealEngine/Common/DerivedDataCache/Buckets/BulkDataList/94/04/d3a1173f1f2a9c4a46dc1ba054284f6164c1.udd" 3711
"C:/Users/Neri/AppData/Local/UnrealEngine/Common/DerivedDataCache/Buckets/BulkDataList/e4/60/3d8acc1796f7ab7c236474e48fae9618aac8.udd" 3712
"../../../Engine/Content/Functions/Engine_MaterialFunctions02/Math/Transform3x3Matrix.uasset" 3713
"../../../Engine/Content/Functions/Engine_MaterialFunctions02/PivotPainter2/ms_PivotPainter2_CalculateMeshElementIndex.uasset" 3714
"C:/Users/Neri/AppData/Local/UnrealEngine/Common/DerivedDataCache/Buckets/MaterialShaderMap/32/e5/b4994197a62bdd91a55c155418a117597570.udd" 3715
"C:/Users/Neri/AppData/Local/UnrealEngine/Common/DerivedDataCache/Buckets/MaterialShaderMap/2d/34/b8b9dfbba32d97cc450d7167e29f1883ffb8.udd" 3716
"C:/Users/Neri/AppData/Local/UnrealEngine/Common/DerivedDataCache/Buckets/MaterialShaderMap/92/8b/d0021b9f34140520e9a4cec2a015b8c9549f.udd" 3717
"C:/Users/Neri/AppData/Local/UnrealEngine/Common/DerivedDataCache/Buckets/MaterialShaderMap/bb/4a/4437999ad5b57060312fd464a05476ecd616.udd" 3718
"C:/Users/Neri/AppData/Local/UnrealEngine/Common/DerivedDataCache/Buckets/MaterialShaderMap/a0/10/6f71b98b85c053251b9bbedff641a8669f0a.udd" 3719
"C:/Users/Neri/AppData/Local/UnrealEngine/Common/DerivedDataCache/Buckets/MaterialShaderMap/25/3b/7e4c40f7c875e55b011d5050f5be8c29ad04.udd" 3720
"C:/Users/Neri/AppData/Local/UnrealEngine/Common/DerivedDataCache/Buckets/MaterialShaderMap/e9/b2/85a32c8cd7dd05b888a29968b0fdc0d1e6d5.udd" 3721
"C:/Users/Neri/AppData/Local/UnrealEngine/Common/DerivedDataCache/Buckets/MaterialShaderMap/6d/0d/925081f3b9d235f8c6afb5803a62529cf766.udd" 3722
"C:/Users/Neri/AppData/Local/UnrealEngine/Common/DerivedDataCache/Buckets/MaterialShaderMap/a7/e2/8a518d2a2e95d282b2d1f437c2a15fa62131.udd" 3723
"C:/Users/Neri/AppData/Local/UnrealEngine/Common/DerivedDataCache/Buckets/MaterialShaderMap/28/02/6cabc2aed9ce3c7905757377a761bbabc184.udd" 3724
"C:/Users/Neri/AppData/Local/UnrealEngine/Common/DerivedDataCache/Buckets/MaterialShaderMap/87/ad/da820dc717c872d58e9cd06cfea21bb79e91.udd" 3725
"C:/Users/Neri/AppData/Local/UnrealEngine/Common/DerivedDataCache/Buckets/MaterialShaderMap/d5/51/168c582f9d89deb178ebdd3aefe5a864c48a.udd" 3726
"C:/Users/Neri/AppData/Local/UnrealEngine/Common/DerivedDataCache/Buckets/MaterialShaderMap/5e/cd/546fe61526b315637de5654c15836949ee2c.udd" 3727
"C:/Users/Neri/AppData/Local/UnrealEngine/Common/DerivedDataCache/Buckets/MaterialShaderMap/9e/21/4d0c88d326b2981747ac75e7b66dfd27b78b.udd" 3728
"C:/Users/Neri/AppData/Local/UnrealEngine/Common/DerivedDataCache/Buckets/MaterialShaderMap/e5/c9/33e7b55ccbc5aece81ecfa4759364560593d.udd" 3729
"C:/Users/Neri/AppData/Local/UnrealEngine/Common/DerivedDataCache/Buckets/MaterialShaderMap/d3/98/400636b05148628f516762a68631c145b63e.udd" 3730
"C:/Users/Neri/AppData/Local/UnrealEngine/Common/DerivedDataCache/Buckets/MaterialShaderMap/71/f3/85e86fd20fff27749d165489df7dfb1ecad6.udd" 3731
"../../../Engine/Content/Functions/Engine_MaterialFunctions02/PivotPainter2/2dArrayLookupByIndex.uasset" 3732
"../../../Engine/Content/Functions/Engine_MaterialFunctions01/Texturing/TextureCropping.uasset" 3733
"../../../Engine/Plugins/Interchange/Runtime/Content/gltf/MaterialFunctions/MF_TransformUVs.uasset" 3734
"../../../Engine/Content/EngineMaterials/PPM_DefaultCalibrationGrayscale.uasset" 3735
"../../../Engine/Content/EngineMaterials/PPM_DefaultCalibrationColor.uasset" 3736
"../../../Engine/Content/MobileResources/HUD/DefaultVirtualJoysticks.uasset" 3737
"../../../Engine/Content/EditorMaterials/PreviewShadowIndicatorMaterial.uasset" 3738
"../../../Engine/Plugins/Interchange/Runtime/Content/Materials/PhongSurfaceMaterial.uasset" 3739
"../../../Engine/Plugins/Interchange/Runtime/Content/Materials/CommonMaterial.uasset" 3740
"../../../Engine/Plugins/Interchange/Runtime/Content/gltf/MaterialFunctions/MF_PerceivedBrightness.uasset" 3741
"../../../Engine/Plugins/Interchange/Runtime/Content/gltf/MaterialFunctions/MF_Temporal_Blur.uasset" 3742
"C:/Users/Neri/AppData/Local/UnrealEngine/Common/DerivedDataCache/Buckets/MaterialShaderMap/c0/4a/9a03d922ecc12e9de39867626552c41ad991.udd" 3743
"C:/Users/Neri/AppData/Local/UnrealEngine/Common/DerivedDataCache/Buckets/MaterialShaderMap/df/bd/5b17f2c17c61706ce2dd5f48c13e06f63220.udd" 3744
"C:/Users/Neri/AppData/Local/UnrealEngine/Common/DerivedDataCache/Buckets/MaterialShaderMap/31/94/04d0ccf346795330306f2a33864fecefbc67.udd" 3745
"C:/Users/Neri/AppData/Local/UnrealEngine/Common/DerivedDataCache/Buckets/MaterialShaderMap/44/ff/0f21537127039e408b651cea0b67974a2664.udd" 3746
"C:/Users/Neri/AppData/Local/UnrealEngine/Common/DerivedDataCache/Buckets/MaterialShaderMap/2c/25/763490a69d404728af89c00c1d051cea9352.udd" 3747
"C:/Users/Neri/AppData/Local/UnrealEngine/Common/DerivedDataCache/Buckets/MaterialShaderMap/74/af/354b0562a2fa0b86a77eb6781469b5e70b0b.udd" 3748
"C:/Users/Neri/AppData/Local/UnrealEngine/Common/DerivedDataCache/Buckets/MaterialShaderMap/69/92/85a59005135b0aef46c3fe16e8dd6f247c2e.udd" 3749
"C:/Users/Neri/AppData/Local/UnrealEngine/Common/DerivedDataCache/Buckets/MaterialShaderMap/be/f1/bbfc86c4c4dbbec2ca32de841a8bd08e7286.udd" 3750
"C:/Users/Neri/AppData/Local/UnrealEngine/Common/DerivedDataCache/Buckets/MaterialShaderMap/0a/3c/f6a536d28bbefc0be4ae6cbc5a54b2f30308.udd" 3751
"C:/Users/Neri/AppData/Local/UnrealEngine/Common/DerivedDataCache/Buckets/MaterialShaderMap/f1/78/5c0294f5fcc968c85648682103fbb35739b9.udd" 3752
"C:/Users/Neri/AppData/Local/UnrealEngine/Common/DerivedDataCache/Buckets/MaterialShaderMap/ca/13/2a4634969928dece745806114e106938fa90.udd" 3753
"C:/Users/Neri/AppData/Local/UnrealEngine/Common/DerivedDataCache/Buckets/MaterialShaderMap/8e/30/b74cc89323445248ecaba8471ae7d7ddbc3a.udd" 3754
"C:/Users/Neri/AppData/Local/UnrealEngine/Common/DerivedDataCache/Buckets/MaterialShaderMap/0d/34/83e741de5dab27b2c1351030598b9711901b.udd" 3755
"C:/Users/Neri/AppData/Local/UnrealEngine/Common/DerivedDataCache/Buckets/MaterialShaderMap/ca/a6/181a0b3d6c68cdf836867f48e311db76b7d7.udd" 3756
"C:/Users/Neri/AppData/Local/UnrealEngine/Common/DerivedDataCache/Buckets/MaterialShaderMap/53/10/0049982815e794907d833a27febc7d3ed78d.udd" 3757
"C:/Users/Neri/AppData/Local/UnrealEngine/Common/DerivedDataCache/Buckets/MaterialShaderMap/cc/24/3460e13257bc8141b7b0b21157f6780c476e.udd" 3758
"C:/Users/Neri/AppData/Local/UnrealEngine/Common/DerivedDataCache/Content/e4/11/cdf3e91e18e5fe6dc3497fdb5ee12ed9ede5.udd" 3759
"C:/Users/Neri/AppData/Local/UnrealEngine/Common/DerivedDataCache/Buckets/MaterialShaderMap/47/b5/bb79a66ea64d243f129ca40f927fed588c7c.udd" 3760
"C:/Users/Neri/AppData/Local/UnrealEngine/Common/DerivedDataCache/Buckets/MaterialShaderMap/4b/5f/ba8e08286ad34f07450fdfdc02c25737d30c.udd" 3761
"C:/Users/Neri/AppData/Local/UnrealEngine/Common/DerivedDataCache/Buckets/MaterialShaderMap/37/b5/f8b116568eb41ed8e88b1c5bb26d767a4c2e.udd" 3762
"../../../Engine/Content/Functions/Engine_MaterialFunctions02/Utility/DitherTemporalAA.uasset" 3763
"../../../Engine/Plugins/Interchange/Runtime/Content/Functions/MF_Iridescence.uasset" 3764
"D:/LobinhoTheGame/UE5_LobinhoTheGame/Content/AnimalVarietyPack/Wolf/Animations/ANIM_Wolf_Rest.uasset" 3765
"D:/LobinhoTheGame/UE5_LobinhoTheGame/Content/AnimalVarietyPack/Wolf/Animations/ANIM_Wolf_Bite.uasset" 3766
"D:/LobinhoTheGame/UE5_LobinhoTheGame/Content/AnimalVarietyPack/Wolf/Animations/ANIM_Wolf_Death.uasset" 3767
"D:/LobinhoTheGame/UE5_LobinhoTheGame/Content/AnimalVarietyPack/Wolf/Animations/ANIM_Wolf_RunBite_RM.uasset" 3768
"D:/LobinhoTheGame/UE5_LobinhoTheGame/Content/AnimalVarietyPack/Wolf/Animations/ANIM_Wolf_Death_Loop.uasset" 3769
"D:/LobinhoTheGame/UE5_LobinhoTheGame/Content/AnimalVarietyPack/Wolf/Animations/ANIM_Wolf_IdleBreathe.uasset" 3770
"D:/LobinhoTheGame/UE5_LobinhoTheGame/Content/SFX/Alert_Cue.uasset" 3771
"D:/LobinhoTheGame/UE5_LobinhoTheGame/Content/AnimalVarietyPack/Wolf/Materials/M_Wolf.uasset" 3772
"D:/LobinhoTheGame/UE5_LobinhoTheGame/Content/AnimalVarietyPack/Wolf/Materials/M_WolfFur.uasset" 3773
"D:/LobinhoTheGame/UE5_LobinhoTheGame/Content/Light_Foliage/Materials/Master_Materials/M_Master_Rock.uasset" 3774
"D:/LobinhoTheGame/UE5_LobinhoTheGame/Content/UI/Fonts/Roboto-Black_Font.uasset" 3775
"D:/LobinhoTheGame/UE5_LobinhoTheGame/Content/AnimalVarietyPack/DeerStagAndDoe/Animations/ANIM_DeerStag_Death.uasset" 3776
"D:/LobinhoTheGame/UE5_LobinhoTheGame/Content/AnimalVarietyPack/DeerStagAndDoe/Animations/ANIM_DeerStag_Death_Loop.uasset" 3777
"D:/LobinhoTheGame/UE5_LobinhoTheGame/Content/AnimalVarietyPack/DeerStagAndDoe/Animations/ANIM_DeerStag_IdleGraze.uasset" 3778
"C:/Users/Neri/AppData/Local/UnrealEngine/Common/DerivedDataCache/Buckets/MaterialShaderMap/34/52/0d4ab71bb6f416caa929bb7f44ed0f6f95a8.udd" 3779
"C:/Users/Neri/AppData/Local/UnrealEngine/Common/DerivedDataCache/Buckets/MaterialShaderMap/e0/67/39578d326c4ceecb2327f201db59dee85509.udd" 3780
"C:/Users/Neri/AppData/Local/UnrealEngine/Common/DerivedDataCache/Buckets/MaterialShaderMap/4c/d2/c65d37df2cca0e33492b6a031b494ecbd42b.udd" 3781
"C:/Users/Neri/AppData/Local/UnrealEngine/Common/DerivedDataCache/Buckets/MaterialShaderMap/e2/73/b2e8e8e322b5b693ac9c4a12ebb55c646429.udd" 3782
"C:/Users/Neri/AppData/Local/UnrealEngine/Common/DerivedDataCache/Buckets/MaterialShaderMap/c8/83/ceeccb5d31d80038c629c6374c2ba585a5bb.udd" 3783
"C:/Users/Neri/AppData/Local/UnrealEngine/Common/DerivedDataCache/Buckets/MaterialShaderMap/21/fe/e8c8f3f5241f5d628605072d6ea0d4fc181f.udd" 3784
"C:/Users/Neri/AppData/Local/UnrealEngine/Common/DerivedDataCache/Buckets/MaterialShaderMap/5f/f5/bcbcb34edf7476d46cf22141a8736a053fcf.udd" 3785
"C:/Users/Neri/AppData/Local/UnrealEngine/Common/DerivedDataCache/Buckets/MaterialShaderMap/1e/7b/b67db85066de82849646e7f621f380cd9bec.udd" 3786
"D:/LobinhoTheGame/UE5_LobinhoTheGame/Content/AnimalVarietyPack/DeerStagAndDoe/Animations/ANIM_DeerStag_IdleBreathe.uasset" 3787
"D:/LobinhoTheGame/UE5_LobinhoTheGame/Content/SFX/CartoonBite_Cue.uasset" 3788
"D:/LobinhoTheGame/UE5_LobinhoTheGame/Content/SFX/Life-UP_Cue.uasset" 3789
"D:/LobinhoTheGame/UE5_LobinhoTheGame/Content/UI/Fonts/Roboto-BlackItalic_Font.uasset" 3790
"../../../Engine/Content/Functions/Engine_MaterialFunctions01/ImageAdjustment/CheapContrast.uasset" 3791
"D:/LobinhoTheGame/UE5_LobinhoTheGame/Content/LandscapeStamps/DemoRoom/Materials/MF_GrassLayer.uasset" 3792
"D:/LobinhoTheGame/UE5_LobinhoTheGame/Content/LandscapeStamps/DemoRoom/Materials/MF_RockLayer.uasset" 3793
"D:/LobinhoTheGame/UE5_LobinhoTheGame/Content/AnimalVarietyPack/DeerStagAndDoe/Materials/M_DeerStag.uasset" 3794
"D:/LobinhoTheGame/UE5_LobinhoTheGame/Content/AnimalVarietyPack/DeerStagAndDoe/Materials/M_DeerStagFur.uasset" 3795
"../../../Engine/Content/Functions/Engine_MaterialFunctions01/Gradient/RadialGradientExponential.uasset" 3796
"D:/LobinhoTheGame/UE5_LobinhoTheGame/Content/SFX/Wolf-Snarl_Cue.uasset" 3797
"../../../Engine/Content/ArtTools/RenderToTexture/MaterialFunctions/FoliageZRotation.uasset" 3798
"../../../Engine/Content/Functions/Engine_MaterialFunctions02/Lerp_Multiple_Float2.uasset" 3799
"D:/LobinhoTheGame/UE5_LobinhoTheGame/Content/PN_interactiveSpruceForest/Materials/MaterialFunctions/PN_Bending.uasset" 3800
"D:/LobinhoTheGame/UE5_LobinhoTheGame/Content/SFX/Footsteps_Grass_Cue.uasset" 3801
"D:/LobinhoTheGame/UE5_LobinhoTheGame/Content/PN_interactiveSpruceForest/Materials/MaterialFunctions/PN_WindAnimation.uasset" 3802
"C:/Users/Neri/AppData/Local/UnrealEngine/Common/DerivedDataCache/Buckets/MaterialShaderMap/fe/8d/b9c47d7d1fd4222ddf5b7ed88e85ee9c60b4.udd" 3803
"C:/Users/Neri/AppData/Local/UnrealEngine/Common/DerivedDataCache/Buckets/MaterialShaderMap/69/27/35939ba02285106f25c6fe4cfc7d2aeb2044.udd" 3804
"C:/Users/Neri/AppData/Local/UnrealEngine/Common/DerivedDataCache/Buckets/MaterialShaderMap/0a/4a/539231a35c62e50529abbdceae815059b4e2.udd" 3805
"C:/Users/Neri/AppData/Local/UnrealEngine/Common/DerivedDataCache/Buckets/MaterialShaderMap/28/52/0a66011f406268d130446be83173f87e9a8a.udd" 3806
"C:/Users/Neri/AppData/Local/UnrealEngine/Common/DerivedDataCache/Buckets/MaterialShaderMap/e5/8e/bf15bf9e3bf03825ae9ade3f405bf3246978.udd" 3807
"C:/Users/Neri/AppData/Local/UnrealEngine/Common/DerivedDataCache/Buckets/MaterialShaderMap/13/30/5d04e18eed6966645eaee346a86d7c4dda88.udd" 3808
"C:/Users/Neri/AppData/Local/UnrealEngine/Common/DerivedDataCache/Buckets/MaterialShaderMap/2e/b0/6e4f88cccd2b9f5ef1e9ff7a2691652c9ff1.udd" 3809
"C:/Users/Neri/AppData/Local/UnrealEngine/Common/DerivedDataCache/Buckets/MaterialShaderMap/15/cf/101593f93401c88f5f495669cfe1e0cd2a83.udd" 3810
"../../../Engine/Plugins/Interchange/Runtime/Content/gltf/MaterialFunctions/MF_TransmissionOpacity.uasset" 3811
"../../../Engine/Plugins/Interchange/Runtime/Content/gltf/MaterialFunctions/MF_RotateNormals_TS.uasset" 3812
"C:/Users/Neri/AppData/Local/UnrealEngine/Common/DerivedDataCache/Buckets/MaterialShaderMap/72/04/5558d7f3545fdeaaf3efcbfd3e3a44182b3c.udd" 3813
"C:/Users/Neri/AppData/Local/UnrealEngine/Common/DerivedDataCache/Buckets/MaterialShaderMap/c8/a3/76e6b1f61fe1ef628fbf661ede8e48fc4bcb.udd" 3814
"C:/Users/Neri/AppData/Local/UnrealEngine/Common/DerivedDataCache/Buckets/MaterialShaderMap/5a/38/9bbf2fd4d38da7e3a8869a2410174d64e6df.udd" 3815
"C:/Users/Neri/AppData/Local/UnrealEngine/Common/DerivedDataCache/Buckets/MaterialShaderMap/32/01/425f28864eaf588dd954d598893b54dc2954.udd" 3816
"../../../Engine/Content/Functions/Engine_MaterialFunctions02/PivotPainter2/ms_PivotPainter2_ReturnParentTextureInfo.uasset" 3817
"../../../Engine/Content/Functions/Engine_MaterialFunctions02/Utility/DebugScalarValues.uasset" 3818
"../../../Engine/Content/Maps/Entry.umap" 3819
"../../../Engine/Plugins/Animation/ControlRig/Content/Controls/ControlRig_Wedge_solid.uasset" 3820
"../../../Engine/Plugins/Animation/ControlRig/Content/Controls/ControlRig_Wedge_3mm.uasset" 3821
"../../../Engine/Plugins/Animation/ControlRig/Content/Controls/ControlRig_Wedge_1mm.uasset" 3822
"../../../Engine/Plugins/Animation/ControlRig/Content/Controls/ControlRig_Triangle_solid.uasset" 3823
"../../../Engine/Plugins/Animation/ControlRig/Content/Controls/ControlRig_Triangle_3mm.uasset" 3824
"../../../Engine/Plugins/Animation/ControlRig/Content/Controls/ControlRig_Triangle_1mm.uasset" 3825
"C:/Users/Neri/AppData/Local/UnrealEngine/Common/DerivedDataCache/Buckets/MaterialShaderMap/47/ec/e648dc27f0d741845576ab0bad39b1edaba4.udd" 3826
"C:/Users/Neri/AppData/Local/UnrealEngine/Common/DerivedDataCache/Buckets/MaterialShaderMap/69/14/95847690dc340396cd437388f0b64f3b6506.udd" 3827
"C:/Users/Neri/AppData/Local/UnrealEngine/Common/DerivedDataCache/Buckets/MaterialShaderMap/eb/79/e256e13cc90edf943e4710ac0c5b0c96aecc.udd" 3828
"C:/Users/Neri/AppData/Local/UnrealEngine/Common/DerivedDataCache/Buckets/MaterialShaderMap/57/1f/32901fc2b55eced7bf5aa417dac221034086.udd" 3829
"C:/Users/Neri/AppData/Local/UnrealEngine/Common/DerivedDataCache/Buckets/MaterialShaderMap/63/01/babdcf8ce9f23169facae07439be2eb0f160.udd" 3830
"C:/Users/Neri/AppData/Local/UnrealEngine/Common/DerivedDataCache/Buckets/MaterialShaderMap/55/ef/4ecb11623e094847b2ff2257f825c1ba3661.udd" 3831
"C:/Users/Neri/AppData/Local/UnrealEngine/Common/DerivedDataCache/Buckets/MaterialShaderMap/5a/57/040d8b16d7f6700f97c74503e7dd921eba70.udd" 3832
"C:/Users/Neri/AppData/Local/UnrealEngine/Common/DerivedDataCache/Buckets/MaterialShaderMap/1c/d2/04e639843ba1f943a38a755dc1d542a5aee6.udd" 3833
"C:/Users/Neri/AppData/Local/UnrealEngine/Common/DerivedDataCache/Buckets/MaterialShaderMap/1c/91/b32bdd647ae073d37ddaaf0188dba40b71df.udd" 3834
"C:/Users/Neri/AppData/Local/UnrealEngine/Common/DerivedDataCache/Buckets/MaterialShaderMap/fa/a5/7cb1cae4807eeb75e64584ddf548704c25a9.udd" 3835
"../../../Engine/Plugins/Animation/ControlRig/Content/Controls/ControlRig_Star4_solid.uasset" 3836
"../../../Engine/Plugins/Animation/ControlRig/Content/Controls/ControlRig_Star4_3mm.uasset" 3837
"../../../Engine/Plugins/Animation/ControlRig/Content/Controls/ControlRig_Star4_1mm.uasset" 3838
"../../../Engine/Plugins/Animation/ControlRig/Content/Controls/ControlRig_Square_solid.uasset" 3839
"../../../Engine/Plugins/Animation/ControlRig/Content/Controls/ControlRig_Square_3mm.uasset" 3840
"../../../Engine/Plugins/Animation/ControlRig/Content/Controls/ControlRig_Square_1mm.uasset" 3841
"../../../Engine/Plugins/Animation/ControlRig/Content/Controls/ControlRig_Sphere_3mm.uasset" 3842
"../../../Engine/Plugins/Animation/ControlRig/Content/Controls/ControlRig_Sphere_1mm.uasset" 3843
"../../../Engine/Plugins/Animation/ControlRig/Content/Controls/ControlRig_RoundedTriangle_solid.uasset" 3844
"../../../Engine/Plugins/Animation/ControlRig/Content/Controls/ControlRig_RoundedTriangle_3mm.uasset" 3845
"../../../Engine/Plugins/Animation/ControlRig/Content/Controls/ControlRig_RoundedTriangle_1mm.uasset" 3846
"../../../Engine/Plugins/Animation/ControlRig/Content/Controls/ControlRig_RoundedSquare_solid.uasset" 3847
"../../../Engine/Plugins/Animation/ControlRig/Content/Controls/ControlRig_RoundedSquare_3mm.uasset" 3848
"../../../Engine/Plugins/Animation/ControlRig/Content/Controls/ControlRig_RoundedSquare_1mm.uasset" 3849
"../../../Engine/Plugins/Animation/ControlRig/Content/Controls/ControlRig_QuarterCircle_solid.uasset" 3850
"../../../Engine/Plugins/Animation/ControlRig/Content/Controls/ControlRig_QuarterCircle_3mm.uasset" 3851
"C:/Users/Neri/AppData/Local/UnrealEngine/Common/DerivedDataCache/Buckets/LegacyAudio/b0/5c/4de15e78962cfbf8ec352550567914442227.udd" 3852
"C:/Users/Neri/AppData/Local/UnrealEngine/Common/DerivedDataCache/Content/83/48/731b97ba103f34caa370db3e14586a122b0b.udd" 3853
"C:/Users/Neri/AppData/Local/UnrealEngine/Common/DerivedDataCache/Buckets/LegacyAudio/08/ca/f6a927170fcb29076ac080b74d78b762f7d6.udd" 3854
"C:/Users/Neri/AppData/Local/UnrealEngine/Common/DerivedDataCache/Buckets/LegacyAudio/13/54/95dd7d1f6b429cdec50a8938fafc92f6f82a.udd" 3855
"C:/Users/Neri/AppData/Local/UnrealEngine/Common/DerivedDataCache/Content/77/0c/0f2dd3da5ae9955e6debd3a04fa3ba42c9dc.udd" 3856
"C:/Users/Neri/AppData/Local/UnrealEngine/Common/DerivedDataCache/Buckets/LegacyAudio/f9/ec/40842d1d1f578c03a8e91a4de61cf1781e2e.udd" 3857
"C:/Users/Neri/AppData/Local/UnrealEngine/Common/DerivedDataCache/Buckets/LegacyAudio/86/56/f8212879a38dbd3497f4823dd290a34a0043.udd" 3858
"C:/Users/Neri/AppData/Local/UnrealEngine/Common/DerivedDataCache/Buckets/LegacyAudio/cf/2c/e0be533f01fde0440b76268d1783ac86051b.udd" 3859
"C:/Users/Neri/AppData/Local/UnrealEngine/Common/DerivedDataCache/Buckets/LegacyAudio/a4/a7/1a05658773b1ecce4fc67a339872973f80e6.udd" 3860
"C:/Users/Neri/AppData/Local/UnrealEngine/Common/DerivedDataCache/Buckets/LegacyAudio/26/49/50ad1bb74dd5bed8c951c9503076d474dbe6.udd" 3861
"C:/Users/Neri/AppData/Local/UnrealEngine/Common/DerivedDataCache/Buckets/LegacyAudio/16/7b/83013834d4886b8bfc1accb97da26213b71f.udd" 3862
"C:/Users/Neri/AppData/Local/UnrealEngine/Common/DerivedDataCache/Buckets/LegacyAudio/fe/80/38a047b95373d6d925d088594eb738a51d24.udd" 3863
"C:/Users/Neri/AppData/Local/UnrealEngine/Common/DerivedDataCache/Buckets/LegacyAudio/09/b5/dcf847866f8ba28b88bbc51b532727eaf272.udd" 3864
"C:/Users/Neri/AppData/Local/UnrealEngine/Common/DerivedDataCache/Buckets/LegacyAudio/23/a9/395437decc7632ba3f93d5413142502487f7.udd" 3865
"C:/Users/Neri/AppData/Local/UnrealEngine/Common/DerivedDataCache/Buckets/LegacyAudio/42/8d/e8587686fc8d55768ebaecc0217ae6ece39d.udd" 3866
"C:/Users/Neri/AppData/Local/UnrealEngine/Common/DerivedDataCache/Buckets/LegacyAudio/7f/c1/431fb199760d0e1e58a9786e976c51e635f9.udd" 3867
"C:/Users/Neri/AppData/Local/UnrealEngine/Common/DerivedDataCache/Buckets/LegacyAudio/4b/51/5f83f6e552e0b9e966a5f694f9be0ac1d1a4.udd" 3868
"C:/Users/Neri/AppData/Local/UnrealEngine/Common/DerivedDataCache/Buckets/LegacyAnimSeq/e4/6d/5b0b1ae6db58421b61430c07ebe02ed6a75e.udd" 3869
"../../Plugins/Animation/ControlRig/Content/Controls/ControlRig_Wedge_solid.uasset" 3870
"../../Plugins/Animation/ControlRig/Content/Controls/ControlRig_Wedge_3mm.uasset" 3871
"../../Plugins/Animation/ControlRig/Content/Controls/ControlRig_Wedge_1mm.uasset" 3872
"../../Plugins/Animation/ControlRig/Content/Controls/ControlRig_Triangle_solid.uasset" 3873
"../../Plugins/Animation/ControlRig/Content/Controls/ControlRig_Triangle_3mm.uasset" 3874
"../../Plugins/Animation/ControlRig/Content/Controls/ControlRig_Triangle_1mm.uasset" 3875
"../../Plugins/Animation/ControlRig/Content/Controls/ControlRig_Star4_solid.uasset" 3876
"../../Plugins/Animation/ControlRig/Content/Controls/ControlRig_Star4_3mm.uasset" 3877
"../../Plugins/Animation/ControlRig/Content/Controls/ControlRig_Star4_1mm.uasset" 3878
"../../Plugins/Animation/ControlRig/Content/Controls/ControlRig_Square_solid.uasset" 3879
"C:/Users/Neri/AppData/Local/UnrealEngine/Common/DerivedDataCache/Buckets/LegacySTREAMEDAUDIO/31/a6/c5b3acca7c054ad62476a61d098b91e43fd9.udd" 3880
"../../Plugins/Animation/ControlRig/Content/Controls/ControlRig_Square_3mm.uasset" 3881
"C:/Users/Neri/AppData/Local/UnrealEngine/Common/DerivedDataCache/Buckets/LegacySTREAMEDAUDIO/6b/aa/d7b0dfa5aeda9136e19e2f8e5efbad8c6edb.udd" 3882
"../../Plugins/Animation/ControlRig/Content/Controls/ControlRig_Square_1mm.uasset" 3883
"C:/Users/Neri/AppData/Local/UnrealEngine/Common/DerivedDataCache/Buckets/LegacySTREAMEDAUDIO/e2/cf/be84afc16795390a9337a2a98f71de7f551a.udd" 3884
"C:/Users/Neri/AppData/Local/UnrealEngine/Common/DerivedDataCache/Buckets/LegacySTREAMEDAUDIO/5f/a2/844d91ffe6a2c322d555d90bb469d2e79ef1.udd" 3885
"C:/Users/Neri/AppData/Local/UnrealEngine/Common/DerivedDataCache/Buckets/LegacySTREAMEDAUDIO/4d/9f/39aa4834a95975562fc0720c0f4db4fde2bd.udd" 3886
"C:/Users/Neri/AppData/Local/UnrealEngine/Common/DerivedDataCache/Buckets/LegacySTREAMEDAUDIO/76/97/56f4d32322cf30ca4cc05a2072fa5716a8d2.udd" 3887
"C:/Users/Neri/AppData/Local/UnrealEngine/Common/DerivedDataCache/Buckets/LegacySTREAMEDAUDIO/cf/bb/782d98183d437634761e7bb45219816a7ac7.udd" 3888
"../../Plugins/Animation/ControlRig/Content/Controls/ControlRig_Sphere_3mm.uasset" 3889
"C:/Users/Neri/AppData/Local/UnrealEngine/Common/DerivedDataCache/Buckets/LegacySTREAMEDAUDIO/f5/18/6371a77741d765e2cb56f27c08b12e640610.udd" 3890
"C:/Users/Neri/AppData/Local/UnrealEngine/Common/DerivedDataCache/Buckets/LegacySTREAMEDAUDIO/4d/91/7661eaf556aab82fb8f371520fe119e7c458.udd" 3891
"C:/Users/Neri/AppData/Local/UnrealEngine/Common/DerivedDataCache/Buckets/LegacySTREAMEDAUDIO/b5/33/a581b03931d0e27fc6ae415965b88d1cdc46.udd" 3892
"C:/Users/Neri/AppData/Local/UnrealEngine/Common/DerivedDataCache/Buckets/LegacySTREAMEDAUDIO/ff/2c/ba503acdd292d656d69bfb6dbcc293d8c174.udd" 3893
"C:/Users/Neri/AppData/Local/UnrealEngine/Common/DerivedDataCache/Buckets/LegacySTREAMEDAUDIO/fb/9e/7c80b7f65fc19485a9474fc57d866f38778b.udd" 3894
"C:/Users/Neri/AppData/Local/UnrealEngine/Common/DerivedDataCache/Buckets/LegacySTREAMEDAUDIO/71/1b/d43a7b344194e38e15252d01b755bcafcf5a.udd" 3895
"C:/Users/Neri/AppData/Local/UnrealEngine/Common/DerivedDataCache/Buckets/LegacySTREAMEDAUDIO/81/39/45d8aaff7997ebfdd6c0db8f697e56c99900.udd" 3896
"C:/Users/Neri/AppData/Local/UnrealEngine/Common/DerivedDataCache/Buckets/LegacySTREAMEDAUDIO/ee/db/72641e2c6560c6d2674b1cbcc80631affc31.udd" 3897
"C:/Users/Neri/AppData/Local/UnrealEngine/Common/DerivedDataCache/Buckets/LegacySTREAMEDAUDIO/23/c2/758e0993f94d67e3052c647c89f14689f609.udd" 3898
"C:/Users/Neri/AppData/Local/UnrealEngine/Common/DerivedDataCache/Buckets/LegacySTREAMEDAUDIO/52/f3/1deac50041f508bae84fb301aa0156605139.udd" 3899
"../../Plugins/Animation/ControlRig/Content/Controls/ControlRig_Sphere_1mm.uasset" 3900
"C:/Users/Neri/AppData/Local/UnrealEngine/Common/DerivedDataCache/Buckets/LegacySTREAMEDAUDIO/fe/67/1c02a2d31d5660de81d6e016f1dce05c860c.udd" 3901
"C:/Users/Neri/AppData/Local/UnrealEngine/Common/DerivedDataCache/Buckets/LegacySTREAMEDAUDIO/50/02/1327b0b72561f58812e0230397922875cd3d.udd" 3902
"C:/Users/Neri/AppData/Local/UnrealEngine/Common/DerivedDataCache/Buckets/LegacySTREAMEDAUDIO/50/1d/70d274c3c27a5efd313f363a7790571e8501.udd" 3903
"C:/Users/Neri/AppData/Local/UnrealEngine/Common/DerivedDataCache/Buckets/LegacySTREAMEDAUDIO/34/8d/89119b3d71bafb0bbe1de1a82bda9e73aded.udd" 3904
"C:/Users/Neri/AppData/Local/UnrealEngine/Common/DerivedDataCache/Buckets/LegacySTREAMEDAUDIO/e0/85/b5c1e50c81ff8a77232637f3ba0bf7329f7d.udd" 3905
"C:/Users/Neri/AppData/Local/UnrealEngine/Common/DerivedDataCache/Buckets/LegacySTREAMEDAUDIO/12/40/19468ef1d421b93ad1c06712ab5342cdc48b.udd" 3906
"C:/Users/Neri/AppData/Local/UnrealEngine/Common/DerivedDataCache/Buckets/LegacySTREAMEDAUDIO/b7/bc/10b9bfb2ab64ddef995348c1205889bd2ea8.udd" 3907
"C:/Users/Neri/AppData/Local/UnrealEngine/Common/DerivedDataCache/Buckets/LegacySTREAMEDAUDIO/04/18/572ccad165db7f863230e624e00be255b68a.udd" 3908
"C:/Users/Neri/AppData/Local/UnrealEngine/Common/DerivedDataCache/Buckets/LegacySTREAMEDAUDIO/a6/b0/8eb15505b06d0316551628a7b1ebc640b3af.udd" 3909
"C:/Users/Neri/AppData/Local/UnrealEngine/Common/DerivedDataCache/Buckets/LegacySTREAMEDAUDIO/3c/04/df25938f42142559395402872d773a3afbf1.udd" 3910
"C:/Users/Neri/AppData/Local/UnrealEngine/Common/DerivedDataCache/Buckets/LegacySTREAMEDAUDIO/b3/8b/e6d8fdcf4dc4283b6e58ce9a27bcad0ec28a.udd" 3911
"C:/Users/Neri/AppData/Local/UnrealEngine/Common/DerivedDataCache/Buckets/LegacySTREAMEDAUDIO/72/3f/e32cafedc699b9d4392595682db4cf290ffe.udd" 3912
"C:/Users/Neri/AppData/Local/UnrealEngine/Common/DerivedDataCache/Buckets/LegacySTREAMEDAUDIO/f1/9d/2dc0479413f9d02561d66808c814e3fd51b3.udd" 3913
"C:/Users/Neri/AppData/Local/UnrealEngine/Common/DerivedDataCache/Buckets/LegacySTREAMEDAUDIO/39/ea/cf46251bc87cfe898f6e99491a7162f846e6.udd" 3914
"C:/Users/Neri/AppData/Local/UnrealEngine/Common/DerivedDataCache/Buckets/LegacySTREAMEDAUDIO/32/0c/ae104e4050dca97eafed20e58ff20d1e1284.udd" 3915
"C:/Users/Neri/AppData/Local/UnrealEngine/Common/DerivedDataCache/Buckets/LegacySTREAMEDAUDIO/78/8b/977c3f1e6d74201a902dfdf93828a8ea5f86.udd" 3916
"C:/Users/Neri/AppData/Local/UnrealEngine/Common/DerivedDataCache/Buckets/LegacySTREAMEDAUDIO/78/28/220f6f1f2b0e094f5d8b470ed73ac6919d68.udd" 3917
"C:/Users/Neri/AppData/Local/UnrealEngine/Common/DerivedDataCache/Buckets/LegacySTREAMEDAUDIO/d3/9e/83f7556af1174ed0716ac3587927c5877325.udd" 3918
"C:/Users/Neri/AppData/Local/UnrealEngine/Common/DerivedDataCache/Buckets/LegacySTREAMEDAUDIO/87/16/4568c8e205b971ec4c2d6eca333c7884cd41.udd" 3919
"C:/Users/Neri/AppData/Local/UnrealEngine/Common/DerivedDataCache/Buckets/LegacySTREAMEDAUDIO/3a/e9/cb0bb0a5a9f9136acdf18fae6797da6e0336.udd" 3920
"C:/Users/Neri/AppData/Local/UnrealEngine/Common/DerivedDataCache/Buckets/LegacySTREAMEDAUDIO/3f/1e/e2864ba7d7bd265c6891e9c27e5541ef8aab.udd" 3921
"C:/Users/Neri/AppData/Local/UnrealEngine/Common/DerivedDataCache/Buckets/LegacySTREAMEDAUDIO/15/7e/4d9685c0e5f09a5c25e060b4134b5e137ce2.udd" 3922
"C:/Users/Neri/AppData/Local/UnrealEngine/Common/DerivedDataCache/Buckets/LegacySTREAMEDAUDIO/3d/f8/280453f75c00cd7f43d4e3df5a57b512ab88.udd" 3923
"C:/Users/Neri/AppData/Local/UnrealEngine/Common/DerivedDataCache/Buckets/LegacySTREAMEDAUDIO/b7/47/fc343b1a30e6ce2d49a939c7903b8c03c9d8.udd" 3924
"C:/Users/Neri/AppData/Local/UnrealEngine/Common/DerivedDataCache/Buckets/LegacySTREAMEDAUDIO/29/99/d50bcd5e2093bf03147150357370e9d32f43.udd" 3925
"C:/Users/Neri/AppData/Local/UnrealEngine/Common/DerivedDataCache/Buckets/LegacySTREAMEDAUDIO/4c/f2/eb7fde1721f4eacb6fdfa50f270ac4c54fa8.udd" 3926
"C:/Users/Neri/AppData/Local/UnrealEngine/Common/DerivedDataCache/Buckets/LegacySTREAMEDAUDIO/05/5d/178c380057c63e05ea96751b911e08a4fc78.udd" 3927
"C:/Users/Neri/AppData/Local/UnrealEngine/Common/DerivedDataCache/Buckets/LegacySTREAMEDAUDIO/d3/57/74e4f476460c46ebe5bfcc100313fc5f04c3.udd" 3928
"C:/Users/Neri/AppData/Local/UnrealEngine/Common/DerivedDataCache/Buckets/LegacySTREAMEDAUDIO/bc/91/5b9f505f2279415e11c3146381e43fc9a6e3.udd" 3929
"C:/Users/Neri/AppData/Local/UnrealEngine/Common/DerivedDataCache/Buckets/LegacySTREAMEDAUDIO/2e/66/ce652a4503acd7e88c58e37c5557fb28310d.udd" 3930
"C:/Users/Neri/AppData/Local/UnrealEngine/Common/DerivedDataCache/Buckets/LegacySTREAMEDAUDIO/9b/91/a9688f94d67e577cd5a470580ebf3cb4e992.udd" 3931
"C:/Users/Neri/AppData/Local/UnrealEngine/Common/DerivedDataCache/Buckets/LegacySTREAMEDAUDIO/15/65/af67f5227302de42428c183d6c604a92cbbb.udd" 3932
"C:/Users/Neri/AppData/Local/UnrealEngine/Common/DerivedDataCache/Buckets/LegacySTREAMEDAUDIO/96/75/42a8fe0f4c17e3043d0cb078c04485b000b9.udd" 3933
"C:/Users/Neri/AppData/Local/UnrealEngine/Common/DerivedDataCache/Buckets/LegacySTREAMEDAUDIO/81/f9/93ac8537a4d8f318748538b4ff3d712379bc.udd" 3934
"C:/Users/Neri/AppData/Local/UnrealEngine/Common/DerivedDataCache/Buckets/LegacySTREAMEDAUDIO/02/16/ebb22d859cd29bfb6888acede51d51ffa77e.udd" 3935
"C:/Users/Neri/AppData/Local/UnrealEngine/Common/DerivedDataCache/Buckets/LegacySTREAMEDAUDIO/56/c2/820f2e5d00f18f752c2bae4fb8ef00e06d7f.udd" 3936
"C:/Users/Neri/AppData/Local/UnrealEngine/Common/DerivedDataCache/Buckets/LegacyAnimSeq/25/77/392cfb4e28f734232b147938085c2ee1a17d.udd" 3937
"C:/Users/Neri/AppData/Local/UnrealEngine/Common/DerivedDataCache/Buckets/LegacyAnimSeq/7b/cd/a2955f4eb2bf04acc077aafdb219e218802c.udd" 3938
"C:/Users/Neri/AppData/Local/UnrealEngine/Common/DerivedDataCache/Buckets/LegacySTREAMEDAUDIO/a7/6c/9219d3e6245c9517f02d646cda8029fdb444.udd" 3939
"C:/Users/Neri/AppData/Local/UnrealEngine/Common/DerivedDataCache/Buckets/LegacySTREAMEDAUDIO/42/d0/e563c9e7a3c3a9304e0c63bb483f33bb75d0.udd" 3940
"C:/Users/Neri/AppData/Local/UnrealEngine/Common/DerivedDataCache/Buckets/LegacySTREAMEDAUDIO/ae/01/53e2831a672e0b92c677a8089e2519ea82a5.udd" 3941
"C:/Users/Neri/AppData/Local/UnrealEngine/Common/DerivedDataCache/Buckets/LegacySTREAMEDAUDIO/fa/be/53eee7ed756da8b5e9fbaa7be7f471f4ecdd.udd" 3942
"C:/Users/Neri/AppData/Local/UnrealEngine/Common/DerivedDataCache/Buckets/LegacySTREAMEDAUDIO/18/42/9c3cdd59d0d7c3aef23b74a899da08ee8835.udd" 3943
"C:/Users/Neri/AppData/Local/UnrealEngine/Common/DerivedDataCache/Buckets/LegacySTREAMEDAUDIO/37/2e/f23eb46f4d729b75562c5715cd774948eb47.udd" 3944
"C:/Users/Neri/AppData/Local/UnrealEngine/Common/DerivedDataCache/Buckets/LegacySTREAMEDAUDIO/6b/47/3a39ecaf62a6d4813c9e9e27c84c155a8bd4.udd" 3945
"C:/Users/Neri/AppData/Local/UnrealEngine/Common/DerivedDataCache/Buckets/LegacySTREAMEDAUDIO/56/d9/fc9773ebde8f1b020bafdf29813dc526943a.udd" 3946
"C:/Users/Neri/AppData/Local/UnrealEngine/Common/DerivedDataCache/Buckets/LegacySTREAMEDAUDIO/31/4a/a9e97cb10e211b4bd0e73a48b52881dbae40.udd" 3947
"C:/Users/Neri/AppData/Local/UnrealEngine/Common/DerivedDataCache/Buckets/LegacySTREAMEDAUDIO/bf/a5/d1f97151704099e21edc2af855d1789d4841.udd" 3948
"C:/Users/Neri/AppData/Local/UnrealEngine/Common/DerivedDataCache/Buckets/LegacySTREAMEDAUDIO/fa/86/23d374bd894100c074e4d9bc6597a1b63689.udd" 3949
"C:/Users/Neri/AppData/Local/UnrealEngine/Common/DerivedDataCache/Buckets/LegacySTREAMEDAUDIO/d8/13/c4d8a299ee27632b54a335b9633949df4df5.udd" 3950
"C:/Users/Neri/AppData/Local/UnrealEngine/Common/DerivedDataCache/Buckets/LegacySTREAMEDAUDIO/48/8f/a6c73762677d76ff22d07fff3d91ec4746e2.udd" 3951
"C:/Users/Neri/AppData/Local/UnrealEngine/Common/DerivedDataCache/Buckets/LegacySTREAMEDAUDIO/05/59/7f0386e2e77e4d8f9a1edf6cfbd710243318.udd" 3952
"C:/Users/Neri/AppData/Local/UnrealEngine/Common/DerivedDataCache/Buckets/LegacySTREAMEDAUDIO/3e/38/fa340a26863de8d3752e9c19e99d9d2a2986.udd" 3953
"C:/Users/Neri/AppData/Local/UnrealEngine/Common/DerivedDataCache/Buckets/LegacySTREAMEDAUDIO/61/f7/79f00bce57e41926966aedd11f87dc113550.udd" 3954
"C:/Users/Neri/AppData/Local/UnrealEngine/Common/DerivedDataCache/Buckets/LegacySTREAMEDAUDIO/ea/5e/ccbe015568afe98930b71e41a9a4ea3c4147.udd" 3955
"C:/Users/Neri/AppData/Local/UnrealEngine/Common/DerivedDataCache/Buckets/LegacySTREAMEDAUDIO/0f/55/1fddee88bdeb2886a763df7128d5dce72d2f.udd" 3956
"C:/Users/Neri/AppData/Local/UnrealEngine/Common/DerivedDataCache/Buckets/LegacySTREAMEDAUDIO/78/64/a66275ea2e97e8701dcf193487519ade51b3.udd" 3957
"C:/Users/Neri/AppData/Local/UnrealEngine/Common/DerivedDataCache/Buckets/LegacySTREAMEDAUDIO/7c/55/2da3122ebd1ba4abd4194d8a0470d7461e95.udd" 3958
"C:/Users/Neri/AppData/Local/UnrealEngine/Common/DerivedDataCache/Buckets/LegacyTEXTURE/09/4e/1bb5152b7235e55e421ec374c5656831c8a4.udd" 3959
"C:/Users/Neri/AppData/Local/UnrealEngine/Common/DerivedDataCache/Buckets/LegacyTEXTURE/e6/e4/0cdea3b6200a60605edc706c3cabedefc41e.udd" 3960
"C:/Users/Neri/AppData/Local/UnrealEngine/Common/DerivedDataCache/Buckets/LegacyTEXTURE/5e/ea/33d2085460de112c8c4d5eb7710c6c4caffe.udd" 3961
"C:/Users/Neri/AppData/Local/UnrealEngine/Common/DerivedDataCache/Buckets/LegacyTEXTURE/1b/aa/ca4bb43bb9578efc268c6a59e11049a51113.udd" 3962
"C:/Users/Neri/AppData/Local/UnrealEngine/Common/DerivedDataCache/Buckets/LegacyTEXTURE/f3/b9/c9087c33b9c623a43b52d33857fb98963d04.udd" 3963
"C:/Users/Neri/AppData/Local/UnrealEngine/Common/DerivedDataCache/Buckets/LegacyTEXTURE/ad/ca/598c4bd28c5f94127e21fb57102e4a939b91.udd" 3964
"C:/Users/Neri/AppData/Local/UnrealEngine/Common/DerivedDataCache/Content/6a/6c/5ee865194a49075376574f83e2f3d8774f9f.udd" 3965
"C:/Users/Neri/AppData/Local/UnrealEngine/Common/DerivedDataCache/Buckets/LegacyTEXTURE/0b/eb/2c1f38f710479bd6830088bc3b51d9c53e21.udd" 3966
"C:/Users/Neri/AppData/Local/UnrealEngine/Common/DerivedDataCache/Buckets/LegacyTEXTURE/b3/34/821977bdfadea97be1060328a8270a73744a.udd" 3967
"C:/Users/Neri/AppData/Local/UnrealEngine/Common/DerivedDataCache/Buckets/LegacySTREAMEDAUDIO/4a/91/9011e81b2250d3e1e2cbe56ab957abc5ac37.udd" 3968
"C:/Users/Neri/AppData/Local/UnrealEngine/Common/DerivedDataCache/Buckets/LegacyTEXTURE/22/f8/dfb73e5b0ebb08ebf9974d777c96ea54174a.udd" 3969
"C:/Users/Neri/AppData/Local/UnrealEngine/Common/DerivedDataCache/Content/1e/5b/f0b7810445b950e98668a3c4e17348d2e3ee.udd" 3970
"C:/Users/Neri/AppData/Local/UnrealEngine/Common/DerivedDataCache/Content/ef/63/6fb8ed01895688c0d88a9cb786b5683ca704.udd" 3971
"C:/Users/Neri/AppData/Local/UnrealEngine/Common/DerivedDataCache/Buckets/LegacyTEXTURE/1b/8f/f955f2da7ad755fc6b1d9965c100d1776a88.udd" 3972
"C:/Users/Neri/AppData/Local/UnrealEngine/Common/DerivedDataCache/Buckets/LegacyTEXTURE/1a/28/62ab3c24f74ecab773fdde6ee738ea83c44c.udd" 3973
"C:/Users/Neri/AppData/Local/UnrealEngine/Common/DerivedDataCache/Buckets/LegacyTEXTURE/7b/55/7ddaedb8f9868920da0f48eb08acbe71b3ef.udd" 3974
"C:/Users/Neri/AppData/Local/UnrealEngine/Common/DerivedDataCache/Buckets/LegacyTEXTURE/02/de/850e833d9f9c4da51a98be7bdcc8f752dd58.udd" 3975
"C:/Users/Neri/AppData/Local/UnrealEngine/Common/DerivedDataCache/Buckets/LegacyTEXTURE/56/91/f6cec1f11ad299aa7300269818e37edc43ae.udd" 3976
"C:/Users/Neri/AppData/Local/UnrealEngine/Common/DerivedDataCache/Buckets/LegacyTEXTURE/9f/46/4072cf53375a131dfe4232967a50af945d40.udd" 3977
"C:/Users/Neri/AppData/Local/UnrealEngine/Common/DerivedDataCache/Buckets/LegacyTEXTURE/38/b9/9f7410f747b57c44668b5cde0508ebe73785.udd" 3978
"C:/Users/Neri/AppData/Local/UnrealEngine/Common/DerivedDataCache/Buckets/LegacyTEXTURE/f9/e2/691002e5eddf680faf88285602020ec2e26a.udd" 3979
"C:/Users/Neri/AppData/Local/UnrealEngine/Common/DerivedDataCache/Buckets/LegacyTEXTURE/7d/60/a39b546fb4334b251cadc315360d29ccc4bc.udd" 3980
"C:/Users/Neri/AppData/Local/UnrealEngine/Common/DerivedDataCache/Buckets/LegacyTEXTURE/d5/60/46b6ac9691d23705041b76b1eb4ddf4440f9.udd" 3981
"C:/Users/Neri/AppData/Local/UnrealEngine/Common/DerivedDataCache/Buckets/LegacyTEXTURE/45/3d/53efb6636fbc395bf0eecfff4621cd8b0eaa.udd" 3982
"C:/Users/Neri/AppData/Local/UnrealEngine/Common/DerivedDataCache/Buckets/LegacyTEXTURE/74/be/0b1993f6d5d4c954eb5f47ae1f9a7eeec9ff.udd" 3983
"C:/Users/Neri/AppData/Local/UnrealEngine/Common/DerivedDataCache/Buckets/LegacyTEXTURE/71/cd/517cfe37e28d347dba56cec233df7362cd40.udd" 3984
"C:/Users/Neri/AppData/Local/UnrealEngine/Common/DerivedDataCache/Content/e8/8d/a4f2d07ca399b502541fca61ac1477bd69eb.udd" 3985
"C:/Users/Neri/AppData/Local/UnrealEngine/Common/DerivedDataCache/Content/a6/b6/3f0dadbdcf57210bef87f737315f4d7e7b40.udd" 3986
"C:/Users/Neri/AppData/Local/UnrealEngine/Common/DerivedDataCache/Content/ff/dc/3b7307aaf0550019704cd2639f59b5e542dd.udd" 3987
"C:/Users/Neri/AppData/Local/UnrealEngine/Common/DerivedDataCache/Buckets/LegacyTEXTURE/ca/11/b1a741bfec50ef965d7ffaacd423c3cc64d5.udd" 3988
"C:/Users/Neri/AppData/Local/UnrealEngine/Common/DerivedDataCache/Buckets/LegacyTEXTURE/3d/8a/0b8860f6b21ae3fc8bbb6e05b4926eb80a6d.udd" 3989
"C:/Users/Neri/AppData/Local/UnrealEngine/Common/DerivedDataCache/Buckets/LegacyTEXTURE/b7/5c/c3cb5e2f574e371565d3d5e8795115ad332f.udd" 3990
"C:/Users/Neri/AppData/Local/UnrealEngine/Common/DerivedDataCache/Buckets/LegacyTEXTURE/53/79/22167c3f90287cc761ccad3e444e04676bba.udd" 3991
"C:/Users/Neri/AppData/Local/UnrealEngine/Common/DerivedDataCache/Buckets/LegacyTEXTURE/3e/e5/e2f72871f77cc029a27f1e67b047541c150a.udd" 3992
"C:/Users/Neri/AppData/Local/UnrealEngine/Common/DerivedDataCache/Buckets/LegacyTEXTURE/68/55/bee32958b15491603259bddd21b22c820d6a.udd" 3993
"C:/Users/Neri/AppData/Local/UnrealEngine/Common/DerivedDataCache/Buckets/LegacyTEXTURE/c2/d2/84dabc555abe2741e8ca7802437dd1ef49a3.udd" 3994
"C:/Users/Neri/AppData/Local/UnrealEngine/Common/DerivedDataCache/Buckets/LegacyTEXTURE/52/ec/708093a67dc90ba34c4c199c0431aa3d5964.udd" 3995
"C:/Users/Neri/AppData/Local/UnrealEngine/Common/DerivedDataCache/Buckets/LegacyTEXTURE/ee/11/5eeeac93ad07b3361df49e016ecbecb7116e.udd" 3996
"C:/Users/Neri/AppData/Local/UnrealEngine/Common/DerivedDataCache/Buckets/LegacyTEXTURE/bf/d7/032de1c0c952c3cdf42bdd161d8ca94db3dd.udd" 3997
"C:/Users/Neri/AppData/Local/UnrealEngine/Common/DerivedDataCache/Buckets/LegacyTEXTURE/5a/41/69417e66f2ae2606b96451450b1deb5c089a.udd" 3998
"C:/Users/Neri/AppData/Local/UnrealEngine/Common/DerivedDataCache/Buckets/LegacyTEXTURE/ac/b8/3b65e1c2e561a7f9d9137f96fd17daa1ce8d.udd" 3999
"C:/Users/Neri/AppData/Local/UnrealEngine/Common/DerivedDataCache/Buckets/LegacyTEXTURE/af/6f/2fa22b7450e1772f779c504eb4cdf25a0420.udd" 4000
"C:/Users/Neri/AppData/Local/UnrealEngine/Common/DerivedDataCache/Buckets/LegacyTEXTURE/db/a0/a4d8be566c2b0515932de78e50973d3d97b0.udd" 4001
"C:/Users/Neri/AppData/Local/UnrealEngine/Common/DerivedDataCache/Buckets/LegacyTEXTURE/97/bc/a7e5da1923dce784d690b663a376b7a3eb42.udd" 4002
"C:/Users/Neri/AppData/Local/UnrealEngine/Common/DerivedDataCache/Buckets/LegacyTEXTURE/78/a9/c1779c6564d036541051da8d890d7f78f1fa.udd" 4003
"C:/Users/Neri/AppData/Local/UnrealEngine/Common/DerivedDataCache/Buckets/LegacyTEXTURE/a6/90/24a87da4986b1e3508a1b79a22e64e6e9934.udd" 4004
"C:/Users/Neri/AppData/Local/UnrealEngine/Common/DerivedDataCache/Buckets/LegacyTEXTURE/26/29/fd59249dc580b22a10dbc4ed575a63e9e25c.udd" 4005
"C:/Users/Neri/AppData/Local/UnrealEngine/Common/DerivedDataCache/Buckets/LegacyTEXTURE/cd/cd/dc478189f52165b6a8bcf1e03fed6f7dd985.udd" 4006
"C:/Users/Neri/AppData/Local/UnrealEngine/Common/DerivedDataCache/Buckets/LegacyTEXTURE/05/50/73085f445e6acd357a922a3e224a8927ea72.udd" 4007
"C:/Users/Neri/AppData/Local/UnrealEngine/Common/DerivedDataCache/Buckets/LegacyTEXTURE/11/7c/44e16d0891995ef56806c4a9a02d812dc97f.udd" 4008
"C:/Users/Neri/AppData/Local/UnrealEngine/Common/DerivedDataCache/Buckets/LegacyTEXTURE/dc/db/69e7d7dce7bdadaa59ba468254c9259c0857.udd" 4009
"C:/Users/Neri/AppData/Local/UnrealEngine/Common/DerivedDataCache/Buckets/LegacyTEXTURE/67/68/dbb80c0902c0b1f88881136d6627d7ebba3b.udd" 4010
"C:/Users/Neri/AppData/Local/UnrealEngine/Common/DerivedDataCache/Buckets/LegacyTEXTURE/09/22/1968896e48a27f92e587f29e7db37a094c4f.udd" 4011
"C:/Users/Neri/AppData/Local/UnrealEngine/Common/DerivedDataCache/Buckets/LegacyTEXTURE/19/d9/1cf8978c46ebdbef70d6e75a616a3143f923.udd" 4012
"C:/Users/Neri/AppData/Local/UnrealEngine/Common/DerivedDataCache/Buckets/LegacyTEXTURE/53/2b/aef96de9504e79b9681b1c2ee305b8222cfd.udd" 4013
"C:/Users/Neri/AppData/Local/UnrealEngine/Common/DerivedDataCache/Buckets/LegacyTEXTURE/98/f1/edabcefd36a9c4a61c454d732479cf6d091a.udd" 4014
"C:/Users/Neri/AppData/Local/UnrealEngine/Common/DerivedDataCache/Buckets/LegacyTEXTURE/05/a6/75a57fe9e7dbbaa627ba6bafa14cf15f096b.udd" 4015
"C:/Users/Neri/AppData/Local/UnrealEngine/Common/DerivedDataCache/Buckets/LegacyTEXTURE/ec/2c/16310fffc118aeadfbb0cec25c9df6def329.udd" 4016
"C:/Users/Neri/AppData/Local/UnrealEngine/Common/DerivedDataCache/Buckets/LegacyTEXTURE/4f/3f/769c17ab201cabe1d2e07b4a53a1881b8826.udd" 4017
"C:/Users/Neri/AppData/Local/UnrealEngine/Common/DerivedDataCache/Buckets/LegacyTEXTURE/b7/04/b9aad58729459ee75c6582cad36ba379786b.udd" 4018
"C:/Users/Neri/AppData/Local/UnrealEngine/Common/DerivedDataCache/Buckets/LegacyTEXTURE/86/07/a0da147c78dbc66b34ddc2d92dd1147b615d.udd" 4019
"C:/Users/Neri/AppData/Local/UnrealEngine/Common/DerivedDataCache/Content/f5/ea/49e21acddd500d16466dd279083b2d81e2f6.udd" 4020
"C:/Users/Neri/AppData/Local/UnrealEngine/Common/DerivedDataCache/Content/0c/cb/649da5a7c0dc0577f40646abe60489d9351e.udd" 4021
"C:/Users/Neri/AppData/Local/UnrealEngine/Common/DerivedDataCache/Buckets/LegacyTEXTURE/fe/42/81c8173863b9f5858284595c031d4728b771.udd" 4022
"C:/Users/Neri/AppData/Local/UnrealEngine/Common/DerivedDataCache/Buckets/LegacyTEXTURE/7a/cd/308af8fe4c64237281d49f511cdc227b1bb9.udd" 4023
"C:/Users/Neri/AppData/Local/UnrealEngine/Common/DerivedDataCache/Buckets/LegacyTEXTURE/82/50/4aee7bc4b0dd3de263e9c4bdec1cc3bcb353.udd" 4024
"C:/Users/Neri/AppData/Local/UnrealEngine/Common/DerivedDataCache/Buckets/LegacyTEXTURE/6a/7c/a912994a7b6b1471c5bd4b618977fad68269.udd" 4025
"C:/Users/Neri/AppData/Local/UnrealEngine/Common/DerivedDataCache/Content/d5/6b/7ba808b81b94bc17b55ab52412ad83a55d87.udd" 4026
"C:/Users/Neri/AppData/Local/UnrealEngine/Common/DerivedDataCache/Buckets/LegacyTEXTURE/84/4f/938791c07c013110aaf28c595f6c8ec09b7f.udd" 4027
"C:/Users/Neri/AppData/Local/UnrealEngine/Common/DerivedDataCache/Content/29/d5/7e1032c1d57a2bf246f95545c2df5d250958.udd" 4028
"C:/Users/Neri/AppData/Local/UnrealEngine/Common/DerivedDataCache/Buckets/LegacyTEXTURE/f3/0d/29703b0a56278ada1e2fa8d6518fb69bce33.udd" 4029
"C:/Users/Neri/AppData/Local/UnrealEngine/Common/DerivedDataCache/Content/8b/8d/44b12095688cbc36e7ef06110ea04d41872f.udd" 4030
"C:/Users/Neri/AppData/Local/UnrealEngine/Common/DerivedDataCache/Buckets/LegacyTEXTURE/c4/ee/c3c08bd8d14bfacdc47876facbc263fb7020.udd" 4031
"C:/Users/Neri/AppData/Local/UnrealEngine/Common/DerivedDataCache/Buckets/LegacyTEXTURE/75/fd/ed113935926f9cb97f7f941a6829254aeaa4.udd" 4032
"C:/Users/Neri/AppData/Local/UnrealEngine/Common/DerivedDataCache/Buckets/LegacyTEXTURE/e5/e4/c0b5314b59304a16d0006c9e2d694ab735f3.udd" 4033
"C:/Users/Neri/AppData/Local/UnrealEngine/Common/DerivedDataCache/Buckets/LegacyTEXTURE/ca/ee/8cdfa415d32bfc4bbc0f66c482f118853fa1.udd" 4034
"C:/Users/Neri/AppData/Local/UnrealEngine/Common/DerivedDataCache/Buckets/LegacyTEXTURE/aa/a1/87cb9a284ef7d9f6dc9d466a84648ff09753.udd" 4035
"C:/Users/Neri/AppData/Local/UnrealEngine/Common/DerivedDataCache/Buckets/LegacyTEXTURE/47/a6/a42582cc8137c3339809ba48e9150f08adef.udd" 4036
"C:/Users/Neri/AppData/Local/UnrealEngine/Common/DerivedDataCache/Content/04/85/7228b53d38841874cf56ac48a4494189d863.udd" 4037
"C:/Users/Neri/AppData/Local/UnrealEngine/Common/DerivedDataCache/Buckets/LegacyTEXTURE/a7/57/5f6dade6ffbd1922b33e4698486f31b17a09.udd" 4038
"C:/Users/Neri/AppData/Local/UnrealEngine/Common/DerivedDataCache/Buckets/LegacyTEXTURE/87/c8/46ea4f75f98820129ffa5ff75e0ec75ca866.udd" 4039
"C:/Users/Neri/AppData/Local/UnrealEngine/Common/DerivedDataCache/Buckets/LegacyTEXTURE/e1/c3/72808477cee6dd15c564d8d5247e34a9ab8a.udd" 4040
"C:/Users/Neri/AppData/Local/UnrealEngine/Common/DerivedDataCache/Buckets/LegacyTEXTURE/dd/b5/13d39435ce4bcd0d83d95acefaf700373985.udd" 4041
"C:/Users/Neri/AppData/Local/UnrealEngine/Common/DerivedDataCache/Buckets/LegacyTEXTURE/22/c8/1280f5e9f46a3fb9bb5c99222c59d395610b.udd" 4042
"C:/Users/Neri/AppData/Local/UnrealEngine/Common/DerivedDataCache/Buckets/LegacyTEXTURE/8a/90/1ebb0b88f94678a53dee405b15ceb094cc69.udd" 4043
"C:/Users/Neri/AppData/Local/UnrealEngine/Common/DerivedDataCache/Buckets/LegacyTEXTURE/e0/53/7d73bccb5f6af463dc5c6b208cc472ddfbca.udd" 4044
"C:/Users/Neri/AppData/Local/UnrealEngine/Common/DerivedDataCache/Content/ca/a0/e39cc52c7920fee0d4f7f341784b50a51ba7.udd" 4045
"C:/Users/Neri/AppData/Local/UnrealEngine/Common/DerivedDataCache/Buckets/LegacyTEXTURE/23/dd/0d3d308b427c7ff0eb751bf533cca0758658.udd" 4046
"C:/Users/Neri/AppData/Local/UnrealEngine/Common/DerivedDataCache/Buckets/LegacyTEXTURE/06/39/d43893c2857b6fc18d1a526d7927d807ab7d.udd" 4047
"C:/Users/Neri/AppData/Local/UnrealEngine/Common/DerivedDataCache/Buckets/LegacyTEXTURE/be/53/5c7079a690406b5fc4a4880aa2690348f175.udd" 4048
"C:/Users/Neri/AppData/Local/UnrealEngine/Common/DerivedDataCache/Buckets/LegacyTEXTURE/c8/22/3fec232b08128ace4c16800edbbe1d77b7e4.udd" 4049
"C:/Users/Neri/AppData/Local/UnrealEngine/Common/DerivedDataCache/Buckets/LegacyTEXTURE/08/28/cd53119fddb590f284603ee7790213e12381.udd" 4050
"C:/Users/Neri/AppData/Local/UnrealEngine/Common/DerivedDataCache/Buckets/LegacyTEXTURE/82/1d/f7eb98540b19789cf8664d9dfd69395211c3.udd" 4051
"C:/Users/Neri/AppData/Local/UnrealEngine/Common/DerivedDataCache/Buckets/LegacyTEXTURE/1c/98/c0f13d59c930662b168efd2c0bbedd42c526.udd" 4052
"C:/Users/Neri/AppData/Local/UnrealEngine/Common/DerivedDataCache/Buckets/LegacyTEXTURE/b7/f3/bb1f8bfc5f681d67430632bd4b834fb329fc.udd" 4053
"C:/Users/Neri/AppData/Local/UnrealEngine/Common/DerivedDataCache/Buckets/LegacyTEXTURE/fb/8d/766ed34d0101a73d789f2499fd3c203345fc.udd" 4054
"C:/Users/Neri/AppData/Local/UnrealEngine/Common/DerivedDataCache/Buckets/LegacyTEXTURE/fa/e8/bb08014147441b031008a4cbea081ac3c0d9.udd" 4055
"C:/Users/Neri/AppData/Local/UnrealEngine/Common/DerivedDataCache/Buckets/LegacyTEXTURE/5c/6a/76e38681ba57540b1831c94d53a2323e95df.udd" 4056
"C:/Users/Neri/AppData/Local/UnrealEngine/Common/DerivedDataCache/Buckets/LegacyTEXTURE/16/8a/919fdcaec00c229807314aa42db8ceec1fa4.udd" 4057
"C:/Users/Neri/AppData/Local/UnrealEngine/Common/DerivedDataCache/Buckets/LegacyTEXTURE/67/fe/e5e5cf77fdbdd107bee020029c4e74eb9e52.udd" 4058
"C:/Users/Neri/AppData/Local/UnrealEngine/Common/DerivedDataCache/Content/a7/37/371a0610e609b8451eeecd1961765a35ec60.udd" 4059
"C:/Users/Neri/AppData/Local/UnrealEngine/Common/DerivedDataCache/Buckets/LegacyTEXTURE/3f/19/ebb401fb30f1bd7e85c6f5fffdcf14ba88b7.udd" 4060
"C:/Users/Neri/AppData/Local/UnrealEngine/Common/DerivedDataCache/Content/51/3a/7f30493797474b149d4624f67bb50f7d6021.udd" 4061
"C:/Users/Neri/AppData/Local/UnrealEngine/Common/DerivedDataCache/Buckets/LegacyTEXTURE/d2/9c/97349a4e0f49f0e260c9fda1f241e70856c0.udd" 4062
"C:/Users/Neri/AppData/Local/UnrealEngine/Common/DerivedDataCache/Buckets/LegacyTEXTURE/3a/af/dde1b0c06faa1fb56c48b5e46c2c37c9521a.udd" 4063
"C:/Users/Neri/AppData/Local/UnrealEngine/Common/DerivedDataCache/Buckets/LegacyTEXTURE/80/cf/ef6c83518061036998b1d44b1f8b192dc062.udd" 4064
"C:/Users/Neri/AppData/Local/UnrealEngine/Common/DerivedDataCache/Buckets/LegacyTEXTURE/86/17/5fdf9baefb7829b91edd8c95c4017b73ae14.udd" 4065
"C:/Users/Neri/AppData/Local/UnrealEngine/Common/DerivedDataCache/Buckets/LegacyTEXTURE/3b/4a/5a0a3b2c5e0bb22c66083034f15ab58fe951.udd" 4066
"C:/Users/Neri/AppData/Local/UnrealEngine/Common/DerivedDataCache/Buckets/LegacyTEXTURE/d5/32/71cb162e508cfbc4b9483863c2cd109b846d.udd" 4067
"C:/Users/Neri/AppData/Local/UnrealEngine/Common/DerivedDataCache/Buckets/LegacyTEXTURE/24/44/706d849cd15fcff0f89dd4dc07171fa30eea.udd" 4068
"C:/Users/Neri/AppData/Local/UnrealEngine/Common/DerivedDataCache/Buckets/LegacyTEXTURE/ea/ea/9cd20c58434322a2ce5d6b7817b8307ad7d5.udd" 4069
"C:/Users/Neri/AppData/Local/UnrealEngine/Common/DerivedDataCache/Buckets/LegacyTEXTURE/d4/a7/9738c8ff4cd8503032516549ec6d7f780c94.udd" 4070
"C:/Users/Neri/AppData/Local/UnrealEngine/Common/DerivedDataCache/Content/2d/51/ea86f793c8856a375713dd8d916483effeda.udd" 4071
"../../../Engine/Plugins/Animation/ControlRig/Content/Controls/ControlRig_QuarterCircle_1mm.uasset" 4072
"../../../Engine/Plugins/Animation/ControlRig/Content/Controls/ControlRig_Pyramid_solid.uasset" 4073
"../../../Engine/Plugins/Animation/ControlRig/Content/Controls/ControlRig_Pyramid_3mm.uasset" 4074
"../../../Engine/Plugins/Animation/ControlRig/Content/Controls/ControlRig_Pyramid_1mm.uasset" 4075
"../../../Engine/Plugins/Animation/ControlRig/Content/Controls/ControlRig_Octagon_solid.uasset" 4076
"../../../Engine/Plugins/Animation/ControlRig/Content/Controls/ControlRig_Octagon_3mm.uasset" 4077
"../../../Engine/Plugins/Animation/ControlRig/Content/Controls/ControlRig_Octagon_1mm.uasset" 4078
"../../../Engine/Plugins/Animation/ControlRig/Content/Controls/ControlRig_Hexagon_solid.uasset" 4079
"C:/Users/Neri/AppData/Local/UnrealEngine/Common/DerivedDataCache/Buckets/LegacyTEXTURE/97/d6/f3b861fc9dcc8c1d0b45b125dfdb7c853ebf.udd" 4080
"C:/Users/Neri/AppData/Local/UnrealEngine/Common/DerivedDataCache/Content/2d/02/9228dc4d09143c02c3575cf84fcf6b97dfcb.udd" 4081
"../../../Engine/Plugins/Animation/ControlRig/Content/Controls/ControlRig_Hexagon_3mm.uasset" 4082
"../../../Engine/Plugins/Animation/ControlRig/Content/Controls/ControlRig_Hexagon_1mm.uasset" 4083
"../../../Engine/Plugins/Animation/ControlRig/Content/Controls/ControlRig_HalfCircle_solid.uasset" 4084
"../../../Engine/Plugins/Animation/ControlRig/Content/Controls/ControlRig_HalfCircle_3mm.uasset" 4085
"../../../Engine/Plugins/Animation/ControlRig/Content/Controls/ControlRig_HalfCircle_1mm.uasset" 4086
"../../../Engine/Plugins/Animation/ControlRig/Content/Controls/ControlRig_Diamond_solid.uasset" 4087
"C:/Users/Neri/AppData/Local/UnrealEngine/Common/DerivedDataCache/Buckets/LegacyTEXTURE/19/e9/bcb48ecc8317120e24dad0a40979e7438b98.udd" 4088
"../../../Engine/Plugins/Animation/ControlRig/Content/Controls/ControlRig_Diamond_3mm.uasset" 4089
"../../../Engine/Plugins/Animation/ControlRig/Content/Controls/ControlRig_Diamond_1mm.uasset" 4090
"C:/Users/Neri/AppData/Local/UnrealEngine/Common/DerivedDataCache/Buckets/LegacyTEXTURE/d8/27/6e53e66fa21c31abf680c1f029b69cae1386.udd" 4091
"C:/Users/Neri/AppData/Local/UnrealEngine/Common/DerivedDataCache/Buckets/LegacyTEXTURE/5d/e5/305f4ca8848ed9e0630c5e57a48d1b48c79a.udd" 4092
"C:/Users/Neri/AppData/Local/UnrealEngine/Common/DerivedDataCache/Buckets/LegacyTEXTURE/81/e0/50a9a56360c72671a9f3c1abf3976620164f.udd" 4093
"C:/Users/Neri/AppData/Local/UnrealEngine/Common/DerivedDataCache/Buckets/LegacyTEXTURE/dd/5e/4898a0d9d71e4ebe3397ddebb878fd739cf6.udd" 4094
"C:/Users/Neri/AppData/Local/UnrealEngine/Common/DerivedDataCache/Buckets/LegacyTEXTURE/17/70/93d4106d25b3a8253db6f6bc47a47eb7e67c.udd" 4095
"C:/Users/Neri/AppData/Local/UnrealEngine/Common/DerivedDataCache/Buckets/LegacyTEXTURE/1f/60/f99b3137f3d9900f61260fb3c5061d6810b8.udd" 4096
"C:/Users/Neri/AppData/Local/UnrealEngine/Common/DerivedDataCache/Buckets/LegacyTEXTURE/9c/28/9de542b21ea0668e3ff1a1d13bc6d56474e7.udd" 4097
"../../../Engine/Plugins/Animation/ControlRig/Content/Controls/ControlRig_Circle_solid.uasset" 4098
"../../../Engine/Plugins/Animation/ControlRig/Content/Controls/ControlRig_Circle_3mm.uasset" 4099
"../../../Engine/Plugins/Animation/ControlRig/Content/Controls/ControlRig_Circle_1mm.uasset" 4100
"../../../Engine/Plugins/Animation/ControlRig/Content/Controls/ControlRig_Box_solid.uasset" 4101
"../../../Engine/Plugins/Animation/ControlRig/Content/Controls/ControlRig_Box_3mm.uasset" 4102
"../../../Engine/Plugins/Animation/ControlRig/Content/Controls/ControlRig_Box_1mm.uasset" 4103
"../../../Engine/Plugins/Animation/ControlRig/Content/Controls/ControlRig_Arrow_solid.uasset" 4104
"../../../Engine/Plugins/Animation/ControlRig/Content/Controls/ControlRig_Arrow_3mm.uasset" 4105
"../../../Engine/Plugins/Animation/ControlRig/Content/Controls/ControlRig_Arrow_1mm.uasset" 4106
"../../../Engine/Plugins/Animation/ControlRig/Content/Controls/ControlRig_Arrow4_solid.uasset" 4107
"../../../Engine/Plugins/Animation/ControlRig/Content/Controls/ControlRig_Arrow4_3mm.uasset" 4108
"../../../Engine/Plugins/Animation/ControlRig/Content/Controls/ControlRig_Arrow4_1mm.uasset" 4109
"../../../Engine/Plugins/Animation/ControlRig/Content/Controls/ControlRig_Arrow2_solid.uasset" 4110
"../../../Engine/Plugins/Animation/ControlRig/Content/Controls/ControlRig_Arrow2_3mm.uasset" 4111
"../../../Engine/Plugins/Animation/ControlRig/Content/Controls/ControlRig_Arrow2_1mm.uasset" 4112
"../../../Engine/Plugins/Animation/ControlRig/Content/Controls/ControlRig_Sphere_solid.uasset" 4113
"../../../Engine/Plugins/Interchange/Runtime/Content/gltf/MaterialFunctions/MF_Transmission.uasset" 4114
"../../../Engine/Plugins/Interchange/Runtime/Content/gltf/MaterialFunctions/MF_Specular.uasset" 4115
"../../../Engine/Plugins/Interchange/Runtime/Content/gltf/MaterialFunctions/MF_Sheen.uasset" 4116
"../../../Engine/Plugins/Interchange/Runtime/Content/gltf/MaterialFunctions/MF_Occlusion.uasset" 4117
"../../../Engine/Plugins/Interchange/Runtime/Content/gltf/MaterialFunctions/MF_MetallicRoughness.uasset" 4118
"../../../Engine/Plugins/Interchange/Runtime/Content/gltf/MaterialFunctions/MF_Emissive.uasset" 4119
"../../../Engine/Plugins/Interchange/Runtime/Content/gltf/MaterialFunctions/MF_DiffuseSpecGloss.uasset" 4120
"../../../Engine/Plugins/Interchange/Runtime/Content/gltf/MaterialFunctions/MF_BaseColor.uasset" 4121
"../../../Engine/Plugins/Interchange/Runtime/Content/Materials/PBRSurfaceFunction.uasset" 4122
"../../../Engine/Plugins/Interchange/Runtime/Content/Materials/LambertSurfaceMaterial.uasset" 4123
"../../../Engine/Plugins/Interchange/Runtime/Content/gltf/MaterialFunctions/MF_SpecGlossToMetalRoughness.uasset" 4124
"../../../Engine/Plugins/Interchange/Runtime/Content/Functions/MX_Transmission.uasset" 4125
"../../../Engine/Plugins/Interchange/Runtime/Content/Functions/MX_StandardSurface.uasset" 4126
"../../../Engine/Plugins/Interchange/Runtime/Content/Materials/OrenNayerMaterial.uasset" 4127
"D:/LobinhoTheGame/UE5_LobinhoTheGame/Content/AnimalVarietyPack/Wolf/Animations/ANIM_Wolf_Death_Montage.uasset" 4128
"D:/LobinhoTheGame/UE5_LobinhoTheGame/Content/AnimalVarietyPack/Wolf/Meshes/SK_Wolf.uasset" 4129
"D:/LobinhoTheGame/UE5_LobinhoTheGame/Content/Light_Foliage/Materials/MI_Rock_01.uasset" 4130
"D:/LobinhoTheGame/UE5_LobinhoTheGame/Content/Light_Foliage/Materials/MI_Rock_02.uasset" 4131
"D:/LobinhoTheGame/UE5_LobinhoTheGame/Content/Light_Foliage/Materials/MI_Rock_03.uasset" 4132
"D:/LobinhoTheGame/UE5_LobinhoTheGame/Content/Light_Foliage/Materials/MI_Rock_04.uasset" 4133
"D:/LobinhoTheGame/UE5_LobinhoTheGame/Content/Light_Foliage/Materials/MI_Rock_05.uasset" 4134
"D:/LobinhoTheGame/UE5_LobinhoTheGame/Content/Light_Foliage/Materials/MI_Rock_06.uasset" 4135
"D:/LobinhoTheGame/UE5_LobinhoTheGame/Content/Light_Foliage/Materials/MI_Rock_07.uasset" 4136
"D:/LobinhoTheGame/UE5_LobinhoTheGame/Content/Light_Foliage/Materials/MI_Rock_08.uasset" 4137
"D:/LobinhoTheGame/UE5_LobinhoTheGame/Content/UI/Menus/MainMenu.uasset" 4138
"D:/LobinhoTheGame/UE5_LobinhoTheGame/Content/AnimalVarietyPack/DeerStagAndDoe/Animations/ANIM_DeerStag_Death_Montage.uasset" 4139
"D:/LobinhoTheGame/UE5_LobinhoTheGame/Content/UI/Misc/Hunt_Begin.uasset" 4140
"D:/LobinhoTheGame/UE5_LobinhoTheGame/Content/UI/Health/Wolf_HealthBar.uasset" 4141
"C:/Users/Neri/AppData/Local/UnrealEngine/Common/DerivedDataCache/Buckets/LegacyAnimSeq/50/0a/6276a85ae6c8ab3fcd1fe5cbadb89ad0ecb6.udd" 4142
"C:/Users/Neri/AppData/Local/UnrealEngine/Common/DerivedDataCache/Buckets/LegacyAnimSeq/6c/1b/e0b7535f8d12aff9736b3f0dad7a8e7ebb50.udd" 4143
"C:/Users/Neri/AppData/Local/UnrealEngine/Common/DerivedDataCache/Buckets/MaterialShaderMap/2e/46/f92a94914afa2152b816b46c7c09b697855e.udd" 4144
"C:/Users/Neri/AppData/Local/UnrealEngine/Common/DerivedDataCache/Buckets/MaterialShaderMap/73/48/548e2c6954240621e3b4e1192604286a9bd7.udd" 4145
"C:/Users/Neri/AppData/Local/UnrealEngine/Common/DerivedDataCache/Buckets/MaterialShaderMap/f4/7e/7188b1c5d23070e3bc1ae8a5660e916b2258.udd" 4146
"C:/Users/Neri/AppData/Local/UnrealEngine/Common/DerivedDataCache/Buckets/MaterialShaderMap/ce/c4/c081e7998e5b3f60b786f006ffcaa0f3f600.udd" 4147
"C:/Users/Neri/AppData/Local/UnrealEngine/Common/DerivedDataCache/Buckets/LegacyAnimSeq/76/ee/20b6c3a98303bda5f97a0bed3ec60819ed28.udd" 4148
"C:/Users/Neri/AppData/Local/UnrealEngine/Common/DerivedDataCache/Buckets/LegacyAnimSeq/86/94/4dfcb688e559dab5a5c87442ffcdc2bb8a9d.udd" 4149
"C:/Users/Neri/AppData/Local/UnrealEngine/Common/DerivedDataCache/Buckets/LegacyTEXTURE/07/52/003e97a164f98184517bfb8775cd254e7954.udd" 4150
"C:/Users/Neri/AppData/Local/UnrealEngine/Common/DerivedDataCache/Buckets/LegacyTEXTURE/23/27/6450c4359d84582948c04556238eedd35206.udd" 4151
"C:/Users/Neri/AppData/Local/UnrealEngine/Common/DerivedDataCache/Buckets/LegacyTEXTURE/ff/60/c2c488a4b41a5a74b597b65035dc5e1de55a.udd" 4152
"C:/Users/Neri/AppData/Local/UnrealEngine/Common/DerivedDataCache/Buckets/LegacyTEXTURE/54/f5/fcd7207d4eb9b80c92757a7cf177583e3aa7.udd" 4153
"C:/Users/Neri/AppData/Local/UnrealEngine/Common/DerivedDataCache/Buckets/LegacyTEXTURE/1f/2a/6001f79decc9ad06a77efa1dc862599054e5.udd" 4154
"C:/Users/Neri/AppData/Local/UnrealEngine/Common/DerivedDataCache/Buckets/LegacyTEXTURE/99/65/7b186dbb515f6baf9301466db6b8fa657a3c.udd" 4155
"C:/Users/Neri/AppData/Local/UnrealEngine/Common/DerivedDataCache/Buckets/LegacyTEXTURE/b2/3a/765e36e01ebb35f9204ecc4406db2d7fd3e0.udd" 4156
"C:/Users/Neri/AppData/Local/UnrealEngine/Common/DerivedDataCache/Buckets/LegacyTEXTURE/22/a3/91ec06e3a946de380b848db3922b99d1accf.udd" 4157
"C:/Users/Neri/AppData/Local/UnrealEngine/Common/DerivedDataCache/Buckets/LegacyTEXTURE/3b/dc/8781e8dd4b3c3a91128223d7562fb71e606c.udd" 4158
"C:/Users/Neri/AppData/Local/UnrealEngine/Common/DerivedDataCache/Buckets/LegacyTEXTURE/f4/95/72727516b77415d81eba409c21d6a1d388cb.udd" 4159
"C:/Users/Neri/AppData/Local/UnrealEngine/Common/DerivedDataCache/Buckets/LegacyTEXTURE/66/81/73c108bab0391099488a22a9484799bbad72.udd" 4160
"C:/Users/Neri/AppData/Local/UnrealEngine/Common/DerivedDataCache/Buckets/LegacyTEXTURE/21/8f/92338d3eba554f555c2685f9c688e4d16108.udd" 4161
"C:/Users/Neri/AppData/Local/UnrealEngine/Common/DerivedDataCache/Buckets/LegacyTEXTURE/e3/b6/4ddcfb1e1b4e213577675f43c7321f5e0dc3.udd" 4162
"C:/Users/Neri/AppData/Local/UnrealEngine/Common/DerivedDataCache/Buckets/LegacyTEXTURE/08/89/a23ce8adab781b22e62fd0404650b52ff856.udd" 4163
"C:/Users/Neri/AppData/Local/UnrealEngine/Common/DerivedDataCache/Buckets/LegacyTEXTURE/b4/b1/6ab1d5f11abd791b397669982a4504914751.udd" 4164
"C:/Users/Neri/AppData/Local/UnrealEngine/Common/DerivedDataCache/Buckets/LegacyTEXTURE/eb/50/bc6cdc60374280e316335cc68a90bb2d5bea.udd" 4165
"C:/Users/Neri/AppData/Local/UnrealEngine/Common/DerivedDataCache/Buckets/LegacyTEXTURE/89/2d/9277ab18ed3f5fa8248e5e5331667fce0acc.udd" 4166
"C:/Users/Neri/AppData/Local/UnrealEngine/Common/DerivedDataCache/Buckets/LegacyTEXTURE/62/57/a73832cf52756b6e2debe5db1320f9f4900e.udd" 4167
"C:/Users/Neri/AppData/Local/UnrealEngine/Common/DerivedDataCache/Buckets/LegacyTEXTURE/4f/3c/885890366ef46290a0507ec4027545a24a2a.udd" 4168
"C:/Users/Neri/AppData/Local/UnrealEngine/Common/DerivedDataCache/Buckets/LegacyTEXTURE/98/9c/f96061d0fc0912c9d9b84420cab6ee787cc1.udd" 4169
"C:/Users/Neri/AppData/Local/UnrealEngine/Common/DerivedDataCache/Content/51/59/ae2d947da89159e7b70fc63256a61209380c.udd" 4170
"C:/Users/Neri/AppData/Local/UnrealEngine/Common/DerivedDataCache/Buckets/LegacyTEXTURE/8f/a2/5b1614b59984d26f599cd0ac5567694faaa8.udd" 4171
"C:/Users/Neri/AppData/Local/UnrealEngine/Common/DerivedDataCache/Buckets/LegacyTEXTURE/7e/c5/845b734897b636feee15a39d58714766813f.udd" 4172
"C:/Users/Neri/AppData/Local/UnrealEngine/Common/DerivedDataCache/Buckets/LegacyTEXTURE/2b/28/6c82a293ca5ecdf072fe248e7655cb6a39bd.udd" 4173
"C:/Users/Neri/AppData/Local/UnrealEngine/Common/DerivedDataCache/Buckets/LegacyTEXTURE/6e/ce/9e47d8e210251fd684bf83676c421cc8b189.udd" 4174
"C:/Users/Neri/AppData/Local/UnrealEngine/Common/DerivedDataCache/Buckets/LegacyTEXTURE/8c/32/5a7362fbcb2bf2a5ae4dea04ba0fff389e2e.udd" 4175
"C:/Users/Neri/AppData/Local/UnrealEngine/Common/DerivedDataCache/Content/fc/9d/9c0cff7b0e2e32c2a7fd3f8dc0b0c8f661bf.udd" 4176
"C:/Users/Neri/AppData/Local/UnrealEngine/Common/DerivedDataCache/Buckets/LegacyTEXTURE/05/06/506f0fa0355d7e80470eb432a9c0ea1bbcbd.udd" 4177
"C:/Users/Neri/AppData/Local/UnrealEngine/Common/DerivedDataCache/Buckets/LegacyTEXTURE/dd/5f/b309a1b2d39970be3601bcd2184b9bf0d108.udd" 4178
"C:/Users/Neri/AppData/Local/UnrealEngine/Common/DerivedDataCache/Buckets/LegacyTEXTURE/b7/1a/62a7883348e088698d2a661a4dffa007ca89.udd" 4179
"C:/Users/Neri/AppData/Local/UnrealEngine/Common/DerivedDataCache/Buckets/LegacyTEXTURE/d6/36/330c967cc14b3952149cfb0043496b059b9f.udd" 4180
"C:/Users/Neri/AppData/Local/UnrealEngine/Common/DerivedDataCache/Buckets/LegacyTEXTURE/d6/e1/4032ec069512cf7383df70cbcdef38cffb21.udd" 4181
"C:/Users/Neri/AppData/Local/UnrealEngine/Common/DerivedDataCache/Buckets/LegacyTEXTURE/ee/be/a385523d1d5281fc5b96580794a3adbab46d.udd" 4182
"C:/Users/Neri/AppData/Local/UnrealEngine/Common/DerivedDataCache/Buckets/LegacyTEXTURE/69/7e/81d0252510d08358dec2afc9ce7cd1e16d5b.udd" 4183
"C:/Users/Neri/AppData/Local/UnrealEngine/Common/DerivedDataCache/Buckets/LegacyTEXTURE/36/d4/fc01d2f1a9ee031916d1149d7a6b83fa3625.udd" 4184
"C:/Users/Neri/AppData/Local/UnrealEngine/Common/DerivedDataCache/Buckets/LegacyTEXTURE/0b/1b/adb2d9734b98300b4d6462ec186fb1b0c7b3.udd" 4185
"C:/Users/Neri/AppData/Local/UnrealEngine/Common/DerivedDataCache/Buckets/LegacyTEXTURE/07/be/5aeba632ffc93e61b41959a796efed79a5b2.udd" 4186
"C:/Users/Neri/AppData/Local/UnrealEngine/Common/DerivedDataCache/Content/5f/b2/c8833e2185b5ec0617db1160eac6643e5dda.udd" 4187
"C:/Users/Neri/AppData/Local/UnrealEngine/Common/DerivedDataCache/Buckets/LegacyTEXTURE/cb/5a/cc14a1e358654f61730e2e3fda8a6c972295.udd" 4188
"C:/Users/Neri/AppData/Local/UnrealEngine/Common/DerivedDataCache/Buckets/LegacyTEXTURE/c9/8a/4210abb384a02819fa870d0ab2ff472efcc1.udd" 4189
"C:/Users/Neri/AppData/Local/UnrealEngine/Common/DerivedDataCache/Buckets/LegacyTEXTURE/ae/29/d520cc18542ec0808f26335e203eb7a6e943.udd" 4190
"C:/Users/Neri/AppData/Local/UnrealEngine/Common/DerivedDataCache/Buckets/LegacyTEXTURE/ff/fa/4ab2e6c2163a1b4309261a211da18690b92e.udd" 4191
"C:/Users/Neri/AppData/Local/UnrealEngine/Common/DerivedDataCache/Buckets/LegacyTEXTURE/ae/17/51956dc9d524eb4a9a70126741a370e0cb65.udd" 4192
"C:/Users/Neri/AppData/Local/UnrealEngine/Common/DerivedDataCache/Buckets/LegacyTEXTURE/7b/86/409325b3c86cf6c0cd96050e21b1e122f170.udd" 4193
"C:/Users/Neri/AppData/Local/UnrealEngine/Common/DerivedDataCache/Buckets/LegacyTEXTURE/b1/e8/f23fcd905aba1c9bf92dbbbac270005e3584.udd" 4194
"C:/Users/Neri/AppData/Local/UnrealEngine/Common/DerivedDataCache/Content/6a/4f/b5c4c643450996f37e3285f606b6e0281e72.udd" 4195
"C:/Users/Neri/AppData/Local/UnrealEngine/Common/DerivedDataCache/Buckets/LegacyTEXTURE/7d/68/9c6f538457ab074ebd4fd9c4ec88be279356.udd" 4196
"C:/Users/Neri/AppData/Local/UnrealEngine/Common/DerivedDataCache/Buckets/LegacyTEXTURE/cf/68/6956328cee02f94fd4a641f76314ffb4857f.udd" 4197
"C:/Users/Neri/AppData/Local/UnrealEngine/Common/DerivedDataCache/Buckets/LegacyTEXTURE/17/da/567ca016895034e9fedfd270718769bdb239.udd" 4198
"C:/Users/Neri/AppData/Local/UnrealEngine/Common/DerivedDataCache/Buckets/LegacyTEXTURE/03/e0/989a2dabe3223c0e7b1a41a6cfe19fdae8a3.udd" 4199
"C:/Users/Neri/AppData/Local/UnrealEngine/Common/DerivedDataCache/Buckets/LegacyTEXTURE/9b/da/1d6fb16a4fed31d6acc5e31a0d9502b6c2f0.udd" 4200
"C:/Users/Neri/AppData/Local/UnrealEngine/Common/DerivedDataCache/Buckets/LegacyTEXTURE/96/af/478ab3c491454eb381304dc97b6514994c28.udd" 4201
"C:/Users/Neri/AppData/Local/UnrealEngine/Common/DerivedDataCache/Content/b9/ae/edffeee548443ca9788eb1bbc173e0ce9a89.udd" 4202
"C:/Users/Neri/AppData/Local/UnrealEngine/Common/DerivedDataCache/Buckets/LegacyTEXTURE/1c/1d/8e8fb2d32d4fc081c15442387bbe8ff1befc.udd" 4203
"C:/Users/Neri/AppData/Local/UnrealEngine/Common/DerivedDataCache/Buckets/LegacyTEXTURE/a5/87/945ba91e71da17b068a75e9aeec59115bd61.udd" 4204
"C:/Users/Neri/AppData/Local/UnrealEngine/Common/DerivedDataCache/Buckets/LegacyTEXTURE/87/48/e422f948eb24297b28f4c1398b23f7d12929.udd" 4205
"C:/Users/Neri/AppData/Local/UnrealEngine/Common/DerivedDataCache/Buckets/LegacyTEXTURE/f1/b5/fc0379b525b80d75cf9a2d6bc61006898427.udd" 4206
"C:/Users/Neri/AppData/Local/UnrealEngine/Common/DerivedDataCache/Buckets/LegacyTEXTURE/15/73/aa119bab5cd72b20f25f86528d68d9fee84b.udd" 4207
"C:/Users/Neri/AppData/Local/UnrealEngine/Common/DerivedDataCache/Buckets/LegacyTEXTURE/48/83/a1fb87bcda3002549e70b25d4d91ad80d570.udd" 4208
"C:/Users/Neri/AppData/Local/UnrealEngine/Common/DerivedDataCache/Content/1b/9f/ef33012a334c57661cf593f1659dcd069296.udd" 4209
"C:/Users/Neri/AppData/Local/UnrealEngine/Common/DerivedDataCache/Buckets/LegacyTEXTURE/44/a6/37a6c769550deacda3886a3fbf71407c81ec.udd" 4210
"C:/Users/Neri/AppData/Local/UnrealEngine/Common/DerivedDataCache/Buckets/LegacyTEXTURE/4a/71/a896e2eb8c97046ad73de8ce1af2e253b0ea.udd" 4211
"C:/Users/Neri/AppData/Local/UnrealEngine/Common/DerivedDataCache/Buckets/LegacySKELETALMESH/e7/36/cd9ea12da95f315124d34ed3f72b5fd349d5.udd" 4212
"C:/Users/Neri/AppData/Local/UnrealEngine/Common/DerivedDataCache/Buckets/LegacyTEXTURE/84/1b/5ba2d9b1c900dfb235a0bbf8aa2df2f01a21.udd" 4213
"C:/Users/Neri/AppData/Local/UnrealEngine/Common/DerivedDataCache/Content/f1/56/5bad2ea65aff8848cfa0062178784210a4ba.udd" 4214
"C:/Users/Neri/AppData/Local/UnrealEngine/Common/DerivedDataCache/Buckets/LegacyTEXTURE/7f/af/703668396fbd4040dc0a5b108c9456a8af84.udd" 4215
"C:/Users/Neri/AppData/Local/UnrealEngine/Common/DerivedDataCache/Buckets/LegacyTEXTURE/4f/76/3a583ed07c559a6b437b578789cd7b8ec9c2.udd" 4216
"C:/Users/Neri/AppData/Local/UnrealEngine/Common/DerivedDataCache/Buckets/LegacyTEXTURE/1d/3a/62bb56f439b6a4b21eddeaf903027e6ef950.udd" 4217
"C:/Users/Neri/AppData/Local/UnrealEngine/Common/DerivedDataCache/Buckets/LegacyTEXTURE/4c/06/7502fb24f5b9d4e6c4881d2b40452b0a9c9d.udd" 4218
"C:/Users/Neri/AppData/Local/UnrealEngine/Common/DerivedDataCache/Buckets/LegacyTEXTURE/3e/5b/50d71d931ef395058ff65bfc1b789cf50ff7.udd" 4219
"C:/Users/Neri/AppData/Local/UnrealEngine/Common/DerivedDataCache/Content/70/ec/f45605abffe645ceb4cc7cf7a63991cfd04c.udd" 4220
"C:/Users/Neri/AppData/Local/UnrealEngine/Common/DerivedDataCache/Buckets/LegacyTEXTURE/c2/bd/4cee254fb3543d24aabdf5f270345826f642.udd" 4221
"C:/Users/Neri/AppData/Local/UnrealEngine/Common/DerivedDataCache/Buckets/LegacyTEXTURE/c3/9d/18435d18ef93198dd43be249e1e22a3bd2f6.udd" 4222
"C:/Users/Neri/AppData/Local/UnrealEngine/Common/DerivedDataCache/Buckets/LegacyTEXTURE/bd/61/acdf37a004aebf2ada564297e8f822b33a32.udd" 4223
"C:/Users/Neri/AppData/Local/UnrealEngine/Common/DerivedDataCache/Buckets/LegacyTEXTURE/03/d7/760f935672e084d1a73252513ec460a843c1.udd" 4224
"C:/Users/Neri/AppData/Local/UnrealEngine/Common/DerivedDataCache/Buckets/LegacyTEXTURE/cf/ef/cdf6e8341fbda7236c9177d0eefd33b9b7c4.udd" 4225
"C:/Users/Neri/AppData/Local/UnrealEngine/Common/DerivedDataCache/Buckets/LegacyTEXTURE/d1/52/94bdb5e3e895bdad588f25333ea478ce6cd9.udd" 4226
"C:/Users/Neri/AppData/Local/UnrealEngine/Common/DerivedDataCache/Buckets/LegacyTEXTURE/ce/e6/c0d71353bac36d8d6ff824392d940b7b6268.udd" 4227
"C:/Users/Neri/AppData/Local/UnrealEngine/Common/DerivedDataCache/Buckets/LegacyTEXTURE/83/1a/bcf2bd2531aad9e9286af241bfd1d0b0d865.udd" 4228
"C:/Users/Neri/AppData/Local/UnrealEngine/Common/DerivedDataCache/Buckets/LegacyTEXTURE/c4/15/db493a62ba8e24c957d215d6b3dd3e3fd695.udd" 4229
"C:/Users/Neri/AppData/Local/UnrealEngine/Common/DerivedDataCache/Buckets/LegacyTEXTURE/bd/cc/42c4ef9f600a90aac8816a24b5eabe17a5cd.udd" 4230
"C:/Users/Neri/AppData/Local/UnrealEngine/Common/DerivedDataCache/Buckets/LegacyTEXTURE/07/94/6a09a19d17380f6e96e0e936798bce38ec4a.udd" 4231
"C:/Users/Neri/AppData/Local/UnrealEngine/Common/DerivedDataCache/Buckets/LegacyTEXTURE/2f/b0/2c50481dbc05175fe4706f60a2865a9cd82c.udd" 4232
"C:/Users/Neri/AppData/Local/UnrealEngine/Common/DerivedDataCache/Buckets/LegacyTEXTURE/eb/88/242b878360a86e44c55b54d0c521a1f7393c.udd" 4233
"C:/Users/Neri/AppData/Local/UnrealEngine/Common/DerivedDataCache/Content/71/21/22f3b85d731ff7a1acd05245a5818493c4db.udd" 4234
"C:/Users/Neri/AppData/Local/UnrealEngine/Common/DerivedDataCache/Buckets/LegacyTEXTURE/3c/d2/c701f90bb7b55b4ab5d17544c79d175df28f.udd" 4235
"C:/Users/Neri/AppData/Local/UnrealEngine/Common/DerivedDataCache/Buckets/LegacyTEXTURE/8a/a1/88eb09679e52d3cc8da70d41134c420cefe3.udd" 4236
"C:/Users/Neri/AppData/Local/UnrealEngine/Common/DerivedDataCache/Buckets/LegacyTEXTURE/7e/27/504d7440185a9098cc3c7dc944c3cd5eb291.udd" 4237
"C:/Users/Neri/AppData/Local/UnrealEngine/Common/DerivedDataCache/Buckets/LegacyTEXTURE/41/22/6f669bbc569a294e56e68006d1b806b5465b.udd" 4238
"C:/Users/Neri/AppData/Local/UnrealEngine/Common/DerivedDataCache/Buckets/LegacyTEXTURE/10/ee/553b03d57a43d6e6e5832a81f2e86dab253b.udd" 4239
"C:/Users/Neri/AppData/Local/UnrealEngine/Common/DerivedDataCache/Buckets/LegacyTEXTURE/93/2a/8f21b65f8e39a43b3fb2578f8b5db389ac6e.udd" 4240
"C:/Users/Neri/AppData/Local/UnrealEngine/Common/DerivedDataCache/Buckets/LegacyTEXTURE/0a/aa/52b63e1f8e2e594d84f9a9638ef77b302f06.udd" 4241
"C:/Users/Neri/AppData/Local/UnrealEngine/Common/DerivedDataCache/Buckets/LegacyTEXTURE/a5/84/0afa6ea6e9478511c27242a31ded4f040214.udd" 4242
"C:/Users/Neri/AppData/Local/UnrealEngine/Common/DerivedDataCache/Buckets/LegacyTEXTURE/a1/85/39bfeb94962ef07165391f301b2097e8402d.udd" 4243
"C:/Users/Neri/AppData/Local/UnrealEngine/Common/DerivedDataCache/Buckets/LegacyTEXTURE/a0/b9/434200ac14c0bd10d05411aa589ac79a1878.udd" 4244
"C:/Users/Neri/AppData/Local/UnrealEngine/Common/DerivedDataCache/Buckets/LegacyTEXTURE/cc/4e/4153157d528b9157f71ecc8e23cdae227c3c.udd" 4245
"C:/Users/Neri/AppData/Local/UnrealEngine/Common/DerivedDataCache/Buckets/LegacyTEXTURE/2e/fd/f123464cb5cfc7eb3e771f42738f5992ff5a.udd" 4246
"C:/Users/Neri/AppData/Local/UnrealEngine/Common/DerivedDataCache/Buckets/LegacyTEXTURE/3a/02/69b45d4ab9fc25736152f229a27e2d5915c2.udd" 4247
"C:/Users/Neri/AppData/Local/UnrealEngine/Common/DerivedDataCache/Buckets/LegacyTEXTURE/95/30/245bd08ac68d80d5749b613f396f3367402c.udd" 4248
"C:/Users/Neri/AppData/Local/UnrealEngine/Common/DerivedDataCache/Buckets/LegacyTEXTURE/80/8c/acd563c684dcdcd66d625fa89e6e346f3953.udd" 4249
"C:/Users/Neri/AppData/Local/UnrealEngine/Common/DerivedDataCache/Buckets/LegacyTEXTURE/4e/32/ee74cee961ae448751f99df5707b64655513.udd" 4250
"C:/Users/Neri/AppData/Local/UnrealEngine/Common/DerivedDataCache/Buckets/LegacyTEXTURE/2e/fb/8fc056a196ff28505cec72225bbdec210ae9.udd" 4251
"C:/Users/Neri/AppData/Local/UnrealEngine/Common/DerivedDataCache/Buckets/LegacyTEXTURE/a4/77/c2bc2645115e59def1a622573a2665480153.udd" 4252
"C:/Users/Neri/AppData/Local/UnrealEngine/Common/DerivedDataCache/Buckets/LegacyTEXTURE/e4/74/9aeaaced24029b734ed504d24f8d91b2d588.udd" 4253
"C:/Users/Neri/AppData/Local/UnrealEngine/Common/DerivedDataCache/Buckets/LegacyTEXTURE/a9/c2/d2f88e599895cb1250985634fc7b4951b443.udd" 4254
"C:/Users/Neri/AppData/Local/UnrealEngine/Common/DerivedDataCache/Buckets/LegacyTEXTURE/05/85/e1ee1d389fff11a7b87eb89151bd5d30991c.udd" 4255
"C:/Users/Neri/AppData/Local/UnrealEngine/Common/DerivedDataCache/Buckets/LegacyTEXTURE/85/56/eacf1c79b363251c15648745caf2d136435f.udd" 4256
"C:/Users/Neri/AppData/Local/UnrealEngine/Common/DerivedDataCache/Buckets/LegacyTEXTURE/b3/aa/25637711603920907ad1d7ea7c50ba811c24.udd" 4257
"C:/Users/Neri/AppData/Local/UnrealEngine/Common/DerivedDataCache/Buckets/LegacyTEXTURE/cb/f1/ff95f47165a7844934375d405cfd0b507a5c.udd" 4258
"C:/Users/Neri/AppData/Local/UnrealEngine/Common/DerivedDataCache/Buckets/LegacyTEXTURE/20/fb/e0a7fcea6941f5d2a4056ca36c484ea816c2.udd" 4259
"C:/Users/Neri/AppData/Local/UnrealEngine/Common/DerivedDataCache/Buckets/LegacyTEXTURE/b8/31/ca5793ccf7175b58494e0493dac78a568529.udd" 4260
"C:/Users/Neri/AppData/Local/UnrealEngine/Common/DerivedDataCache/Buckets/LegacyTEXTURE/62/cd/ee940b9fbfbd6f81d5ced1951eaa7e2b5603.udd" 4261
"C:/Users/Neri/AppData/Local/UnrealEngine/Common/DerivedDataCache/Content/2c/4e/07897235e5ef7f9a4fc31e760ba9d489f97c.udd" 4262
"C:/Users/Neri/AppData/Local/UnrealEngine/Common/DerivedDataCache/Buckets/LegacyTEXTURE/2e/d9/ecbd582dbded7edb41e896b4f2dffc99b4cc.udd" 4263
"C:/Users/Neri/AppData/Local/UnrealEngine/Common/DerivedDataCache/Buckets/LegacyTEXTURE/11/11/2a492ace058fceaa244592f00bd31c49bc97.udd" 4264
"C:/Users/Neri/AppData/Local/UnrealEngine/Common/DerivedDataCache/Content/ed/a3/0142034822324cb128968c1841c096890add.udd" 4265
"C:/Users/Neri/AppData/Local/UnrealEngine/Common/DerivedDataCache/Content/2e/cf/514e3ce6a29bf482462cfa05e88e511c9a22.udd" 4266
"C:/Users/Neri/AppData/Local/UnrealEngine/Common/DerivedDataCache/Buckets/LegacyTEXTURE/79/c1/6956039a0fbd91ee11a5517f7433bbee1770.udd" 4267
"C:/Users/Neri/AppData/Local/UnrealEngine/Common/DerivedDataCache/Buckets/LegacyTEXTURE/82/2f/c6038b01e1191bbb6105dd41f9813fad1cb0.udd" 4268
"C:/Users/Neri/AppData/Local/UnrealEngine/Common/DerivedDataCache/Buckets/LegacyTEXTURE/3d/43/b50ba83b6999181412214969ae8b63eaf639.udd" 4269
"C:/Users/Neri/AppData/Local/UnrealEngine/Common/DerivedDataCache/Content/5b/f1/4b078364fbf9c78b8dc5d93eb9bf524cedd7.udd" 4270
"C:/Users/Neri/AppData/Local/UnrealEngine/Common/DerivedDataCache/Buckets/LegacyTEXTURE/e8/bd/2a062b6d0642c98ee3d08ba0fa4000cf06b0.udd" 4271
"C:/Users/Neri/AppData/Local/UnrealEngine/Common/DerivedDataCache/Content/b6/c4/8099d2dd8be85b4c48f5cfca030d5bd2857f.udd" 4272
"C:/Users/Neri/AppData/Local/UnrealEngine/Common/DerivedDataCache/Content/99/ea/505962861b87b166e10eb1b47572b58fbfb4.udd" 4273
"C:/Users/Neri/AppData/Local/UnrealEngine/Common/DerivedDataCache/Buckets/LegacyTEXTURE/e6/73/fa33b1bc52e77867036a3298b60d18f63d68.udd" 4274
"C:/Users/Neri/AppData/Local/UnrealEngine/Common/DerivedDataCache/Buckets/LegacyTEXTURE/e9/06/a098b380ec5135764ea2ed6c916504eb424a.udd" 4275
"C:/Users/Neri/AppData/Local/UnrealEngine/Common/DerivedDataCache/Buckets/LegacySKELETALMESH/cf/5c/4410778b594c92537dd60808f5f7bfffa6d8.udd" 4276
"C:/Users/Neri/AppData/Local/UnrealEngine/Common/DerivedDataCache/Buckets/LegacyTEXTURE/38/d3/95745848b4174d71b1ef07805bae7b643d1c.udd" 4277
"C:/Users/Neri/AppData/Local/UnrealEngine/Common/DerivedDataCache/Content/5f/dd/48b55ef23b9ed952ae8f72ebd2a4e9a381c7.udd" 4278
"C:/Users/Neri/AppData/Local/UnrealEngine/Common/DerivedDataCache/Buckets/LegacyTEXTURE/a7/c6/aae9d119662f10b9ebfaf065d75f0f0ee2dc.udd" 4279
"C:/Users/Neri/AppData/Local/UnrealEngine/Common/DerivedDataCache/Content/21/de/d5e8599e94f9dd2f0e54f42ea82eb8743928.udd" 4280
"C:/Users/Neri/AppData/Local/UnrealEngine/Common/DerivedDataCache/Content/ac/2b/7e4aa60576d801ac960a673b3f1b990e930e.udd" 4281
"C:/Users/Neri/AppData/Local/UnrealEngine/Common/DerivedDataCache/Buckets/LegacyTEXTURE/3c/c6/7d187278f7469e992ede5890e87665af8926.udd" 4282
"C:/Users/Neri/AppData/Local/UnrealEngine/Common/DerivedDataCache/Buckets/LegacyTEXTURE/02/5a/88f51019d1c7ea9d499042e7f4a8e0a9a262.udd" 4283
"C:/Users/Neri/AppData/Local/UnrealEngine/Common/DerivedDataCache/Buckets/LegacyTEXTURE/b0/8f/118b0f24713251612101f6d3c87fa1615f67.udd" 4284
"C:/Users/Neri/AppData/Local/UnrealEngine/Common/DerivedDataCache/Buckets/LegacyTEXTURE/48/0f/28fa3336118240c1964d0e4af99e35a65617.udd" 4285
"C:/Users/Neri/AppData/Local/UnrealEngine/Common/DerivedDataCache/Buckets/LegacyTEXTURE/05/fd/6b1dd368146446daa74a2f0e035e13f90172.udd" 4286
"C:/Users/Neri/AppData/Local/UnrealEngine/Common/DerivedDataCache/Buckets/LegacyTEXTURE/f0/3f/c638e941a65f0943e64c06470b8e1417aa8c.udd" 4287
"C:/Users/Neri/AppData/Local/UnrealEngine/Common/DerivedDataCache/Content/c5/52/e699e08c73143aa23ce8abe3bcb27f8b4169.udd" 4288
"C:/Users/Neri/AppData/Local/UnrealEngine/Common/DerivedDataCache/Buckets/LegacyTEXTURE/9d/a6/d822b91ea57d0adc311937a7e62255592b2d.udd" 4289
"C:/Users/Neri/AppData/Local/UnrealEngine/Common/DerivedDataCache/Content/b7/51/909c8cb4f31537a849699bdb31cab047a0f8.udd" 4290
"C:/Users/Neri/AppData/Local/UnrealEngine/Common/DerivedDataCache/Buckets/LegacyTEXTURE/4f/f2/84613db7053403a67f4456bea90a156df8b5.udd" 4291
"C:/Users/Neri/AppData/Local/UnrealEngine/Common/DerivedDataCache/Buckets/LegacyTEXTURE/19/02/9bb1230b38afcb0b9339327b3f648202a5ff.udd" 4292
"C:/Users/Neri/AppData/Local/UnrealEngine/Common/DerivedDataCache/Buckets/LegacyTEXTURE/98/ab/611212f39004f19ee4b3b5474a226f8db0bd.udd" 4293
"C:/Users/Neri/AppData/Local/UnrealEngine/Common/DerivedDataCache/Buckets/LegacyTEXTURE/2e/7e/cf9d0be9269f6b4ace99af38f42b15f939bf.udd" 4294
"C:/Users/Neri/AppData/Local/UnrealEngine/Common/DerivedDataCache/Buckets/LegacyTEXTURE/5e/67/e517502d8ee30c28466f82396a948a16273e.udd" 4295
"C:/Users/Neri/AppData/Local/UnrealEngine/Common/DerivedDataCache/Buckets/LegacyTEXTURE/f6/2a/4c91171b79adb2d7994872e67c36c0034280.udd" 4296
"C:/Users/Neri/AppData/Local/UnrealEngine/Common/DerivedDataCache/Buckets/LegacyTEXTURE/14/bc/9ea455a4327da141e868a2580330c2490694.udd" 4297
"C:/Users/Neri/AppData/Local/UnrealEngine/Common/DerivedDataCache/Buckets/LegacyTEXTURE/a9/9d/ec94bd42f5e02096becb65ce2f26aff8101c.udd" 4298
"C:/Users/Neri/AppData/Local/UnrealEngine/Common/DerivedDataCache/Buckets/LegacyTEXTURE/5c/81/7cfb11d7255cda47c172a303f9071b7ab994.udd" 4299
"C:/Users/Neri/AppData/Local/UnrealEngine/Common/DerivedDataCache/Content/46/43/9c43d382db5da26fde5cd68dd9dd7d0c59d6.udd" 4300
"C:/Users/Neri/AppData/Local/UnrealEngine/Common/DerivedDataCache/Buckets/LegacyTEXTURE/e0/bf/f30fd9bf7a2c7cac8a2bd9703e794a78e645.udd" 4301
"C:/Users/Neri/AppData/Local/UnrealEngine/Common/DerivedDataCache/Buckets/LegacyTEXTURE/df/59/c9825b80bb9d5f3126d2d266f32c219f9e22.udd" 4302
"C:/Users/Neri/AppData/Local/UnrealEngine/Common/DerivedDataCache/Buckets/LegacyTEXTURE/c9/67/2e8db6b6f7bab3ee1756520528c9a1c25754.udd" 4303
"C:/Users/Neri/AppData/Local/UnrealEngine/Common/DerivedDataCache/Buckets/LegacyTEXTURE/86/ec/46cda2dbb1731f495870b02ad30d8b3721d1.udd" 4304
"C:/Users/Neri/AppData/Local/UnrealEngine/Common/DerivedDataCache/Buckets/LegacyTEXTURE/fe/7e/c196c7a1b7581a5026cc50a8cdd43cb31108.udd" 4305
"C:/Users/Neri/AppData/Local/UnrealEngine/Common/DerivedDataCache/Buckets/LegacyTEXTURE/df/71/21b073174d7dc223c9cb4cd5299d383c20a3.udd" 4306
"C:/Users/Neri/AppData/Local/UnrealEngine/Common/DerivedDataCache/Buckets/LegacyTEXTURE/59/6b/3fdd1ddff596407c2111aa2c3a0c0bad29fa.udd" 4307
"C:/Users/Neri/AppData/Local/UnrealEngine/Common/DerivedDataCache/Buckets/LegacyTEXTURE/6c/70/a703d43a426b24c4a8ee18bbb8ef7bf92de6.udd" 4308
"C:/Users/Neri/AppData/Local/UnrealEngine/Common/DerivedDataCache/Buckets/LegacyTEXTURE/58/8b/698336ccdb1d7d9386047309f684e068391d.udd" 4309
"C:/Users/Neri/AppData/Local/UnrealEngine/Common/DerivedDataCache/Buckets/LegacyTEXTURE/08/43/02ee46661c0290b79f359766c3c32388c44a.udd" 4310
"C:/Users/Neri/AppData/Local/UnrealEngine/Common/DerivedDataCache/Buckets/LegacyTEXTURE/fe/16/26def7ba51b9ca247157741e7ada411693db.udd" 4311
"C:/Users/Neri/AppData/Local/UnrealEngine/Common/DerivedDataCache/Content/2c/c3/61c60f52642602569439ae899483e7228133.udd" 4312
"C:/Users/Neri/AppData/Local/UnrealEngine/Common/DerivedDataCache/Buckets/LegacyTEXTURE/8e/60/1337400048f34b790eeb0db74a9f246a4fbc.udd" 4313
"C:/Users/Neri/AppData/Local/UnrealEngine/Common/DerivedDataCache/Buckets/LegacyTEXTURE/10/7c/6bd7a9d6ce6a5d5b9763bf897c16df081204.udd" 4314
"C:/Users/Neri/AppData/Local/UnrealEngine/Common/DerivedDataCache/Buckets/LegacyTEXTURE/cd/eb/f211fa9dc7f6dc64c1d226a79edbf9a52817.udd" 4315
"C:/Users/Neri/AppData/Local/UnrealEngine/Common/DerivedDataCache/Buckets/LegacyTEXTURE/73/7d/5326b6c60800e58a2c1f94852bac89d7504a.udd" 4316
"C:/Users/Neri/AppData/Local/UnrealEngine/Common/DerivedDataCache/Buckets/LegacyTEXTURE/cb/38/d65b932fe6d4bcc4e2cddb918aa215db12b0.udd" 4317
"C:/Users/Neri/AppData/Local/UnrealEngine/Common/DerivedDataCache/Buckets/LegacyTEXTURE/56/03/65c6d49f05cbe1f05b4d1cc18f022229dd07.udd" 4318
"C:/Users/Neri/AppData/Local/UnrealEngine/Common/DerivedDataCache/Buckets/LegacyTEXTURE/cf/1f/70a51d4d3f75c2b67bea728df030c6364803.udd" 4319
"C:/Users/Neri/AppData/Local/UnrealEngine/Common/DerivedDataCache/Buckets/LegacyTEXTURE/a0/d5/c4daf2bfaef821f36583d700e8ea9bd3f328.udd" 4320
"C:/Users/Neri/AppData/Local/UnrealEngine/Common/DerivedDataCache/Buckets/LegacyTEXTURE/ac/51/479a601a4191b758eb9a6c70cf415d7b2523.udd" 4321
"C:/Users/Neri/AppData/Local/UnrealEngine/Common/DerivedDataCache/Buckets/LegacyTEXTURE/75/a0/d43165180873367935c30dc85c9252f93040.udd" 4322
"C:/Users/Neri/AppData/Local/UnrealEngine/Common/DerivedDataCache/Buckets/LegacyTEXTURE/aa/4b/a50f6032dacd9ead1a84f09f00882f5291cb.udd" 4323
"C:/Users/Neri/AppData/Local/UnrealEngine/Common/DerivedDataCache/Buckets/LegacyTEXTURE/44/ce/26f2441f1f7b4c7e67eac526886e6c9b731b.udd" 4324
"C:/Users/Neri/AppData/Local/UnrealEngine/Common/DerivedDataCache/Buckets/LegacyTEXTURE/25/19/bd9da129639a6cf89833beecdc63a4d4b593.udd" 4325
"C:/Users/Neri/AppData/Local/UnrealEngine/Common/DerivedDataCache/Buckets/LegacyTEXTURE/b3/17/669e0ab3b4e760ece26a8b5d1978b0f96e9b.udd" 4326
"C:/Users/Neri/AppData/Local/UnrealEngine/Common/DerivedDataCache/Content/bf/2c/58089228a0dc8cbb63d244a6dd09bdb65022.udd" 4327
"C:/Users/Neri/AppData/Local/UnrealEngine/Common/DerivedDataCache/Buckets/LegacyTEXTURE/a2/09/b8ea9f7782dd1d267da37d9e500bab519186.udd" 4328
"C:/Users/Neri/AppData/Local/UnrealEngine/Common/DerivedDataCache/Buckets/LegacyTEXTURE/34/d5/6c36de7b7ba0e16c46ab0fa68014d001abe7.udd" 4329
"C:/Users/Neri/AppData/Local/UnrealEngine/Common/DerivedDataCache/Buckets/LegacyTEXTURE/24/7e/44379911869056a34cdf70ec36f1ec0df110.udd" 4330
"C:/Users/Neri/AppData/Local/UnrealEngine/Common/DerivedDataCache/Buckets/LegacyTEXTURE/87/31/b34e1b26177dfc0a5bab505d14e85f6be5a4.udd" 4331
"C:/Users/Neri/AppData/Local/UnrealEngine/Common/DerivedDataCache/Buckets/LegacyTEXTURE/25/51/eef030466ef61811de4867bae62ad0d6b1f1.udd" 4332
"C:/Users/Neri/AppData/Local/UnrealEngine/Common/DerivedDataCache/Buckets/LegacyTEXTURE/20/95/077d026319a281e0680445fd2880a1ef9054.udd" 4333
"C:/Users/Neri/AppData/Local/UnrealEngine/Common/DerivedDataCache/Buckets/LegacyTEXTURE/bd/78/906a8dc8896c18559647091cd5379002d264.udd" 4334
"C:/Users/Neri/AppData/Local/UnrealEngine/Common/DerivedDataCache/Buckets/LegacyTEXTURE/01/eb/f4549307553e2a7dff004b59155816fe9a18.udd" 4335
"C:/Users/Neri/AppData/Local/UnrealEngine/Common/DerivedDataCache/Buckets/LegacyTEXTURE/e3/31/8afbde5cbdbf5890436c205d38f3d75b5eda.udd" 4336
"C:/Users/Neri/AppData/Local/UnrealEngine/Common/DerivedDataCache/Buckets/LegacyTEXTURE/98/18/12a7440605d2daffeb23347dd24382ef29e3.udd" 4337
"C:/Users/Neri/AppData/Local/UnrealEngine/Common/DerivedDataCache/Buckets/LegacyTEXTURE/95/d0/32a73995b27153a3519a00e0ba30aebb8c37.udd" 4338
"../../Plugins/Animation/ControlRig/Content/Controls/ControlRig_Octagon_3mm.uasset" 4339
"C:/Users/Neri/AppData/Local/UnrealEngine/Common/DerivedDataCache/Buckets/LegacyTEXTURE/4e/a2/a6957b662bc8c659d6d69990bc4329ee0290.udd" 4340
"../../Plugins/Animation/ControlRig/Content/Controls/ControlRig_Octagon_solid.uasset" 4341
"C:/Users/Neri/AppData/Local/UnrealEngine/Common/DerivedDataCache/Buckets/LegacyTEXTURE/1c/eb/954dc2a7881ba3ca9278f116f08722b67a8e.udd" 4342
"../../Plugins/Animation/ControlRig/Content/Controls/ControlRig_Pyramid_1mm.uasset" 4343
"C:/Users/Neri/AppData/Local/UnrealEngine/Common/DerivedDataCache/Buckets/LegacyTEXTURE/9b/ac/4729d6576e005bf00aa9724704ed211d33bd.udd" 4344
"../../Plugins/Animation/ControlRig/Content/Controls/ControlRig_Pyramid_3mm.uasset" 4345
"C:/Users/Neri/AppData/Local/UnrealEngine/Common/DerivedDataCache/Buckets/LegacyTEXTURE/ae/5c/701efd366d6212529d36bf7ba1cddfe44e6b.udd" 4346
"C:/Users/Neri/AppData/Local/UnrealEngine/Common/DerivedDataCache/Buckets/LegacyTEXTURE/3e/b6/c9103be7b75303183f8b3477103d12a05d8a.udd" 4347
"C:/Users/Neri/AppData/Local/UnrealEngine/Common/DerivedDataCache/Buckets/LegacyTEXTURE/56/89/49cc561912c20b6e66bb2642bccc07214275.udd" 4348
"../../Plugins/Animation/ControlRig/Content/Controls/ControlRig_Pyramid_solid.uasset" 4349
"C:/Users/Neri/AppData/Local/UnrealEngine/Common/DerivedDataCache/Buckets/LegacyTEXTURE/51/94/bb80d2497956c34b9fbd7c10f3427f2d35e4.udd" 4350
"C:/Users/Neri/AppData/Local/UnrealEngine/Common/DerivedDataCache/Buckets/LegacyTEXTURE/15/5c/7decbf40938f4d5d73fe73dc35fab1b858e6.udd" 4351
"../../Plugins/Animation/ControlRig/Content/Controls/ControlRig_QuarterCircle_1mm.uasset" 4352
"../../Plugins/Animation/ControlRig/Content/Controls/ControlRig_QuarterCircle_3mm.uasset" 4353
"../../Plugins/Animation/ControlRig/Content/Controls/ControlRig_QuarterCircle_solid.uasset" 4354
"../../Plugins/Animation/ControlRig/Content/Controls/ControlRig_RoundedSquare_1mm.uasset" 4355
"../../Plugins/Animation/ControlRig/Content/Controls/ControlRig_RoundedSquare_3mm.uasset" 4356
"../../Plugins/Animation/ControlRig/Content/Controls/ControlRig_RoundedSquare_solid.uasset" 4357
"../../Plugins/Animation/ControlRig/Content/Controls/ControlRig_RoundedTriangle_1mm.uasset" 4358
"../../Plugins/Animation/ControlRig/Content/Controls/ControlRig_RoundedTriangle_3mm.uasset" 4359
"../../Plugins/Animation/ControlRig/Content/Controls/ControlRig_RoundedTriangle_solid.uasset" 4360
"../../Plugins/Animation/ControlRig/Content/Controls/ControlRig_Octagon_1mm.uasset" 4361
"../../Plugins/Animation/ControlRig/Content/Controls/ControlRig_Hexagon_solid.uasset" 4362
"../../Plugins/Animation/ControlRig/Content/Controls/ControlRig_Hexagon_3mm.uasset" 4363
"../../Plugins/Animation/ControlRig/Content/Controls/ControlRig_Hexagon_1mm.uasset" 4364
"../../Plugins/Animation/ControlRig/Content/Controls/ControlRig_HalfCircle_solid.uasset" 4365
"../../Plugins/Animation/ControlRig/Content/Controls/ControlRig_HalfCircle_3mm.uasset" 4366
"C:/Users/Neri/AppData/Local/UnrealEngine/Common/DerivedDataCache/Buckets/LegacyTEXTURE/a2/6f/2047d251b654994b7ee6a7dd1314d7edeb49.udd" 4367
"../../Plugins/Animation/ControlRig/Content/Controls/ControlRig_HalfCircle_1mm.uasset" 4368
"../../Plugins/Animation/ControlRig/Content/Controls/ControlRig_Diamond_solid.uasset" 4369
"../../Plugins/Animation/ControlRig/Content/Controls/ControlRig_Diamond_3mm.uasset" 4370
"../../Plugins/Animation/ControlRig/Content/Controls/ControlRig_Diamond_1mm.uasset" 4371
"../../Plugins/Animation/ControlRig/Content/Controls/ControlRig_Circle_solid.uasset" 4372
"../../Plugins/Animation/ControlRig/Content/Controls/ControlRig_Circle_3mm.uasset" 4373
"C:/Users/Neri/AppData/Local/UnrealEngine/Common/DerivedDataCache/Buckets/LegacyTEXTURE/bb/e6/5220155acb4f186d4dc12bc2e2dd1d9ff2e8.udd" 4374
"../../Plugins/Animation/ControlRig/Content/Controls/ControlRig_Circle_1mm.uasset" 4375
"C:/Users/Neri/AppData/Local/UnrealEngine/Common/DerivedDataCache/Buckets/LegacyTEXTURE/2b/5d/4bbc764372e7855d6a8760931e45dda3e5c5.udd" 4376
"../../Plugins/Animation/ControlRig/Content/Controls/ControlRig_Box_solid.uasset" 4377
"../../Plugins/Animation/ControlRig/Content/Controls/ControlRig_Box_3mm.uasset" 4378
"../../Plugins/Animation/ControlRig/Content/Controls/ControlRig_Box_1mm.uasset" 4379
"../../Plugins/Animation/ControlRig/Content/Controls/ControlRig_Arrow_solid.uasset" 4380
"../../Plugins/Animation/ControlRig/Content/Controls/ControlRig_Arrow_3mm.uasset" 4381
"../../Plugins/Animation/ControlRig/Content/Controls/ControlRig_Arrow_1mm.uasset" 4382
"C:/Users/Neri/AppData/Local/UnrealEngine/Common/DerivedDataCache/Buckets/LegacyTEXTURE/93/ab/8fb78cf3f3fd1c75801c0151a5b0a14e4a30.udd" 4383
"C:/Users/Neri/AppData/Local/UnrealEngine/Common/DerivedDataCache/Buckets/LegacyTEXTURE/84/ef/45e6fca3b8ae72fcca91a6c5540416812964.udd" 4384
"C:/Users/Neri/AppData/Local/UnrealEngine/Common/DerivedDataCache/Buckets/LegacyTEXTURE/ce/a8/11c1eb71a1140d43587517df951fd63a9385.udd" 4385
"../../Plugins/Animation/ControlRig/Content/Controls/ControlRig_Arrow4_solid.uasset" 4386
"../../Plugins/Animation/ControlRig/Content/Controls/ControlRig_Arrow4_3mm.uasset" 4387
"../../Plugins/Animation/ControlRig/Content/Controls/ControlRig_Arrow4_1mm.uasset" 4388
"../../Plugins/Animation/ControlRig/Content/Controls/ControlRig_Arrow2_solid.uasset" 4389
"../../Plugins/Animation/ControlRig/Content/Controls/ControlRig_Arrow2_3mm.uasset" 4390
"../../Plugins/Animation/ControlRig/Content/Controls/ControlRig_Arrow2_1mm.uasset" 4391
"../../Plugins/Animation/ControlRig/Content/Controls/ControlRig_Sphere_solid.uasset" 4392
"C:/Users/Neri/AppData/Local/UnrealEngine/Common/DerivedDataCache/Buckets/LegacyTEXTURE/8e/c9/1b465dfa1a3bb3c53c9ac6c41e8b03029181.udd" 4393
"C:/Users/Neri/AppData/Local/UnrealEngine/Common/DerivedDataCache/Buckets/LegacyTEXTURE/1c/5b/6a11d8e1d312f147052d14110f907578f7a2.udd" 4394
"C:/Users/Neri/AppData/Local/UnrealEngine/Common/DerivedDataCache/Buckets/LegacyTEXTURE/af/aa/4939cca0a9972c97faa7917cc72d57934892.udd" 4395
"C:/Users/Neri/AppData/Local/UnrealEngine/Common/DerivedDataCache/Content/d3/27/2c59b5376841f239cb11d008b42f4d24cd6b.udd" 4396
"C:/Users/Neri/AppData/Local/UnrealEngine/Common/DerivedDataCache/Content/1b/39/3fd7cb92badb22f5a1b4cbe25515aa15a6a5.udd" 4397
"C:/Users/Neri/AppData/Local/UnrealEngine/Common/DerivedDataCache/Content/ec/f7/392dde1810f93b272a08a57534b3811252cc.udd" 4398
"C:/Users/Neri/AppData/Local/UnrealEngine/Common/DerivedDataCache/Buckets/LegacyAnimSeq/66/b4/a89cdfc113ca1a3a7af61d75ec804a48a4ef.udd" 4399
"C:/Users/Neri/AppData/Local/UnrealEngine/Common/DerivedDataCache/Buckets/LegacyAnimSeq/8e/c8/be963673eb5461851ee60362fbde99c4be2a.udd" 4400
"C:/Users/Neri/AppData/Local/UnrealEngine/Common/DerivedDataCache/Buckets/LegacyTEXTURE/e9/97/c0452270f0bab51fc6ed556de37b27b5ce8a.udd" 4401
"C:/Users/Neri/AppData/Local/UnrealEngine/Common/DerivedDataCache/Content/f6/a2/174b4d09554aad8bcfea72bd189e0ff492b1.udd" 4402
"C:/Users/Neri/AppData/Local/UnrealEngine/Common/DerivedDataCache/Buckets/LegacyTEXTURE/64/b4/957ac79a9a4c8ebe900bd9fe8fb235ac60ca.udd" 4403
"C:/Users/Neri/AppData/Local/UnrealEngine/Common/DerivedDataCache/Buckets/LegacyTEXTURE/81/dc/d43c08ee068b5ac67e00011a02b0d7a87bef.udd" 4404
"C:/Users/Neri/AppData/Local/UnrealEngine/Common/DerivedDataCache/Buckets/LegacyTEXTURE/f8/43/f4188462215e6112c6e46fe43c3b304a011b.udd" 4405
"C:/Users/Neri/AppData/Local/UnrealEngine/Common/DerivedDataCache/Buckets/LegacyTEXTURE/e7/3b/82ea8dd71e343ea29ac5b995bbf2e7644a93.udd" 4406
"C:/Users/Neri/AppData/Local/UnrealEngine/Common/DerivedDataCache/Buckets/LegacyTEXTURE/3d/7e/38d5f5061f638ec716d8aab3bbc1037b5fc7.udd" 4407
"C:/Users/Neri/AppData/Local/UnrealEngine/Common/DerivedDataCache/Content/34/6a/faf306c8680bc95f2898f309daa5901cc48e.udd" 4408
"C:/Users/Neri/AppData/Local/UnrealEngine/Common/DerivedDataCache/Content/6a/73/e5491e16a6dd85a9f3e6bfb0437965a1340b.udd" 4409
"C:/Users/Neri/AppData/Local/UnrealEngine/Common/DerivedDataCache/Buckets/LegacyTEXTURE/c7/fe/60f3646d84fa696a669e149ba96f7d12eebb.udd" 4410
"C:/Users/Neri/AppData/Local/UnrealEngine/Common/DerivedDataCache/Buckets/LegacyTEXTURE/f1/88/764a40be8da8e1280a5918a5f8005bd15e13.udd" 4411
"C:/Users/Neri/AppData/Local/UnrealEngine/Common/DerivedDataCache/Content/92/58/c4f193cefe4a7f60a1bc3f00a585902049bf.udd" 4412
"C:/Users/Neri/AppData/Local/UnrealEngine/Common/DerivedDataCache/Buckets/LegacyTEXTURE/59/a6/4942de99b7c8b9664a16fddc3c579c5c2f91.udd" 4413
"C:/Users/Neri/AppData/Local/UnrealEngine/Common/DerivedDataCache/Buckets/LegacyTEXTURE/07/b1/44a31ae11500c4554b208923ea5ce344c77e.udd" 4414
"C:/Users/Neri/AppData/Local/UnrealEngine/Common/DerivedDataCache/Buckets/LegacyTEXTURE/c1/83/d3bdf3a427fa9176f90733b5aa45be087e54.udd" 4415
"C:/Users/Neri/AppData/Local/UnrealEngine/Common/DerivedDataCache/Buckets/LegacyTEXTURE/e7/d9/780b2c95d2f31cd56c42b07d7146eca12866.udd" 4416
"C:/Users/Neri/AppData/Local/UnrealEngine/Common/DerivedDataCache/Buckets/LegacyTEXTURE/f1/cb/8e726917ab5484f5a78556dc364295948c39.udd" 4417
"C:/Users/Neri/AppData/Local/UnrealEngine/Common/DerivedDataCache/Buckets/LegacyTEXTURE/7e/96/f6e573525d94817a35581fe0e43bff259783.udd" 4418
"C:/Users/Neri/AppData/Local/UnrealEngine/Common/DerivedDataCache/Buckets/LegacyTEXTURE/5a/09/e8077c44179c054fb82d8940f1b3433028f2.udd" 4419
"C:/Users/Neri/AppData/Local/UnrealEngine/Common/DerivedDataCache/Buckets/LegacyTEXTURE/7d/e0/5c07fbe36e5e8955ed45461d53f8903556ed.udd" 4420
"C:/Users/Neri/AppData/Local/UnrealEngine/Common/DerivedDataCache/Content/6c/0a/e45064a113e78792854bd6c907553a734a99.udd" 4421
"C:/Users/Neri/AppData/Local/UnrealEngine/Common/DerivedDataCache/Buckets/LegacyTEXTURE/92/33/e727c251df73f3a1c0ff9a1e886b54ce1407.udd" 4422
"C:/Users/Neri/AppData/Local/UnrealEngine/Common/DerivedDataCache/Content/b5/fd/4d2833f9f37c9614d67a1edf0f4404f397bc.udd" 4423
"C:/Users/Neri/AppData/Local/UnrealEngine/Common/DerivedDataCache/Buckets/LegacyTEXTURE/80/59/487407e405fea5c60d0aeae0b797bb2b56fe.udd" 4424
"C:/Users/Neri/AppData/Local/UnrealEngine/Common/DerivedDataCache/Buckets/LegacyTEXTURE/08/89/5d9b4751ec65ab1147ad2623d5e17326fa7f.udd" 4425
"C:/Users/Neri/AppData/Local/UnrealEngine/Common/DerivedDataCache/Buckets/LegacyTEXTURE/b0/34/878a87b1baf4e47b033b939c749d307d57dd.udd" 4426
"C:/Users/Neri/AppData/Local/UnrealEngine/Common/DerivedDataCache/Buckets/LegacyTEXTURE/f0/3b/b94f3aac1f136d7346f460e66014272fac7b.udd" 4427
"C:/Users/Neri/AppData/Local/UnrealEngine/Common/DerivedDataCache/Buckets/LegacyTEXTURE/94/92/7bc41dfe7b702feff9c167f6de272375e43a.udd" 4428
"C:/Users/Neri/AppData/Local/UnrealEngine/Common/DerivedDataCache/Buckets/LegacyTEXTURE/f0/2d/4ba964e8118e7f8976fdbf05c7259f39b14a.udd" 4429
"C:/Users/Neri/AppData/Local/UnrealEngine/Common/DerivedDataCache/Buckets/LegacyTEXTURE/70/40/94adfdd7b29ef2cf9f02c790703be8371b56.udd" 4430
"C:/Users/Neri/AppData/Local/UnrealEngine/Common/DerivedDataCache/Buckets/LegacyTEXTURE/35/2e/1e5fc06e10df0c39c5be656c2a0952fdc023.udd" 4431
"C:/Users/Neri/AppData/Local/UnrealEngine/Common/DerivedDataCache/Buckets/LegacyTEXTURE/1e/2c/0c6e35c166ff485dc74458b53e7cf67ab6aa.udd" 4432
"C:/Users/Neri/AppData/Local/UnrealEngine/Common/DerivedDataCache/Content/ce/f0/78a6e6975ada919152f4a01dacb582db18fb.udd" 4433
"C:/Users/Neri/AppData/Local/UnrealEngine/Common/DerivedDataCache/Buckets/LegacyTEXTURE/30/da/5671217e222daa1fcb9583860da170e71ef0.udd" 4434
"C:/Users/Neri/AppData/Local/UnrealEngine/Common/DerivedDataCache/Content/9b/f5/88e3127460a78da21d660aa9f350064c0c8e.udd" 4435
"C:/Users/Neri/AppData/Local/UnrealEngine/Common/DerivedDataCache/Buckets/LegacyTEXTURE/55/f8/321b68d188a03dd43923dbd2bf744079dc78.udd" 4436
"C:/Users/Neri/AppData/Local/UnrealEngine/Common/DerivedDataCache/Content/dd/28/9f9afb4eb861ae0b9cdb33ff01e1d3f244b3.udd" 4437
"C:/Users/Neri/AppData/Local/UnrealEngine/Common/DerivedDataCache/Buckets/LegacyTEXTURE/d8/e3/4040e61001ae03ece883710db62843b3aee6.udd" 4438
"C:/Users/Neri/AppData/Local/UnrealEngine/Common/DerivedDataCache/Content/42/9e/e2586b0b425197d893598ce1ac1bcb46a0eb.udd" 4439
"C:/Users/Neri/AppData/Local/UnrealEngine/Common/DerivedDataCache/Buckets/LegacyTEXTURE/f6/c1/5011189334f091ae20aba12ab744ad1fd204.udd" 4440
"C:/Users/Neri/AppData/Local/UnrealEngine/Common/DerivedDataCache/Buckets/LegacyTEXTURE/c9/94/d4475e43ab3d7531be83a05764e0cfe8043b.udd" 4441
"C:/Users/Neri/AppData/Local/UnrealEngine/Common/DerivedDataCache/Buckets/LegacyTEXTURE/da/28/b36d0c10de96092a1af0c787b198ba951019.udd" 4442
"C:/Users/Neri/AppData/Local/UnrealEngine/Common/DerivedDataCache/Buckets/LegacyTEXTURE/57/59/efa6337291154d7890017652abb8bc4be58b.udd" 4443
"C:/Users/Neri/AppData/Local/UnrealEngine/Common/DerivedDataCache/Buckets/LegacyTEXTURE/36/de/7d92fb6875166561f2290c4b868fd7da3a5d.udd" 4444
"C:/Users/Neri/AppData/Local/UnrealEngine/Common/DerivedDataCache/Buckets/LegacyTEXTURE/5f/48/6f878eb4ae1f46646b04048a0440b6c863c7.udd" 4445
"C:/Users/Neri/AppData/Local/UnrealEngine/Common/DerivedDataCache/Buckets/LegacyTEXTURE/ad/77/7d94dab5a5bae37211a1538f3c191e34aa38.udd" 4446
"C:/Users/Neri/AppData/Local/UnrealEngine/Common/DerivedDataCache/Buckets/LegacyTEXTURE/54/3f/1d1dfff966eb021af959a620b108bf78f599.udd" 4447
"C:/Users/Neri/AppData/Local/UnrealEngine/Common/DerivedDataCache/Buckets/LegacyTEXTURE/92/5a/c9b64312aca1fcace038d600316179f99c79.udd" 4448
"C:/Users/Neri/AppData/Local/UnrealEngine/Common/DerivedDataCache/Buckets/LegacyTEXTURE/4d/01/9aa49cf42f8fbbd0449fd46330acbdca503c.udd" 4449
"C:/Users/Neri/AppData/Local/UnrealEngine/Common/DerivedDataCache/Buckets/LegacyTEXTURE/fd/1e/b06993dd8446cbef87f5a99a45cb1ca06ccc.udd" 4450
"C:/Users/Neri/AppData/Local/UnrealEngine/Common/DerivedDataCache/Buckets/LegacyAnimSeq/58/2a/b68a0ddfb09a68203a2058cc2711ae7cea5d.udd" 4451
"../../../Engine/Content/Functions/Engine_MaterialFunctions02/Texturing/HeightLerp.uasset" 4452
"D:/LobinhoTheGame/UE5_LobinhoTheGame/Content/UI/Menus/GameOver.uasset" 4453
"D:/LobinhoTheGame/UE5_LobinhoTheGame/Content/LandscapeStamps/DemoRoom/Materials/M_LandscapeMaster.uasset" 4454
"D:/LobinhoTheGame/UE5_LobinhoTheGame/Content/AnimalVarietyPack/DeerStagAndDoe/Meshes/SK_DeerStag.uasset" 4455
"D:/LobinhoTheGame/UE5_LobinhoTheGame/Content/Light_Foliage/Materials/Master_Materials/M_Master_Foliage.uasset" 4456
"D:/LobinhoTheGame/UE5_LobinhoTheGame/Content/Blueprints/Damage_Notify.uasset" 4457
"D:/LobinhoTheGame/UE5_LobinhoTheGame/Content/PN_interactiveSpruceForest/Materials/MaterialFunctions/PN_MultiBend.uasset" 4458
"D:/LobinhoTheGame/UE5_LobinhoTheGame/Content/Blueprints/Footsteps_Notify.uasset" 4459
"../../../Engine/Plugins/Interchange/Runtime/Content/gltf/MaterialFunctions/MF_Normals.uasset" 4460
"../../../Engine/Plugins/Interchange/Runtime/Content/gltf/MaterialFunctions/MF_Clearcoat.uasset" 4461
"../../../Engine/Content/Functions/Engine_MaterialFunctions02/Utility/DebugFloat2Values.uasset" 4462
"../../../Engine/Plugins/Interchange/Runtime/Content/gltf/M_Unlit.uasset" 4463
"../../../Engine/Plugins/Interchange/Runtime/Content/Materials/ThinTranslucentMaterial.uasset" 4464
"C:/Users/Neri/AppData/Local/UnrealEngine/Common/DerivedDataCache/Buckets/MaterialShaderMap/f0/3f/d0a01958cd2d3a09e60b271579577ede99d9.udd" 4465
"C:/Users/Neri/AppData/Local/UnrealEngine/Common/DerivedDataCache/Buckets/MaterialShaderMap/93/51/d9aa38191a8a6db7db8d2537b7dd8e1bf4bf.udd" 4466
"C:/Users/Neri/AppData/Local/UnrealEngine/Common/DerivedDataCache/Buckets/LegacyTEXTURE/93/b1/271147db2d7e7f7fcfa554b1ca147ad738bd.udd" 4467
"C:/Users/Neri/AppData/Local/UnrealEngine/Common/DerivedDataCache/Buckets/LegacyTEXTURE/0a/60/cf5625262c35e1d5f430e380e4e3446d7beb.udd" 4468
"C:/Users/Neri/AppData/Local/UnrealEngine/Common/DerivedDataCache/Buckets/LegacyTEXTURE/15/ca/ecbf62dbfd9ef3797a96f18b403230c56668.udd" 4469
"C:/Users/Neri/AppData/Local/UnrealEngine/Common/DerivedDataCache/Buckets/LegacyTEXTURE/c4/dd/3c82848b9ad65d8f5db32c8b6df6c462f6d7.udd" 4470
"C:/Users/Neri/AppData/Local/UnrealEngine/Common/DerivedDataCache/Content/80/e5/81c971207608b2c0e170b30629e25a07c251.udd" 4471
"C:/Users/Neri/AppData/Local/UnrealEngine/Common/DerivedDataCache/Buckets/LegacyTEXTURE/e7/4a/de32bca4e1bb9b202bf23f29bdcb061bb084.udd" 4472
"C:/Users/Neri/AppData/Local/UnrealEngine/Common/DerivedDataCache/Buckets/LegacyTEXTURE/59/3b/ef418329c2a55cfc2063fd741d1047829431.udd" 4473
"C:/Users/Neri/AppData/Local/UnrealEngine/Common/DerivedDataCache/Buckets/LegacyTEXTURE/a8/88/f4cb104d25a6a11535f2e9dbdd86ddcbbfc5.udd" 4474
"C:/Users/Neri/AppData/Local/UnrealEngine/Common/DerivedDataCache/Buckets/LegacyTEXTURE/16/f4/a555ee13cfd3f65f3337061c344cec53e479.udd" 4475
"C:/Users/Neri/AppData/Local/UnrealEngine/Common/DerivedDataCache/Content/a7/48/c827ff56e4827e015d12f32048b52ff1a996.udd" 4476
"C:/Users/Neri/AppData/Local/UnrealEngine/Common/DerivedDataCache/Buckets/LegacyTEXTURE/f4/35/424ccaf448fdf9d7e09deaaf55d14069eb01.udd" 4477
"C:/Users/Neri/AppData/Local/UnrealEngine/Common/DerivedDataCache/Buckets/LegacyTEXTURE/f2/06/e348ca9a192c80a58d64b1a356d4d8228f48.udd" 4478
"C:/Users/Neri/AppData/Local/UnrealEngine/Common/DerivedDataCache/Buckets/LegacyTEXTURE/6c/dc/56a54f8cb7c70a79624801263b7aa03e3122.udd" 4479
"C:/Users/Neri/AppData/Local/UnrealEngine/Common/DerivedDataCache/Buckets/LegacyTEXTURE/58/2a/99119b00910a02fedbfa4272598e23bb05a3.udd" 4480
"C:/Users/Neri/AppData/Local/UnrealEngine/Common/DerivedDataCache/Buckets/LegacyTEXTURE/13/0a/988df9b9945ecb219efb49b68a879f05d2d6.udd" 4481
"C:/Users/Neri/AppData/Local/UnrealEngine/Common/DerivedDataCache/Content/a6/97/b0c5577cf00971f6588cb51628dab7467160.udd" 4482
"C:/Users/Neri/AppData/Local/UnrealEngine/Common/DerivedDataCache/Content/5c/fa/28297bba09f11655689e2995a39ed98b3414.udd" 4483
"C:/Users/Neri/AppData/Local/UnrealEngine/Common/DerivedDataCache/Buckets/LegacyTEXTURE/44/83/e054da423f8ef62517b74b3e84a7e0036802.udd" 4484
"C:/Users/Neri/AppData/Local/UnrealEngine/Common/DerivedDataCache/Content/3c/0a/58aab214ffc50aea78344040dbf8bc8d9522.udd" 4485
"C:/Users/Neri/AppData/Local/UnrealEngine/Common/DerivedDataCache/Buckets/LegacyTEXTURE/f1/13/4f73776cd5c3d738de434f3155eb648f87af.udd" 4486
"C:/Users/Neri/AppData/Local/UnrealEngine/Common/DerivedDataCache/Buckets/LegacyTEXTURE/e3/28/b98de7706a56661b827fb77b87ce5770024a.udd" 4487
"C:/Users/Neri/AppData/Local/UnrealEngine/Common/DerivedDataCache/Buckets/LegacyTEXTURE/09/70/4262438082c6dc9e2aaaa9e6d99f5bf92a3c.udd" 4488
"C:/Users/Neri/AppData/Local/UnrealEngine/Common/DerivedDataCache/Content/2d/b7/082b82084e12b073b3235f3ed3dbba319ebb.udd" 4489
"C:/Users/Neri/AppData/Local/UnrealEngine/Common/DerivedDataCache/Buckets/LegacyTEXTURE/75/9b/16fb21763575bdc8826876ae8490de872eeb.udd" 4490
"C:/Users/Neri/AppData/Local/UnrealEngine/Common/DerivedDataCache/Buckets/LegacyTEXTURE/47/63/9144b97a5e30ce1adaf880332e1406350f9c.udd" 4491
"C:/Users/Neri/AppData/Local/UnrealEngine/Common/DerivedDataCache/Buckets/LegacyTEXTURE/ca/2c/1d5baba272ae2c5bb9defcd2bba312047a18.udd" 4492
"C:/Users/Neri/AppData/Local/UnrealEngine/Common/DerivedDataCache/Buckets/LegacyTEXTURE/56/31/24886bd54d0c036b10e63ef4f17d6deb8c97.udd" 4493
"C:/Users/Neri/AppData/Local/UnrealEngine/Common/DerivedDataCache/Buckets/LegacyTEXTURE/d6/50/0e5dc45511e38909488223e7a6f2622961cb.udd" 4494
"C:/Users/Neri/AppData/Local/UnrealEngine/Common/DerivedDataCache/Buckets/LegacyTEXTURE/7a/5e/923323dd3abcdac9aca0ef7ae5403fd348c2.udd" 4495
"C:/Users/Neri/AppData/Local/UnrealEngine/Common/DerivedDataCache/Buckets/LegacyTEXTURE/14/15/67d7b3235a2983c6084816ce1aebf98b49b2.udd" 4496
"C:/Users/Neri/AppData/Local/UnrealEngine/Common/DerivedDataCache/Buckets/LegacyTEXTURE/8c/94/0471eb157692f8ae2ac5411b715b6caed84b.udd" 4497
"C:/Users/Neri/AppData/Local/UnrealEngine/Common/DerivedDataCache/Content/a6/0f/8dd1a695bb2d71cc432f63c9e923c9001b9b.udd" 4498
"C:/Users/Neri/AppData/Local/UnrealEngine/Common/DerivedDataCache/Buckets/LegacyTEXTURE/a8/85/c37564f9da01bf6154b544d533034ad30bfd.udd" 4499
"C:/Users/Neri/AppData/Local/UnrealEngine/Common/DerivedDataCache/Content/79/00/67dc91e98dfec9f89311fc69032e607a4637.udd" 4500
"C:/Users/Neri/AppData/Local/UnrealEngine/Common/DerivedDataCache/Buckets/LegacySKELETALMESH/3e/f4/a62137c73836c6640e18fd5069963f3a47f2.udd" 4501
"C:/Users/Neri/AppData/Local/UnrealEngine/Common/DerivedDataCache/Buckets/LegacyTEXTURE/19/41/196ec47dd043798b1e2d0731f32aa3b5205e.udd" 4502
"C:/Users/Neri/AppData/Local/UnrealEngine/Common/DerivedDataCache/Buckets/LegacyTEXTURE/3c/f2/1bedaf7ca34c706438fed300d402aa4b7661.udd" 4503
"C:/Users/Neri/AppData/Local/UnrealEngine/Common/DerivedDataCache/Buckets/LegacyTEXTURE/8c/c2/0c3e8b24a3dc773375f48a3e94abe215dd01.udd" 4504
"C:/Users/Neri/AppData/Local/UnrealEngine/Common/DerivedDataCache/Buckets/LegacyTEXTURE/ca/36/c3016275ae129ad72314e519b6a7dd7e6b15.udd" 4505
"C:/Users/Neri/AppData/Local/UnrealEngine/Common/DerivedDataCache/Buckets/LegacyTEXTURE/62/b2/683c37177a9de190655aecd8cb2ac461d1f6.udd" 4506
"C:/Users/Neri/AppData/Local/UnrealEngine/Common/DerivedDataCache/Buckets/LegacyTEXTURE/cd/c6/3311781739652bc3b661ac41a70f0e8f28f9.udd" 4507
"C:/Users/Neri/AppData/Local/UnrealEngine/Common/DerivedDataCache/Buckets/LegacyTEXTURE/41/94/7103bc16759a13bce9e5122e5342171e285e.udd" 4508
"C:/Users/Neri/AppData/Local/UnrealEngine/Common/DerivedDataCache/Buckets/LegacyTEXTURE/83/81/a196e5f13b1f290c6aa865a707f2543d0e5e.udd" 4509
"C:/Users/Neri/AppData/Local/UnrealEngine/Common/DerivedDataCache/Buckets/LegacyTEXTURE/8f/4f/31e50e86e709effd1f8ac10e7efda3c7dfb4.udd" 4510
"C:/Users/Neri/AppData/Local/UnrealEngine/Common/DerivedDataCache/Buckets/LegacyTEXTURE/c0/f0/d28977cd51a3106350e67ac662b11999fa8b.udd" 4511
"C:/Users/Neri/AppData/Local/UnrealEngine/Common/DerivedDataCache/Content/00/6e/8c936e1590c72e8d489bf188321c1f03ab4e.udd" 4512
"C:/Users/Neri/AppData/Local/UnrealEngine/Common/DerivedDataCache/Buckets/LegacyTEXTURE/70/cc/45aa5653d8b350363b28fb6cb52a23beb155.udd" 4513
"C:/Users/Neri/AppData/Local/UnrealEngine/Common/DerivedDataCache/Buckets/LegacyTEXTURE/42/e7/8920bc519052bf26a851bbd77d93d9b5c4c3.udd" 4514
"C:/Users/Neri/AppData/Local/UnrealEngine/Common/DerivedDataCache/Buckets/LegacyTEXTURE/f0/13/1174709f3b2eead7baead5514317c0147d5e.udd" 4515
"C:/Users/Neri/AppData/Local/UnrealEngine/Common/DerivedDataCache/Buckets/LegacyTEXTURE/8a/0f/9737741814757c7378d2a387195659808ef1.udd" 4516
"C:/Users/Neri/AppData/Local/UnrealEngine/Common/DerivedDataCache/Content/18/3d/5e8b22f69bf8fcfb6353cd3c18b5df902bfa.udd" 4517
"C:/Users/Neri/AppData/Local/UnrealEngine/Common/DerivedDataCache/Content/6d/dd/3df062c551f5ff1b70067f7be345c84adfea.udd" 4518
"C:/Users/Neri/AppData/Local/UnrealEngine/Common/DerivedDataCache/Buckets/LegacySKELETALMESH/22/1f/5af56016310933fc9a6ae14d942190367911.udd" 4519
"C:/Users/Neri/AppData/Local/UnrealEngine/Common/DerivedDataCache/Content/b4/2c/56487478a24b59a3834ac6edac3fc81d622d.udd" 4520
"C:/Users/Neri/AppData/Local/UnrealEngine/Common/DerivedDataCache/Buckets/LegacyTEXTURE/d5/0b/e277b07110a669e4ac5e9cc7f1c3c753f2f2.udd" 4521
"C:/Users/Neri/AppData/Local/UnrealEngine/Common/DerivedDataCache/Content/c1/98/f370dc731218cdc8815e88c792729ce8e56e.udd" 4522
"C:/Users/Neri/AppData/Local/UnrealEngine/Common/DerivedDataCache/Buckets/MaterialShaderMap/3e/d0/edd73833857f70fcb80bc1f81f3a23f1dffc.udd" 4523
"C:/Users/Neri/AppData/Local/UnrealEngine/Common/DerivedDataCache/Buckets/MaterialShaderMap/4f/04/6b3971d121425f9d13129de2466d2bd2dba4.udd" 4524
"C:/Users/Neri/AppData/Local/UnrealEngine/Common/DerivedDataCache/Buckets/LegacyTEXTURE/c8/0f/51cf1b76af0f0b48eec2c96e9926735b7a5d.udd" 4525
"C:/Users/Neri/AppData/Local/UnrealEngine/Common/DerivedDataCache/Content/9d/cb/ae79d5d9ba52a94341996ade7c9f5a712cff.udd" 4526
"C:/Users/Neri/AppData/Local/UnrealEngine/Common/DerivedDataCache/Buckets/LegacyTEXTURE/3b/92/7d1506b001c3dbcde12fc353985fa6b496f7.udd" 4527
"C:/Users/Neri/AppData/Local/UnrealEngine/Common/DerivedDataCache/Content/4f/3c/a19547dbf128dd9c4e384ec44d46ddc2cbd7.udd" 4528
"C:/Users/Neri/AppData/Local/UnrealEngine/Common/DerivedDataCache/Buckets/LegacyTEXTURE/09/54/75b14c36c6f199b0826e4de02ae27805e672.udd" 4529
"C:/Users/Neri/AppData/Local/UnrealEngine/Common/DerivedDataCache/Content/75/90/a5141a86f7674e1b0e2f601243fb32dcce3e.udd" 4530
"C:/Users/Neri/AppData/Local/UnrealEngine/Common/DerivedDataCache/Buckets/LegacyTEXTURE/f1/a4/a8be82e36156de1dd2e860041783447de50a.udd" 4531
"C:/Users/Neri/AppData/Local/UnrealEngine/Common/DerivedDataCache/Buckets/LegacyTEXTURE/d2/f5/326cdb7dd6496d0e6fea0250783933927c45.udd" 4532
"C:/Users/Neri/AppData/Local/UnrealEngine/Common/DerivedDataCache/Buckets/LegacyTEXTURE/f1/3b/198a197fd8806e64769eabcb1464e0081a7d.udd" 4533
"C:/Users/Neri/AppData/Local/UnrealEngine/Common/DerivedDataCache/Buckets/LegacyTEXTURE/90/f3/77220d09fa74877717b666ba87c18deb7cf8.udd" 4534
"C:/Users/Neri/AppData/Local/UnrealEngine/Common/DerivedDataCache/Buckets/LegacyTEXTURE/c9/d0/099dac3d2f29dd64e47765c38de1a163d041.udd" 4535
"C:/Users/Neri/AppData/Local/UnrealEngine/Common/DerivedDataCache/Buckets/LegacyTEXTURE/4a/6f/ce02f2eeb0824347ad42465bb6474e0f0500.udd" 4536
"C:/Users/Neri/AppData/Local/UnrealEngine/Common/DerivedDataCache/Buckets/LegacyTEXTURE/0f/ce/9cb7bfd02169cdc21c50fa6b8b6b51039234.udd" 4537
"C:/Users/Neri/AppData/Local/UnrealEngine/Common/DerivedDataCache/Buckets/LegacyTEXTURE/3f/e3/4b02c965cdfc09a433b4629025211ff780ce.udd" 4538
"C:/Users/Neri/AppData/Local/UnrealEngine/Common/DerivedDataCache/Buckets/LegacyTEXTURE/e3/b3/cc153a98ba6388bd680d9c899d6d7ccce25c.udd" 4539
"C:/Users/Neri/AppData/Local/UnrealEngine/Common/DerivedDataCache/Buckets/LegacyTEXTURE/0d/20/39d67b2b97a11b06d3dd30a39bbe8941bb01.udd" 4540
"C:/Users/Neri/AppData/Local/UnrealEngine/Common/DerivedDataCache/Content/bf/05/56bf3e83cc28bf4e3eb66437393b046049b9.udd" 4541
"C:/Users/Neri/AppData/Local/UnrealEngine/Common/DerivedDataCache/Buckets/LegacyTEXTURE/91/80/c45637b1c814dc99bd7c54821b127000fea7.udd" 4542
"C:/Users/Neri/AppData/Local/UnrealEngine/Common/DerivedDataCache/Content/22/37/cc57b8b5a7e6a6a77d32cb630890baaa8d93.udd" 4543
"C:/Users/Neri/AppData/Local/UnrealEngine/Common/DerivedDataCache/Buckets/LegacyTEXTURE/af/70/83e05febd779f3f02cf59b329c2e9589300a.udd" 4544
"C:/Users/Neri/AppData/Local/UnrealEngine/Common/DerivedDataCache/Buckets/LegacyTEXTURE/6f/5e/8d18c53750ad83f54f3b177296d7ef5d4181.udd" 4545
"C:/Users/Neri/AppData/Local/UnrealEngine/Common/DerivedDataCache/Buckets/LegacyTEXTURE/01/56/67af50ea859be1c959cd16bfc3a8f866e7bf.udd" 4546
"C:/Users/Neri/AppData/Local/UnrealEngine/Common/DerivedDataCache/Buckets/LegacyTEXTURE/5d/b2/0af22dbf29fbe4e1c723be965d6869bb4432.udd" 4547
"C:/Users/Neri/AppData/Local/UnrealEngine/Common/DerivedDataCache/Buckets/LegacyTEXTURE/d1/09/c18bc858bd99e23395ea2505878208ec5c01.udd" 4548
"C:/Users/Neri/AppData/Local/UnrealEngine/Common/DerivedDataCache/Buckets/LegacyTEXTURE/89/04/04ba2ab7210375b66e09d8e8fdd4c6b74022.udd" 4549
"C:/Users/Neri/AppData/Local/UnrealEngine/Common/DerivedDataCache/Content/98/55/82de4b2cd26933789ed1f25972994e12c60a.udd" 4550
"C:/Users/Neri/AppData/Local/UnrealEngine/Common/DerivedDataCache/Buckets/LegacyTEXTURE/54/72/311431940428ce9f113384884c23b71dd9f6.udd" 4551
"C:/Users/Neri/AppData/Local/UnrealEngine/Common/DerivedDataCache/Content/c5/50/1735e29f0ad2b939029876d2b01b86d25ead.udd" 4552
"C:/Users/Neri/AppData/Local/UnrealEngine/Common/DerivedDataCache/Buckets/LegacyTEXTURE/9a/6a/12c52b00787943fb27ea910041d47c7a345a.udd" 4553
"C:/Users/Neri/AppData/Local/UnrealEngine/Common/DerivedDataCache/Buckets/LegacyTEXTURE/aa/b8/4f89557951bbb92609ce1e15b869c43b76d2.udd" 4554
"C:/Users/Neri/AppData/Local/UnrealEngine/Common/DerivedDataCache/Content/58/12/dba0b5668ab611dee8c3df378f9fcbf17850.udd" 4555
"C:/Users/Neri/AppData/Local/UnrealEngine/Common/DerivedDataCache/Buckets/LegacyTEXTURE/d4/b1/61edfdb0368de529040a247d8bffeab7b9bd.udd" 4556
"C:/Users/Neri/AppData/Local/UnrealEngine/Common/DerivedDataCache/Buckets/LegacyTEXTURE/3c/70/e6be62a24f1fba5fdbfd05574fcc082f530d.udd" 4557
"C:/Users/Neri/AppData/Local/UnrealEngine/Common/DerivedDataCache/Buckets/LegacyTEXTURE/ea/f9/8971540fc9ca92a52e664f571ea1c7e130d4.udd" 4558
"C:/Users/Neri/AppData/Local/UnrealEngine/Common/DerivedDataCache/Buckets/LegacyTEXTURE/8e/93/fe641a19bb0ee74d4115be5fe0ba5699d115.udd" 4559
"C:/Users/Neri/AppData/Local/UnrealEngine/Common/DerivedDataCache/Buckets/LegacyTEXTURE/e9/a0/4a9b00e635955487c02617a55079cb5083a7.udd" 4560
"C:/Users/Neri/AppData/Local/UnrealEngine/Common/DerivedDataCache/Content/d6/4e/4f438b4a5beb3562c0d24d5fa61a6e3aa0cc.udd" 4561
"C:/Users/Neri/AppData/Local/UnrealEngine/Common/DerivedDataCache/Buckets/LegacyTEXTURE/b3/8b/ac5c4ece316b2a9689e32d8d0530157ecae0.udd" 4562
"C:/Users/Neri/AppData/Local/UnrealEngine/Common/DerivedDataCache/Buckets/LegacyTEXTURE/ab/ea/a3e68ce64c6c5139efb9a77bdcd3205ac435.udd" 4563
"C:/Users/Neri/AppData/Local/UnrealEngine/Common/DerivedDataCache/Buckets/LegacyTEXTURE/74/d9/ec35b4b192e4b98afdc94d5e21be2c54fb3a.udd" 4564
"C:/Users/Neri/AppData/Local/UnrealEngine/Common/DerivedDataCache/Buckets/LegacyTEXTURE/4f/cd/8c4a3d496fe1e6f5813ab044afd20131b601.udd" 4565
"C:/Users/Neri/AppData/Local/UnrealEngine/Common/DerivedDataCache/Buckets/LegacyTEXTURE/6f/51/3c6402ec56cbe9c0d95c66b5f23d057ee004.udd" 4566
"C:/Users/Neri/AppData/Local/UnrealEngine/Common/DerivedDataCache/Content/47/42/f9d86c21abb6f6b13e60a39fc5048542b9ec.udd" 4567
"../../../Engine/Plugins/Interchange/Runtime/Content/Materials/SheenMaterial.uasset" 4568
"../../../Engine/Plugins/Interchange/Runtime/Content/Materials/ClearCoatMaterial.uasset" 4569
"D:/LobinhoTheGame/UE5_LobinhoTheGame/Content/Light_Foliage/Meshes/SM_Rock_02.uasset" 4570
"../../../Engine/Plugins/Interchange/Runtime/Content/Materials/SubsurfaceMaterial.uasset" 4571
"D:/LobinhoTheGame/UE5_LobinhoTheGame/Content/Light_Foliage/Meshes/SM_Rock_01.uasset" 4572
"../../../Engine/Plugins/Interchange/Runtime/Content/Materials/PBRSurfaceMaterial.uasset" 4573
"../../../Engine/Plugins/Interchange/Runtime/Content/Functions/MX_TransmissionSurface.uasset" 4574
"D:/LobinhoTheGame/UE5_LobinhoTheGame/Content/Light_Foliage/Meshes/SM_Rock_05.uasset" 4575
"D:/LobinhoTheGame/UE5_LobinhoTheGame/Content/Light_Foliage/Meshes/SM_Rock_03.uasset" 4576
"D:/LobinhoTheGame/UE5_LobinhoTheGame/Content/Light_Foliage/Meshes/SM_Rock_04.uasset" 4577
"D:/LobinhoTheGame/UE5_LobinhoTheGame/Content/Light_Foliage/Meshes/SM_Rock_06.uasset" 4578
"D:/LobinhoTheGame/UE5_LobinhoTheGame/Content/Light_Foliage/Meshes/SM_Rock_07.uasset" 4579
"D:/LobinhoTheGame/UE5_LobinhoTheGame/Content/Light_Foliage/Meshes/SM_Rock_08.uasset" 4580
"D:/LobinhoTheGame/UE5_LobinhoTheGame/Content/LandscapeStamps/DemoRoom/Materials/MI_Landscape.uasset" 4581
"D:/LobinhoTheGame/UE5_LobinhoTheGame/Content/Light_Foliage/Materials/MI_Branch.uasset" 4582
"D:/LobinhoTheGame/UE5_LobinhoTheGame/Content/Light_Foliage/Materials/MI_Bush_01.uasset" 4583
"C:/Users/Neri/AppData/Local/UnrealEngine/Common/DerivedDataCache/Buckets/LegacyTEXTURE/42/b4/90fdb563a2eca989553639279230685c6563.udd" 4584
"C:/Users/Neri/AppData/Local/UnrealEngine/Common/DerivedDataCache/Content/67/12/6482a221c0c1cbb2312945e356e7b3cf24d4.udd" 4585
"C:/Users/Neri/AppData/Local/UnrealEngine/Common/DerivedDataCache/Buckets/StaticMesh/d6/af/72c96af087768d1bc673b09b6df092a046b7.udd" 4586
"C:/Users/Neri/AppData/Local/UnrealEngine/Common/DerivedDataCache/Buckets/LegacyDIST/b0/8e/f6260c6fdedd080d0d95492131d08d49ed19.udd" 4587
"C:/Users/Neri/AppData/Local/UnrealEngine/Common/DerivedDataCache/Buckets/LegacyCARD/46/7e/3f6eeae97327e5791c7775266e8929bc1257.udd" 4588
"C:/Users/Neri/AppData/Local/UnrealEngine/Common/DerivedDataCache/Buckets/StaticMesh/7b/cb/31ab012116d32d1457f91cebc24641790670.udd" 4589
"C:/Users/Neri/AppData/Local/UnrealEngine/Common/DerivedDataCache/Buckets/LegacyTEXTURE/20/59/4eacdab59e1c9b6bc0f27439c2920aa8aba6.udd" 4590
"C:/Users/Neri/AppData/Local/UnrealEngine/Common/DerivedDataCache/Buckets/StaticMesh/60/af/0c194458f3de6807f17f9056a6fef855b721.udd" 4591
"C:/Users/Neri/AppData/Local/UnrealEngine/Common/DerivedDataCache/Buckets/LegacyTEXTURE/34/cb/95eab48679b1aec5f850cf27457dcddd8a40.udd" 4592
"C:/Users/Neri/AppData/Local/UnrealEngine/Common/DerivedDataCache/Content/23/9b/fba9f92a9d5e407fcc9cae7e3a902a7ce18a.udd" 4593
"C:/Users/Neri/AppData/Local/UnrealEngine/Common/DerivedDataCache/Content/ec/2c/f18304b7da980e45b5dc90ad9d79b958661a.udd" 4594
"C:/Users/Neri/AppData/Local/UnrealEngine/Common/DerivedDataCache/Buckets/LegacyDIST/f5/ab/dfc8fd5704a25ed0bbdd7c582e0be79761ca.udd" 4595
"C:/Users/Neri/AppData/Local/UnrealEngine/Common/DerivedDataCache/Buckets/LegacyDIST/c1/76/aaa4cbdf9870aff013b68510c26018ac2b05.udd" 4596
"C:/Users/Neri/AppData/Local/UnrealEngine/Common/DerivedDataCache/Buckets/LegacyCARD/af/dc/3ff6503d5adf0e804fb3f68522685da3546b.udd" 4597
"C:/Users/Neri/AppData/Local/UnrealEngine/Common/DerivedDataCache/Buckets/LegacyCARD/ae/71/55951052030ea5c600e6c81cb8f4d5a413f1.udd" 4598
"C:/Users/Neri/AppData/Local/UnrealEngine/Common/DerivedDataCache/Buckets/LegacyNavCollision/aa/b5/264243b1b3956dc64caa9457c76b73682ffe.udd" 4599
"C:/Users/Neri/AppData/Local/UnrealEngine/Common/DerivedDataCache/Buckets/LegacyNavCollision/81/3f/a86631724e0ad22a8b85767f9c7eb78db27e.udd" 4600
"C:/Users/Neri/AppData/Local/UnrealEngine/Common/DerivedDataCache/Buckets/LegacyNavCollision/a4/1f/6c8a8500e96d8726fcc4829e469f4b3dfd3b.udd" 4601
"C:/Users/Neri/AppData/Local/UnrealEngine/Common/DerivedDataCache/Buckets/LegacyTEXTURE/85/fc/3a433b09c91f2c21d4aaeb8d224e2e121140.udd" 4602
"C:/Users/Neri/AppData/Local/UnrealEngine/Common/DerivedDataCache/Buckets/LegacyTEXTURE/0e/4e/e5186e194dbb3ddc3dca69526c739abc9739.udd" 4603
"C:/Users/Neri/AppData/Local/UnrealEngine/Common/DerivedDataCache/Buckets/LegacyTEXTURE/e4/3e/9068194eedbae4486d5d90441c3fcd209f7d.udd" 4604
"C:/Users/Neri/AppData/Local/UnrealEngine/Common/DerivedDataCache/Buckets/LegacyTEXTURE/00/5b/cff3d188011988d568d13ef61a1cde829f65.udd" 4605
"C:/Users/Neri/AppData/Local/UnrealEngine/Common/DerivedDataCache/Buckets/LegacyTEXTURE/6c/25/b8dad30cdbde0894f43c5124c720e3c4a475.udd" 4606
"C:/Users/Neri/AppData/Local/UnrealEngine/Common/DerivedDataCache/Buckets/LegacyTEXTURE/a4/f0/f62ed9513cf619e6338cc1c0b13d20e617f0.udd" 4607
"C:/Users/Neri/AppData/Local/UnrealEngine/Common/DerivedDataCache/Buckets/LegacyTEXTURE/3d/a1/79643150f00be6c9da5731a64cfc94f0563d.udd" 4608
"C:/Users/Neri/AppData/Local/UnrealEngine/Common/DerivedDataCache/Buckets/MaterialShaderMap/2d/89/6fdc539c9447df0fd6abe24af240b8816999.udd" 4609
"C:/Users/Neri/AppData/Local/UnrealEngine/Common/DerivedDataCache/Buckets/MaterialShaderMap/77/39/23d7f61f9b8ced932723e9f992003906d293.udd" 4610
"C:/Users/Neri/AppData/Local/UnrealEngine/Common/DerivedDataCache/Buckets/MaterialShaderMap/28/ea/3de3a3846366851a019f538987fc2e7b9431.udd" 4611
"C:/Users/Neri/AppData/Local/UnrealEngine/Common/DerivedDataCache/Buckets/MaterialShaderMap/23/6b/bfd3f8c5eb578167434c1fc5d40d6c8d2ad4.udd" 4612
"C:/Users/Neri/AppData/Local/UnrealEngine/Common/DerivedDataCache/Buckets/MaterialShaderMap/f9/e9/88d9b7a2842172a901242d46b2ce7a5dff15.udd" 4613
"C:/Users/Neri/AppData/Local/UnrealEngine/Common/DerivedDataCache/Buckets/MaterialShaderMap/56/5a/4e7e7a72de18492155dc596b5624feae2d7e.udd" 4614
"C:/Users/Neri/AppData/Local/UnrealEngine/Common/DerivedDataCache/Buckets/MaterialShaderMap/8e/19/515671cf5f7a882c61d78f225a1798dc9962.udd" 4615
"C:/Users/Neri/AppData/Local/UnrealEngine/Common/DerivedDataCache/Buckets/MaterialShaderMap/a2/d5/6113c738b9e5593f0d9f2abd906e10a36e82.udd" 4616
"C:/Users/Neri/AppData/Local/UnrealEngine/Common/DerivedDataCache/Buckets/LegacyTEXTURE/bf/9c/8ba462c93eb82208f8c8b8447c1d1cddb647.udd" 4617
"C:/Users/Neri/AppData/Local/UnrealEngine/Common/DerivedDataCache/Content/8f/fb/84180e10a0a85687baf040d28e4cbb48bb20.udd" 4618
"C:/Users/Neri/AppData/Local/UnrealEngine/Common/DerivedDataCache/Buckets/MaterialShaderMap/8b/b8/1157413e2b58a6ff7266b6e2c922cb1efa0c.udd" 4619
"C:/Users/Neri/AppData/Local/UnrealEngine/Common/DerivedDataCache/Buckets/MaterialShaderMap/37/7e/baeff2c63c2661fe23d4bba877f2d109df42.udd" 4620
"C:/Users/Neri/AppData/Local/UnrealEngine/Common/DerivedDataCache/Buckets/MaterialShaderMap/6a/48/e01ae8f4b28784177961bf0da9d44b9d7773.udd" 4621
"C:/Users/Neri/AppData/Local/UnrealEngine/Common/DerivedDataCache/Buckets/MaterialShaderMap/70/ca/679e7a32d0663924491df758718f83dd7178.udd" 4622
"C:/Users/Neri/AppData/Local/UnrealEngine/Common/DerivedDataCache/Buckets/MaterialShaderMap/fb/e6/5fbd0b3ecbb13a3499ebc9a239ac43d503d1.udd" 4623
"C:/Users/Neri/AppData/Local/UnrealEngine/Common/DerivedDataCache/Buckets/MaterialShaderMap/4f/d0/a9069aefbb1cdd496837cad942deb1b455e6.udd" 4624
"C:/Users/Neri/AppData/Local/UnrealEngine/Common/DerivedDataCache/Buckets/MaterialShaderMap/95/fa/25ca07b0f275d3c81772e219a7e850031432.udd" 4625
"C:/Users/Neri/AppData/Local/UnrealEngine/Common/DerivedDataCache/Buckets/MaterialShaderMap/fa/7a/3231480890d0e87f70be7991e57c8bf4bfc9.udd" 4626
"D:/LobinhoTheGame/UE5_LobinhoTheGame/Content/Light_Foliage/Materials/MI_Bush_02.uasset" 4627
"D:/LobinhoTheGame/UE5_LobinhoTheGame/Content/Light_Foliage/Materials/MI_Bush_03.uasset" 4628
"D:/LobinhoTheGame/UE5_LobinhoTheGame/Content/Light_Foliage/Materials/MI_Bush_04.uasset" 4629
"D:/LobinhoTheGame/UE5_LobinhoTheGame/Content/Light_Foliage/Materials/MI_Bush_05.uasset" 4630
"D:/LobinhoTheGame/UE5_LobinhoTheGame/Content/Light_Foliage/Materials/MI_Flower_01.uasset" 4631
"D:/LobinhoTheGame/UE5_LobinhoTheGame/Content/Light_Foliage/Materials/MI_Flower_02.uasset" 4632
"D:/LobinhoTheGame/UE5_LobinhoTheGame/Content/Light_Foliage/Materials/MI_Grass_01.uasset" 4633
"D:/LobinhoTheGame/UE5_LobinhoTheGame/Content/Light_Foliage/Materials/MI_Grass_02.uasset" 4634
"D:/LobinhoTheGame/UE5_LobinhoTheGame/Content/Light_Foliage/Materials/MI_Grass_03.uasset" 4635
"D:/LobinhoTheGame/UE5_LobinhoTheGame/Content/Light_Foliage/Materials/MI_Grass_04.uasset" 4636
"D:/LobinhoTheGame/UE5_LobinhoTheGame/Content/Light_Foliage/Materials/MI_Grass_05.uasset" 4637
"D:/LobinhoTheGame/UE5_LobinhoTheGame/Content/Light_Foliage/Materials/MI_Grass_06.uasset" 4638
"D:/LobinhoTheGame/UE5_LobinhoTheGame/Content/Light_Foliage/Materials/MI_Grass_07.uasset" 4639
"D:/LobinhoTheGame/UE5_LobinhoTheGame/Content/Light_Foliage/Materials/MI_Grass_08.uasset" 4640
"D:/LobinhoTheGame/UE5_LobinhoTheGame/Content/Light_Foliage/Materials/MI_Shrub.uasset" 4641
"D:/LobinhoTheGame/UE5_LobinhoTheGame/Content/AnimalVarietyPack/Wolf/Animations/ANIM_Wolf_Bite_Montage.uasset" 4642
"C:/Users/Neri/AppData/Local/UnrealEngine/Common/DerivedDataCache/Buckets/LegacyTEXTURE/4c/b5/141db6bfd89c768c623af58db2628c73ff50.udd" 4643
"C:/Users/Neri/AppData/Local/UnrealEngine/Common/DerivedDataCache/Content/d9/a5/5fcacf82c5d2d39b160a0ef7d236deaa1aef.udd" 4644
"C:/Users/Neri/AppData/Local/UnrealEngine/Common/DerivedDataCache/Buckets/LegacyTEXTURE/5a/13/d09928137cecbbd30d95ba1150b777e8e705.udd" 4645
"C:/Users/Neri/AppData/Local/UnrealEngine/Common/DerivedDataCache/Content/78/0a/baa65516a4a66d810558d0aabfd2ed8e3ec1.udd" 4646
"C:/Users/Neri/AppData/Local/UnrealEngine/Common/DerivedDataCache/Buckets/LegacyTEXTURE/01/39/3e33e8ee23e79d9b5f72bd41a665bde063b6.udd" 4647
"C:/Users/Neri/AppData/Local/UnrealEngine/Common/DerivedDataCache/Buckets/LegacyTEXTURE/82/d2/aeed0c2421bec468960425fdabeea75b90d7.udd" 4648
"C:/Users/Neri/AppData/Local/UnrealEngine/Common/DerivedDataCache/Buckets/LegacyTEXTURE/07/07/e0ba876de9bb44946b16ed19170987bd3527.udd" 4649
"C:/Users/Neri/AppData/Local/UnrealEngine/Common/DerivedDataCache/Buckets/MaterialShaderMap/12/22/4e411d8d352056175260c12d30cdccf284d2.udd" 4650
"C:/Users/Neri/AppData/Local/UnrealEngine/Common/DerivedDataCache/Buckets/MaterialShaderMap/ed/5a/98cda127aea711e23f1cfff2fecaa58cf421.udd" 4651
"D:/LobinhoTheGame/UE5_LobinhoTheGame/Content/PN_interactiveSpruceForest/Materials/MaterialFunctions/PN_AnimationShader.uasset" 4652
"D:/LobinhoTheGame/UE5_LobinhoTheGame/Content/AnimalVarietyPack/Wolf/Animations/ANIM_Wolf_RunBite_RM_Montage.uasset" 4653
"D:/LobinhoTheGame/UE5_LobinhoTheGame/Content/AnimalVarietyPack/DeerStagAndDoe/Animations/ANIM_DeerStag_Run.uasset" 4654
"D:/LobinhoTheGame/UE5_LobinhoTheGame/Content/AnimalVarietyPack/DeerStagAndDoe/Animations/ANIM_DeerStag_Walk.uasset" 4655
"D:/LobinhoTheGame/UE5_LobinhoTheGame/Content/AnimalVarietyPack/Wolf/Animations/ANIM_Wolf_Run.uasset" 4656
"D:/LobinhoTheGame/UE5_LobinhoTheGame/Content/AnimalVarietyPack/Wolf/Animations/ANIM_Wolf_Walk.uasset" 4657
"../../../Engine/Plugins/Interchange/Runtime/Content/gltf/M_Transmission.uasset" 4658
"../../../Engine/Plugins/Interchange/Runtime/Content/gltf/M_Sheen.uasset" 4659
"../../../Engine/Plugins/Interchange/Runtime/Content/gltf/M_Translucent.uasset" 4660
"../../../Engine/Plugins/Interchange/Runtime/Content/gltf/M_Opaque.uasset" 4661
"../../../Engine/Content/Functions/Engine_MaterialFunctions02/Texturing/FlipBook.uasset" 4662
"../../../Engine/Plugins/Interchange/Runtime/Content/gltf/MaterialInstances_MR/MI_Opaque_Unlit_TS.uasset" 4663
"../../../Engine/Plugins/Interchange/Runtime/Content/gltf/MaterialInstances_MR/MI_Opaque_Unlit.uasset" 4664
"D:/LobinhoTheGame/UE5_LobinhoTheGame/Content/Light_Foliage/Meshes/SM_Bush_01.uasset" 4665
"D:/LobinhoTheGame/UE5_LobinhoTheGame/Content/Light_Foliage/Meshes/SM_Bush_02.uasset" 4666
"D:/LobinhoTheGame/UE5_LobinhoTheGame/Content/Light_Foliage/Meshes/SM_Bush_03.uasset" 4667
"C:/Users/Neri/AppData/Local/UnrealEngine/Common/DerivedDataCache/Buckets/MaterialShaderMap/af/55/46a712168e68b3102ad5d3a6fff277da95d9.udd" 4668
"C:/Users/Neri/AppData/Local/UnrealEngine/Common/DerivedDataCache/Buckets/MaterialShaderMap/dd/14/3f696d5e79c45b7efb9dc0080bfba3f5dfc4.udd" 4669
"C:/Users/Neri/AppData/Local/UnrealEngine/Common/DerivedDataCache/Buckets/MaterialShaderMap/4f/d1/3b99879d82e47b1ecb83f5bc81cce6f4a605.udd" 4670
"C:/Users/Neri/AppData/Local/UnrealEngine/Common/DerivedDataCache/Buckets/MaterialShaderMap/ed/a7/95ea8bbd850f99726106f863866a5ab70b9d.udd" 4671
"C:/Users/Neri/AppData/Local/UnrealEngine/Common/DerivedDataCache/Buckets/MaterialShaderMap/1f/c6/c08cee21c97ddce866d70b42d76c0c5241f0.udd" 4672
"C:/Users/Neri/AppData/Local/UnrealEngine/Common/DerivedDataCache/Buckets/MaterialShaderMap/8d/ad/6fe7398e55e335082f5fddc5170b86737ba5.udd" 4673
"D:/LobinhoTheGame/UE5_LobinhoTheGame/Content/Light_Foliage/Meshes/SM_Bush_05.uasset" 4674
"D:/LobinhoTheGame/UE5_LobinhoTheGame/Content/Light_Foliage/Meshes/SM_Bush_04.uasset" 4675
"D:/LobinhoTheGame/UE5_LobinhoTheGame/Content/Light_Foliage/Meshes/SM_Flowers_01.uasset" 4676
"D:/LobinhoTheGame/UE5_LobinhoTheGame/Content/Light_Foliage/Meshes/SM_Grass_01.uasset" 4677
"D:/LobinhoTheGame/UE5_LobinhoTheGame/Content/Light_Foliage/Meshes/SM_Grass_02.uasset" 4678
"D:/LobinhoTheGame/UE5_LobinhoTheGame/Content/Light_Foliage/Meshes/SM_Grass_03.uasset" 4679
"D:/LobinhoTheGame/UE5_LobinhoTheGame/Content/Light_Foliage/Meshes/SM_Grass_04.uasset" 4680
"D:/LobinhoTheGame/UE5_LobinhoTheGame/Content/Light_Foliage/Meshes/SM_Grass_05.uasset" 4681
"D:/LobinhoTheGame/UE5_LobinhoTheGame/Content/Light_Foliage/Meshes/SM_Grass_06.uasset" 4682
"D:/LobinhoTheGame/UE5_LobinhoTheGame/Content/Light_Foliage/Meshes/SM_Grass_07.uasset" 4683
"D:/LobinhoTheGame/UE5_LobinhoTheGame/Content/Light_Foliage/Meshes/SM_Grass_08.uasset" 4684
"D:/LobinhoTheGame/UE5_LobinhoTheGame/Content/Light_Foliage/Meshes/SM_Shrub_01.uasset" 4685
"D:/LobinhoTheGame/UE5_LobinhoTheGame/Content/Light_Foliage/Meshes/SM_Shrub_02.uasset" 4686
"D:/LobinhoTheGame/UE5_LobinhoTheGame/Content/PN_interactiveSpruceForest/Materials/MasterMaterials/MA_Summer.uasset" 4687
"D:/LobinhoTheGame/UE5_LobinhoTheGame/Content/AnimalVarietyPack/DeerStagAndDoe/Animations/BS_Deer.uasset" 4688
"D:/LobinhoTheGame/UE5_LobinhoTheGame/Content/AnimalVarietyPack/Wolf/Animations/BS_Wolf.uasset" 4689
"C:/Users/Neri/AppData/Local/UnrealEngine/Common/DerivedDataCache/Buckets/MaterialShaderMap/d5/27/c8044cb1b0a573f4fc74aa52a456812b0f1b.udd" 4690
"C:/Users/Neri/AppData/Local/UnrealEngine/Common/DerivedDataCache/Buckets/MaterialShaderMap/cd/6c/e097112a409cfe5d4287b5e247a5eec3d66e.udd" 4691
"C:/Users/Neri/AppData/Local/UnrealEngine/Common/DerivedDataCache/Buckets/MaterialShaderMap/aa/e0/0b1d69de210e43caa09965f2be4feca50dba.udd" 4692
"C:/Users/Neri/AppData/Local/UnrealEngine/Common/DerivedDataCache/Buckets/MaterialShaderMap/76/16/8827ac4ff73333e1f6cb3e6efc6fda110d5c.udd" 4693
"C:/Users/Neri/AppData/Local/UnrealEngine/Common/DerivedDataCache/Buckets/MaterialShaderMap/4d/33/be45f2b7b45b1ba6981b7b5bcf097af21bd9.udd" 4694
"C:/Users/Neri/AppData/Local/UnrealEngine/Common/DerivedDataCache/Buckets/MaterialShaderMap/db/3f/9feba86b46d91408892e11dc1e459b5ea3ba.udd" 4695
"../../../Engine/Plugins/Interchange/Runtime/Content/gltf/MaterialInstances_MR/MI_Transmission_TS.uasset" 4696
"../../../Engine/Plugins/Interchange/Runtime/Content/gltf/MaterialInstances_MR/MI_Transmission.uasset" 4697
"../../../Engine/Plugins/Interchange/Runtime/Content/gltf/MaterialInstances_SG/MI_Transmission_TS.uasset" 4698
"../../../Engine/Plugins/Interchange/Runtime/Content/gltf/MaterialInstances_SG/MI_Transmission.uasset" 4699
"../../../Engine/Plugins/Interchange/Runtime/Content/gltf/MaterialInstances_MR/MI_Opaque_Sheen_TS.uasset" 4700
"../../../Engine/Plugins/Interchange/Runtime/Content/gltf/MaterialInstances_MR/MI_Opaque_Sheen.uasset" 4701
"../../../Engine/Plugins/Interchange/Runtime/Content/gltf/MaterialInstances_SG/MI_Opaque_Sheen_TS.uasset" 4702
"../../../Engine/Plugins/Interchange/Runtime/Content/gltf/MaterialInstances_SG/MI_Opaque_Sheen.uasset" 4703
"../../../Engine/Plugins/Interchange/Runtime/Content/gltf/MaterialInstances_MR/MI_Translucent_TS.uasset" 4704
"../../../Engine/Plugins/Interchange/Runtime/Content/gltf/MaterialInstances_MR/MI_Translucent_ClearCoat_TS.uasset" 4705
"../../../Engine/Plugins/Interchange/Runtime/Content/gltf/MaterialInstances_MR/MI_Translucent_ClearCoat.uasset" 4706
"../../../Engine/Plugins/Interchange/Runtime/Content/gltf/MaterialInstances_MR/MI_Translucent.uasset" 4707
"../../../Engine/Plugins/Interchange/Runtime/Content/gltf/MaterialInstances_SG/MI_Translucent_TS.uasset" 4708
"../../../Engine/Plugins/Interchange/Runtime/Content/gltf/MaterialInstances_SG/MI_Translucent_ClearCoat_TS.uasset" 4709
"../../../Engine/Plugins/Interchange/Runtime/Content/gltf/MaterialInstances_SG/MI_Translucent_ClearCoat.uasset" 4710
"../../../Engine/Plugins/Interchange/Runtime/Content/gltf/MaterialInstances_SG/MI_Translucent.uasset" 4711
"C:/Users/Neri/AppData/Local/UnrealEngine/Common/DerivedDataCache/Buckets/MaterialShaderMap/84/e6/2830109626b00d5631dc5132ef6f09ab8d3b.udd" 4712
"C:/Users/Neri/AppData/Local/UnrealEngine/Common/DerivedDataCache/Buckets/MaterialShaderMap/5f/2f/a527de6367e448240cce4a61291252eaf998.udd" 4713
"C:/Users/Neri/AppData/Local/UnrealEngine/Common/DerivedDataCache/Buckets/MaterialShaderMap/0b/31/f28e8eee28876a09525e086ad68a8eafd36a.udd" 4714
"C:/Users/Neri/AppData/Local/UnrealEngine/Common/DerivedDataCache/Buckets/MaterialShaderMap/47/64/e658423cbff78be3b007b7147ce1dba80159.udd" 4715
"C:/Users/Neri/AppData/Local/UnrealEngine/Common/DerivedDataCache/Buckets/MaterialShaderMap/15/20/7790bb9fac1241feb6ae0c0e36a26b4f082e.udd" 4716
"C:/Users/Neri/AppData/Local/UnrealEngine/Common/DerivedDataCache/Buckets/MaterialShaderMap/10/1f/afbc50f0b9f734828ea2c2154195b7f81006.udd" 4717
"C:/Users/Neri/AppData/Local/UnrealEngine/Common/DerivedDataCache/Buckets/MaterialShaderMap/6d/ff/eb876868258a2ac26e445de84f6de0cfdbd1.udd" 4718
"C:/Users/Neri/AppData/Local/UnrealEngine/Common/DerivedDataCache/Buckets/MaterialShaderMap/41/6f/58cca80025b03b4a33494693eeaffc38a29e.udd" 4719
"C:/Users/Neri/AppData/Local/UnrealEngine/Common/DerivedDataCache/Buckets/MaterialShaderMap/35/81/4a0404b43e2fb057502e5fd271b9836cd7b0.udd" 4720
"C:/Users/Neri/AppData/Local/UnrealEngine/Common/DerivedDataCache/Buckets/MaterialShaderMap/b0/8e/b4ef59736db10ca99f7a0149c45d57175847.udd" 4721
"C:/Users/Neri/AppData/Local/UnrealEngine/Common/DerivedDataCache/Buckets/MaterialShaderMap/da/36/df51c5205c7125e3cfb704d60fad143e4bdf.udd" 4722
"C:/Users/Neri/AppData/Local/UnrealEngine/Common/DerivedDataCache/Buckets/MaterialShaderMap/68/65/d79b2bb2e687ff3718dae6c0e967f89053d4.udd" 4723
"C:/Users/Neri/AppData/Local/UnrealEngine/Common/DerivedDataCache/Buckets/MaterialShaderMap/1e/e6/8691feee943946d6bf89c4dd102882252e07.udd" 4724
"C:/Users/Neri/AppData/Local/UnrealEngine/Common/DerivedDataCache/Buckets/MaterialShaderMap/87/cd/904d875a54e275432b2aaa71770e91bae16d.udd" 4725
"../../../Engine/Plugins/Interchange/Runtime/Content/gltf/MaterialInstances_MR/MI_Opaque_TS.uasset" 4726
"../../../Engine/Plugins/Interchange/Runtime/Content/gltf/MaterialInstances_MR/MI_Opaque_ClearCoat_TS.uasset" 4727
"../../../Engine/Plugins/Interchange/Runtime/Content/gltf/MaterialInstances_MR/MI_Opaque_ClearCoat.uasset" 4728
"../../../Engine/Plugins/Interchange/Runtime/Content/gltf/MaterialInstances_MR/MI_Opaque.uasset" 4729
"../../../Engine/Plugins/Interchange/Runtime/Content/gltf/MaterialInstances_SG/MI_Opaque_TS.uasset" 4730
"../../../Engine/Plugins/Interchange/Runtime/Content/gltf/MaterialInstances_SG/MI_Opaque_ClearCoat_TS.uasset" 4731
"../../../Engine/Plugins/Interchange/Runtime/Content/gltf/MaterialInstances_SG/MI_Opaque_ClearCoat.uasset" 4732
"../../../Engine/Plugins/Interchange/Runtime/Content/gltf/MaterialInstances_SG/MI_Opaque.uasset" 4733
"../../../Engine/Content/ArtTools/RenderToTexture/MaterialFunctions/ImposterUVs.uasset" 4734
"D:/LobinhoTheGame/UE5_LobinhoTheGame/Content/PN_interactiveSpruceForest/Materials/MaterialInstances/full/low/spruce_full_01_low_MA.uasset" 4735
"D:/LobinhoTheGame/UE5_LobinhoTheGame/Content/PN_interactiveSpruceForest/Materials/MaterialInstances/half/low/spruce_half_03_low_MA.uasset" 4736
"D:/LobinhoTheGame/UE5_LobinhoTheGame/Content/PN_interactiveSpruceForest/Materials/MasterMaterials/MA_Imposter.uasset" 4737
"D:/LobinhoTheGame/UE5_LobinhoTheGame/Content/PN_interactiveSpruceForest/Materials/MaterialInstances/full/low/spruce_full_01_low_branch.uasset" 4738
"D:/LobinhoTheGame/UE5_LobinhoTheGame/Content/PN_interactiveSpruceForest/Materials/MaterialInstances/full/low/spruce_full_01_low_leaf.uasset" 4739
"D:/LobinhoTheGame/UE5_LobinhoTheGame/Content/PN_interactiveSpruceForest/Materials/MaterialInstances/full/low/spruce_full_01_low_trunk.uasset" 4740
"C:/Users/Neri/AppData/Local/UnrealEngine/Common/DerivedDataCache/Buckets/MaterialShaderMap/2d/d0/4e125f9cae1db988ecbfa0e8f70e5d9e2aa6.udd" 4741
"C:/Users/Neri/AppData/Local/UnrealEngine/Common/DerivedDataCache/Buckets/MaterialShaderMap/e6/b5/d99316e72076e15d1fef5663c39a9dbc9767.udd" 4742
"C:/Users/Neri/AppData/Local/UnrealEngine/Common/DerivedDataCache/Buckets/MaterialShaderMap/62/9d/a12c82bfc177d17b65142dcb3b094589ffe3.udd" 4743
"C:/Users/Neri/AppData/Local/UnrealEngine/Common/DerivedDataCache/Buckets/MaterialShaderMap/a9/5b/282a57e696c96a483b31e19d5837998ea931.udd" 4744
"C:/Users/Neri/AppData/Local/UnrealEngine/Common/DerivedDataCache/Buckets/MaterialShaderMap/81/26/2c25f7dc10f541e048125af6e5882130b522.udd" 4745
"C:/Users/Neri/AppData/Local/UnrealEngine/Common/DerivedDataCache/Buckets/MaterialShaderMap/0c/c6/61b08843463b8539794a7f9b263d07b9d57a.udd" 4746
"C:/Users/Neri/AppData/Local/UnrealEngine/Common/DerivedDataCache/Buckets/MaterialShaderMap/24/59/4e2cac84f4f44c6352fbc03f008bb78fd85f.udd" 4747
"C:/Users/Neri/AppData/Local/UnrealEngine/Common/DerivedDataCache/Buckets/MaterialShaderMap/1e/25/b32f9322893f0b475ffe1b84ab02fe7eab71.udd" 4748
"C:/Users/Neri/AppData/Local/UnrealEngine/Common/DerivedDataCache/Buckets/MaterialShaderMap/82/0a/14e203d36eac6adc7f74520e024ff26e6140.udd" 4749
"C:/Users/Neri/AppData/Local/UnrealEngine/Common/DerivedDataCache/Buckets/MaterialShaderMap/99/4a/f58bee76187d193575ae627da0f9c6002fec.udd" 4750
"C:/Users/Neri/AppData/Local/UnrealEngine/Common/DerivedDataCache/Buckets/MaterialShaderMap/f3/f2/e5d71946cbb47bcb3f002fdd5bcc7a93db9e.udd" 4751
"C:/Users/Neri/AppData/Local/UnrealEngine/Common/DerivedDataCache/Buckets/MaterialShaderMap/8c/e4/659e10c0c81492df26be084327e76f56e58a.udd" 4752
"C:/Users/Neri/AppData/Local/UnrealEngine/Common/DerivedDataCache/Buckets/MaterialShaderMap/64/eb/7863869a90fc3a112c482348e35cbae0bc37.udd" 4753
"C:/Users/Neri/AppData/Local/UnrealEngine/Common/DerivedDataCache/Buckets/MaterialShaderMap/97/d7/10db4ecbfb73fbc59e9026368e3208bd8ec0.udd" 4754
"C:/Users/Neri/AppData/Local/UnrealEngine/Common/DerivedDataCache/Buckets/MaterialShaderMap/c3/5e/3107d7a77c8c50e46d109e0f15c82071fe11.udd" 4755
"C:/Users/Neri/AppData/Local/UnrealEngine/Common/DerivedDataCache/Buckets/MaterialShaderMap/43/ed/cf7eb9f30b547ab6f7069bdb15d0a5fa00a9.udd" 4756
"C:/Users/Neri/AppData/Local/UnrealEngine/Common/DerivedDataCache/Buckets/MaterialShaderMap/8c/b3/0cc82e3b45ae6624008bfac4fdbff8f0ec57.udd" 4757
"C:/Users/Neri/AppData/Local/UnrealEngine/Common/DerivedDataCache/Buckets/MaterialShaderMap/10/02/3e28b1ab68ad2d31a27ac3066f4303d52bfc.udd" 4758
"C:/Users/Neri/AppData/Local/UnrealEngine/Common/DerivedDataCache/Buckets/MaterialShaderMap/ba/36/b452546caef6b122ddeae33615d6a5162826.udd" 4759
"C:/Users/Neri/AppData/Local/UnrealEngine/Common/DerivedDataCache/Buckets/MaterialShaderMap/aa/d9/2773e1734dae5ae68d0046c533847b2cb132.udd" 4760
"C:/Users/Neri/AppData/Local/UnrealEngine/Common/DerivedDataCache/Buckets/MaterialShaderMap/d6/c6/215e6bc7b68ab61c6993c83c5810a8523083.udd" 4761
"C:/Users/Neri/AppData/Local/UnrealEngine/Common/DerivedDataCache/Buckets/MaterialShaderMap/e7/6a/494effd089a42b8729e4a2753afb1b716b1e.udd" 4762
"C:/Users/Neri/AppData/Local/UnrealEngine/Common/DerivedDataCache/Buckets/MaterialShaderMap/a0/30/fb4aa3267bb427e74ee6dc2d6a8f2ad9bba6.udd" 4763
"C:/Users/Neri/AppData/Local/UnrealEngine/Common/DerivedDataCache/Buckets/MaterialShaderMap/fc/fe/325ef9609241e87365aa42e6facc0ebee48a.udd" 4764
"C:/Users/Neri/AppData/Local/UnrealEngine/Common/DerivedDataCache/Buckets/MaterialShaderMap/fd/61/07afded6a90892d2e9139366c550ba9a5f25.udd" 4765
"C:/Users/Neri/AppData/Local/UnrealEngine/Common/DerivedDataCache/Buckets/MaterialShaderMap/8a/14/cb8adeac1af2501a531e3e3f415757ec2753.udd" 4766
"C:/Users/Neri/AppData/Local/UnrealEngine/Common/DerivedDataCache/Buckets/MaterialShaderMap/fa/4b/e4f33e3669878d9c356d8f874bd13ad59b9c.udd" 4767
"C:/Users/Neri/AppData/Local/UnrealEngine/Common/DerivedDataCache/Buckets/MaterialShaderMap/d8/89/5541d7720162988d9b26bfec5f990b9c6c6a.udd" 4768
"D:/LobinhoTheGame/UE5_LobinhoTheGame/Content/PN_interactiveSpruceForest/Materials/MaterialInstances/half/low/spruce_half_03_low_branch.uasset" 4769
"D:/LobinhoTheGame/UE5_LobinhoTheGame/Content/PN_interactiveSpruceForest/Materials/MaterialInstances/half/low/spruce_half_03_low_leaf.uasset" 4770
"D:/LobinhoTheGame/UE5_LobinhoTheGame/Content/PN_interactiveSpruceForest/Materials/MaterialInstances/half/low/spruce_half_03_low_trunk.uasset" 4771
"D:/LobinhoTheGame/UE5_LobinhoTheGame/Content/PN_interactiveSpruceForest/Materials/MaterialInstances/imposter/low/full_01_imposter.uasset" 4772
"D:/LobinhoTheGame/UE5_LobinhoTheGame/Content/PN_interactiveSpruceForest/Materials/MaterialInstances/imposter/low/half_03_imposter.uasset" 4773
"D:/LobinhoTheGame/UE5_LobinhoTheGame/Content/PN_interactiveSpruceForest/Meshes/full/low/spruce_full_01_low.uasset" 4774
"D:/LobinhoTheGame/UE5_LobinhoTheGame/Content/PN_interactiveSpruceForest/Meshes/half/low/spruce_half_03_low.uasset" 4775
"../../../Engine/Content/EngineSounds/Submixes/MasterEQSubmixDefault.uasset" 4776
"../../../Engine/Content/EngineSounds/Submixes/MasterSubmixDefault.uasset" 4777
"C:/Users/Neri/AppData/Local/UnrealEngine/Common/DerivedDataCache/Buckets/LegacyAnimSeq/72/c4/596fae5e34f26f9141efe6db1aa2c24b36af.udd" 4778
"C:/Users/Neri/AppData/Local/UnrealEngine/Common/DerivedDataCache/Buckets/LegacyAnimSeq/25/0e/3a4c0bd42df711a8542e0b87269d9f4fccc4.udd" 4779
"../../../Engine/Content/EngineSounds/Submixes/MasterReverbSubmixDefault.uasset" 4780
"D:/LobinhoTheGame/UE5_LobinhoTheGame/Content/AnimalVarietyPack/Wolf/Animations/BP_Wolf_Character.uasset" 4781
"D:/LobinhoTheGame/UE5_LobinhoTheGame/Content/AnimalVarietyPack/Wolf/Animations/Wolf_AnimBP.uasset" 4782
"D:/LobinhoTheGame/UE5_LobinhoTheGame/Content/AnimalVarietyPack/DeerStagAndDoe/Animations/Deer_AnimBP.uasset" 4783
"D:/LobinhoTheGame/UE5_LobinhoTheGame/Content/AnimalVarietyPack/DeerStagAndDoe/Animations/BP_Deer_Character.uasset" 4784
"D:/LobinhoTheGame/UE5_LobinhoTheGame/Content/Maps/LVL_Lobinho.umap" 4785
"C:/Users/Neri/AppData/Local/UnrealEngine/Common/DerivedDataCache/Buckets/MaterialShaderMap/e3/4e/87893aa1af9ba7bfc235441b51440f69a959.udd" 4786
"C:/Users/Neri/AppData/Local/UnrealEngine/Common/DerivedDataCache/Buckets/MaterialShaderMap/66/81/5de2a536ce466ac271499340914af91360ed.udd" 4787
"C:/Users/Neri/AppData/Local/UnrealEngine/Common/DerivedDataCache/Buckets/MaterialShaderMap/e7/6f/12decfec0f4b98961b34e311001497622d5a.udd" 4788
"C:/Users/Neri/AppData/Local/UnrealEngine/Common/DerivedDataCache/Buckets/MaterialShaderMap/05/42/ca8f31bad19660079e4053418baf72da9310.udd" 4789
"C:/Users/Neri/AppData/Local/UnrealEngine/Common/DerivedDataCache/Buckets/MaterialShaderMap/51/b8/6ed25124a80c78f5c180e04b676291ccad93.udd" 4790
"C:/Users/Neri/AppData/Local/UnrealEngine/Common/DerivedDataCache/Buckets/MaterialShaderMap/7e/23/48cbd738d90b8db19e6280e1309f4da3d76a.udd" 4791
"C:/Users/Neri/AppData/Local/UnrealEngine/Common/DerivedDataCache/Buckets/MaterialShaderMap/fb/d4/f9675b4c1a099f148788904dc9a294e855a9.udd" 4792
"C:/Users/Neri/AppData/Local/UnrealEngine/Common/DerivedDataCache/Buckets/MaterialShaderMap/7a/ce/52cd7fb29799d8a3a189e5e1a7dd2bd45815.udd" 4793
"C:/Users/Neri/AppData/Local/UnrealEngine/Common/DerivedDataCache/Buckets/MaterialShaderMap/a2/b2/41baa1ea87e60365bbcd306c25405fb49d63.udd" 4794
"C:/Users/Neri/AppData/Local/UnrealEngine/Common/DerivedDataCache/Buckets/MaterialShaderMap/aa/cb/803f751985d8d4cf3b07b87be1bcbc350899.udd" 4795
"C:/Users/Neri/AppData/Local/UnrealEngine/Common/DerivedDataCache/Buckets/MaterialShaderMap/70/ae/a019519b3b305adaebd4377983e2236affdf.udd" 4796
"C:/Users/Neri/AppData/Local/UnrealEngine/Common/DerivedDataCache/Buckets/MaterialShaderMap/5a/aa/f5ac3e628b56cae051f04865f71d2cf3f0ab.udd" 4797
"C:/Users/Neri/AppData/Local/UnrealEngine/Common/DerivedDataCache/Buckets/MaterialShaderMap/98/f1/e8f51cb7b16b3fcfba6f00feb4e6b0321f99.udd" 4798
"C:/Users/Neri/AppData/Local/UnrealEngine/Common/DerivedDataCache/Buckets/MaterialShaderMap/ba/dc/f36e4f33e6bd98d65c239f75c6751330b691.udd" 4799
"C:/Users/Neri/AppData/Local/UnrealEngine/Common/DerivedDataCache/Buckets/MaterialShaderMap/9c/1e/d2071c907c80f407a332bdf639334e84cf3b.udd" 4800
"C:/Users/Neri/AppData/Local/UnrealEngine/Common/DerivedDataCache/Buckets/MaterialShaderMap/b2/58/13fc13a257b27bda488f1f1d9b2bfd845730.udd" 4801
"C:/Users/Neri/AppData/Local/UnrealEngine/Common/DerivedDataCache/Buckets/MaterialShaderMap/45/2e/f46ea0ef0eac1e3a6e54a0b8dc693a32ed10.udd" 4802
"C:/Users/Neri/AppData/Local/UnrealEngine/Common/DerivedDataCache/Buckets/MaterialShaderMap/a5/fb/21d6dbb03c903175fd540fefe2c0259ee228.udd" 4803
"C:/Users/Neri/AppData/Local/UnrealEngine/Common/DerivedDataCache/Buckets/LegacyAnimSeq/f9/c4/9be74982d2f5ebcffc32651622447c004c13.udd" 4804
"C:/Users/Neri/AppData/Local/UnrealEngine/Common/DerivedDataCache/Buckets/LegacyAnimSeq/c3/00/55e7b1fc63f911b2004e2f473db3ad1331e6.udd" 4805
"C:/Users/Neri/AppData/Local/UnrealEngine/Common/DerivedDataCache/Buckets/StaticMesh/62/13/9b7645296be0e7c68492dc53e09bf1bad482.udd" 4806
"C:/Users/Neri/AppData/Local/UnrealEngine/Common/DerivedDataCache/Buckets/LegacyDIST/55/0a/efafb4ecac99b303bfaa630f665f76af790b.udd" 4807
"C:/Users/Neri/AppData/Local/UnrealEngine/Common/DerivedDataCache/Buckets/LegacyCARD/a7/38/0d623cc74c3fbaa58ea0e233fac8eb1e149f.udd" 4808
"C:/Users/Neri/AppData/Local/UnrealEngine/Common/DerivedDataCache/Buckets/StaticMesh/d1/fc/0b9f7362592124be5f2d47ee64f89dec383d.udd" 4809
"C:/Users/Neri/AppData/Local/UnrealEngine/Common/DerivedDataCache/Buckets/LegacyDIST/56/11/f0cae9e1768f40b0df928c679c59cdb926ea.udd" 4810
"C:/Users/Neri/AppData/Local/UnrealEngine/Common/DerivedDataCache/Buckets/LegacyCARD/43/00/76ae293b5d281f1e2fbebc6db5272543a2aa.udd" 4811
"C:/Users/Neri/AppData/Local/UnrealEngine/Common/DerivedDataCache/Buckets/LegacyNavCollision/de/3b/7ab9eac4a50cfa391f864fe8819777e7b589.udd" 4812
"C:/Users/Neri/AppData/Local/UnrealEngine/Common/DerivedDataCache/Buckets/StaticMesh/6f/e3/4274d604cf5580135befaedb4cc626390b17.udd" 4813
"C:/Users/Neri/AppData/Local/UnrealEngine/Common/DerivedDataCache/Buckets/StaticMesh/04/08/1991144031069c11153428bdc9ed8a7d4b34.udd" 4814
"C:/Users/Neri/AppData/Local/UnrealEngine/Common/DerivedDataCache/Buckets/LegacyDIST/e6/48/cfed98ec1586628d27f55c47fe4162b77c11.udd" 4815
"C:/Users/Neri/AppData/Local/UnrealEngine/Common/DerivedDataCache/Buckets/LegacyCARD/93/76/8639ba51bac05fdb9d337bd43e4afbfd6e1b.udd" 4816
"C:/Users/Neri/AppData/Local/UnrealEngine/Common/DerivedDataCache/Buckets/LegacyDIST/7d/d6/7cd8a667eee823f6f861753ff4302a712e4a.udd" 4817
"C:/Users/Neri/AppData/Local/UnrealEngine/Common/DerivedDataCache/Buckets/LegacyNavCollision/72/e1/1d668dcb95ffc998b1203f6f421ee543605b.udd" 4818
"C:/Users/Neri/AppData/Local/UnrealEngine/Common/DerivedDataCache/Buckets/LegacyCARD/d4/1e/ba447af28587f8e8ac8dc0c47b1c41aeadef.udd" 4819
"C:/Users/Neri/AppData/Local/UnrealEngine/Common/DerivedDataCache/Buckets/LegacyNavCollision/10/55/06fd60b01aa0281dfb4230815a50de44b9cd.udd" 4820
"C:/Users/Neri/AppData/Local/UnrealEngine/Common/DerivedDataCache/Buckets/StaticMesh/72/23/828bcd254d0013342c4cf6b52cd1b3f90d6f.udd" 4821
"C:/Users/Neri/AppData/Local/UnrealEngine/Common/DerivedDataCache/Buckets/StaticMesh/52/27/b9d238d8ae4cb5505cbbed0b787825ac3e9e.udd" 4822
"C:/Users/Neri/AppData/Local/UnrealEngine/Common/DerivedDataCache/Buckets/LegacyDIST/7d/6d/febb935da69096c3bbdae46fa4dc6c69256f.udd" 4823
"C:/Users/Neri/AppData/Local/UnrealEngine/Common/DerivedDataCache/Buckets/LegacyCARD/b6/89/122df3e4589c95a66de59f6686e7f6b0cfcc.udd" 4824
"C:/Users/Neri/AppData/Local/UnrealEngine/Common/DerivedDataCache/Buckets/LegacyDIST/88/21/94b291d27744b7f93139de56ca8a612ed909.udd" 4825
"C:/Users/Neri/AppData/Local/UnrealEngine/Common/DerivedDataCache/Buckets/LegacyNavCollision/6a/6d/2915a748f9de14f4fa776d8a3411b57f4e79.udd" 4826
"C:/Users/Neri/AppData/Local/UnrealEngine/Common/DerivedDataCache/Buckets/LegacyCARD/36/31/4dde7d0c43a3125e0021d4466c11b4e477a6.udd" 4827
"C:/Users/Neri/AppData/Local/UnrealEngine/Common/DerivedDataCache/Buckets/LegacyNavCollision/72/01/341f28420a1309af34b1ef5862dcc1bef44f.udd" 4828
"C:/Users/Neri/AppData/Local/UnrealEngine/Common/DerivedDataCache/Buckets/StaticMesh/cc/60/cca6999d58b2656ddf004234eb5ea9390bbf.udd" 4829
"C:/Users/Neri/AppData/Local/UnrealEngine/Common/DerivedDataCache/Buckets/StaticMesh/49/9e/12a356fd63241c7e36bbbaf4758d07f98ae9.udd" 4830
"C:/Users/Neri/AppData/Local/UnrealEngine/Common/DerivedDataCache/Buckets/LegacyDIST/97/f4/105360cd38d683a22e72d67d16f13e25297a.udd" 4831
"C:/Users/Neri/AppData/Local/UnrealEngine/Common/DerivedDataCache/Buckets/LegacyCARD/ac/14/cafd716ee9370d4d0b78e6c5a435f04ba021.udd" 4832
"C:/Users/Neri/AppData/Local/UnrealEngine/Common/DerivedDataCache/Buckets/LegacyDIST/f5/f1/b5d80d6b3b3044997676800836bcfaa33d32.udd" 4833
"C:/Users/Neri/AppData/Local/UnrealEngine/Common/DerivedDataCache/Buckets/LegacyNavCollision/ce/12/3c29036306d59b0b03104931779fbef9f1be.udd" 4834
"C:/Users/Neri/AppData/Local/UnrealEngine/Common/DerivedDataCache/Buckets/LegacyNavCollision/25/89/6c836eef7a37c7f3f8b3c9acaf7f6476beda.udd" 4835
"C:/Users/Neri/AppData/Local/UnrealEngine/Common/DerivedDataCache/Buckets/LegacyCARD/5f/e2/436e2a6284b9aa5327cb8a59e29da1f9b25c.udd" 4836
"C:/Users/Neri/AppData/Local/UnrealEngine/Common/DerivedDataCache/Buckets/StaticMesh/af/4b/b1b1fc68ff1972af5eded6901a1e77e84ffe.udd" 4837
"C:/Users/Neri/AppData/Local/UnrealEngine/Common/DerivedDataCache/Buckets/StaticMesh/57/83/313175e6381e33bc7a632ef0a3867f869992.udd" 4838
"C:/Users/Neri/AppData/Local/UnrealEngine/Common/DerivedDataCache/Buckets/LegacyDIST/ea/9a/8881dfbfbd7293693015e71fcdbcf936406b.udd" 4839
"C:/Users/Neri/AppData/Local/UnrealEngine/Common/DerivedDataCache/Buckets/LegacyDIST/46/38/a444e6b71f80072b796356d46fc434870676.udd" 4840
"C:/Users/Neri/AppData/Local/UnrealEngine/Common/DerivedDataCache/Buckets/LegacyCARD/5a/22/5d998e822973c516412ad9ab04e4617dae15.udd" 4841
"C:/Users/Neri/AppData/Local/UnrealEngine/Common/DerivedDataCache/Buckets/LegacyCARD/2f/4f/f380b769df40e35bbf15728b49b5a5c26c2c.udd" 4842
"C:/Users/Neri/AppData/Local/UnrealEngine/Common/DerivedDataCache/Buckets/StaticMesh/9c/0b/634018b80d39d7fc89d25142b4b334811f5c.udd" 4843
"C:/Users/Neri/AppData/Local/UnrealEngine/Common/DerivedDataCache/Buckets/StaticMesh/76/2f/422af769bc3a90887ff77968f1b5c6a43022.udd" 4844
"C:/Users/Neri/AppData/Local/UnrealEngine/Common/DerivedDataCache/Buckets/LegacyNavCollision/fc/87/1c344a5152c57f0186e61f29a6878743dde6.udd" 4845
"C:/Users/Neri/AppData/Local/UnrealEngine/Common/DerivedDataCache/Buckets/StaticMesh/85/61/8aca5f3e358fe0d201dec7df527a50edbbb1.udd" 4846
"C:/Users/Neri/AppData/Local/UnrealEngine/Common/DerivedDataCache/Buckets/LegacyDIST/d8/e6/ce95fe7dc39b6254a717fb4d93fb5676ecc9.udd" 4847
"C:/Users/Neri/AppData/Local/UnrealEngine/Common/DerivedDataCache/Buckets/LegacyDIST/85/e4/1f5ecf5b305961f69797c930e73cf37267c7.udd" 4848
"C:/Users/Neri/AppData/Local/UnrealEngine/Common/DerivedDataCache/Buckets/StaticMesh/6e/a0/a3cc7b7fa0713a6bce83c66a42b55f6236bb.udd" 4849
"C:/Users/Neri/AppData/Local/UnrealEngine/Common/DerivedDataCache/Buckets/LegacyCARD/86/74/5816fe2f90cdda11f6e1a99c353516c919fc.udd" 4850
"C:/Users/Neri/AppData/Local/UnrealEngine/Common/DerivedDataCache/Buckets/LegacyDIST/00/c0/e27972ecbcf673f21a0deeff75b473d5d82c.udd" 4851
"C:/Users/Neri/AppData/Local/UnrealEngine/Common/DerivedDataCache/Buckets/LegacyCARD/9d/73/c6f4b07f87ad13ec078b628a06dc731d15e4.udd" 4852
"C:/Users/Neri/AppData/Local/UnrealEngine/Common/DerivedDataCache/Buckets/LegacyDIST/89/e1/c1ecf4f74f164e060b8db48d3adbac16b04f.udd" 4853
"C:/Users/Neri/AppData/Local/UnrealEngine/Common/DerivedDataCache/Buckets/LegacyCARD/4d/01/c0ecb03c067d7b900af7a83ac1d3a135a60f.udd" 4854
"C:/Users/Neri/AppData/Local/UnrealEngine/Common/DerivedDataCache/Buckets/LegacyCARD/b7/d4/299f450a50782a6d8514cae89f4c8ac0d2c6.udd" 4855
"C:/Users/Neri/AppData/Local/UnrealEngine/Common/DerivedDataCache/Buckets/LegacyNavCollision/14/cc/cd4f491bbfa3d5026e2432a516b65189bffa.udd" 4856
"C:/Users/Neri/AppData/Local/UnrealEngine/Common/DerivedDataCache/Buckets/StaticMesh/74/9e/224f71ab929c4fc009b54b305206574ffa99.udd" 4857
"C:/Users/Neri/AppData/Local/UnrealEngine/Common/DerivedDataCache/Buckets/LegacyNavCollision/23/8f/3f096de4257ae3a8fda4740abeec9d205ff0.udd" 4858
"C:/Users/Neri/AppData/Local/UnrealEngine/Common/DerivedDataCache/Buckets/LegacyNavCollision/ba/af/d3d6d0a4c2f7a8b5308ebc890c95921f7e7f.udd" 4859
"C:/Users/Neri/AppData/Local/UnrealEngine/Common/DerivedDataCache/Buckets/LegacyNavCollision/b7/8d/4804f07aeba7b9ad8c81eef6339dde3994c6.udd" 4860
"C:/Users/Neri/AppData/Local/UnrealEngine/Common/DerivedDataCache/Buckets/LegacyDIST/35/e6/31307d4a4b59f62e6430bd2b3d19996b4786.udd" 4861
"C:/Users/Neri/AppData/Local/UnrealEngine/Common/DerivedDataCache/Buckets/LegacyNavCollision/7c/87/30b9b2aa6cfd5571e93f6f1287b3deb69389.udd" 4862
"C:/Users/Neri/AppData/Local/UnrealEngine/Common/DerivedDataCache/Buckets/StaticMesh/82/0c/234b696a6f5d4e6b3739911f2e619025343f.udd" 4863
"C:/Users/Neri/AppData/Local/UnrealEngine/Common/DerivedDataCache/Buckets/StaticMesh/2b/68/101fabd67d2be74501df579fa8ed371876cc.udd" 4864
"C:/Users/Neri/AppData/Local/UnrealEngine/Common/DerivedDataCache/Buckets/LegacyCARD/25/67/04e33c02c434212ef88179e5d4333b9f8500.udd" 4865
"C:/Users/Neri/AppData/Local/UnrealEngine/Common/DerivedDataCache/Buckets/StaticMesh/8c/c5/2bb51e63ef775668406eb42a0967568d7d84.udd" 4866
"C:/Users/Neri/AppData/Local/UnrealEngine/Common/DerivedDataCache/Buckets/StaticMesh/24/97/743db22542c3bedf4f8ee8ccf202ce0e178c.udd" 4867
"C:/Users/Neri/AppData/Local/UnrealEngine/Common/DerivedDataCache/Buckets/LegacyDIST/89/61/10bbfccc9f8ede9339473773907456e97973.udd" 4868
"C:/Users/Neri/AppData/Local/UnrealEngine/Common/DerivedDataCache/Buckets/LegacyDIST/76/6e/cee62a13fc8302482243d2f83a441e9666e9.udd" 4869
"C:/Users/Neri/AppData/Local/UnrealEngine/Common/DerivedDataCache/Buckets/LegacyDIST/94/30/25933364aaf8c321f20e7d957bdfb77c4fba.udd" 4870
"C:/Users/Neri/AppData/Local/UnrealEngine/Common/DerivedDataCache/Buckets/LegacyCARD/8b/f2/066d25817536c179b61cb212108eeae7d6ff.udd" 4871
"C:/Users/Neri/AppData/Local/UnrealEngine/Common/DerivedDataCache/Buckets/LegacyDIST/11/aa/b0dcfa490865bd77b8817e5e1ea1358cc04e.udd" 4872
"C:/Users/Neri/AppData/Local/UnrealEngine/Common/DerivedDataCache/Buckets/LegacyNavCollision/b9/9a/458c3c5a40a201626a7eba83616129336f14.udd" 4873
"C:/Users/Neri/AppData/Local/UnrealEngine/Common/DerivedDataCache/Buckets/LegacyCARD/68/e0/509710794f1238a12899f4ce4f91a8e50053.udd" 4874
"C:/Users/Neri/AppData/Local/UnrealEngine/Common/DerivedDataCache/Buckets/LegacyCARD/55/8b/4155fc14a21d5199e57035b4a2f329d7ec8b.udd" 4875
"C:/Users/Neri/AppData/Local/UnrealEngine/Common/DerivedDataCache/Buckets/StaticMesh/4e/11/3446d683bac23fefcf3936899f6125623606.udd" 4876
"C:/Users/Neri/AppData/Local/UnrealEngine/Common/DerivedDataCache/Buckets/LegacyCARD/68/45/cc988dfd2670d24d171db0d472c396d08bdf.udd" 4877
"C:/Users/Neri/AppData/Local/UnrealEngine/Common/DerivedDataCache/Buckets/LegacyNavCollision/01/4a/253c64e24f02ad95ee950d11f2607862bf1c.udd" 4878
"C:/Users/Neri/AppData/Local/UnrealEngine/Common/DerivedDataCache/Buckets/LegacyNavCollision/d0/74/b34b00c47f3b1c03b3b50f037f5cf0254d15.udd" 4879
"C:/Users/Neri/AppData/Local/UnrealEngine/Common/DerivedDataCache/Buckets/StaticMesh/a9/92/5ae66cc1759caa3070b0b46480c421cc58a1.udd" 4880
"C:/Users/Neri/AppData/Local/UnrealEngine/Common/DerivedDataCache/Buckets/LegacyDIST/1a/39/40f91ae883df85795b2764c8fc133964f15d.udd" 4881
"C:/Users/Neri/AppData/Local/UnrealEngine/Common/DerivedDataCache/Buckets/LegacyNavCollision/9a/2a/9b5a71a21083715c0cfe01c06ed04a728b6e.udd" 4882
"C:/Users/Neri/AppData/Local/UnrealEngine/Common/DerivedDataCache/Buckets/LegacyNavCollision/4b/7c/b17657a6aea96f8ca5b343c1b316c5034dfd.udd" 4883
"C:/Users/Neri/AppData/Local/UnrealEngine/Common/DerivedDataCache/Buckets/StaticMesh/f0/d8/fc7341144df310f474c662d09d622d25a162.udd" 4884
"C:/Users/Neri/AppData/Local/UnrealEngine/Common/DerivedDataCache/Buckets/LegacyTEXTURE/16/4c/132934a81e3013d06e2ac740c4850d7d6a5d.udd" 4885
"C:/Users/Neri/AppData/Local/UnrealEngine/Common/DerivedDataCache/Buckets/LegacyTEXTURE/50/ad/a0ee0330938f129dadd6d319ffb189c171da.udd" 4886
"C:/Users/Neri/AppData/Local/UnrealEngine/Common/DerivedDataCache/Buckets/LegacyTEXTURE/2c/48/0c3d01ba586415fcf4bb81b2c9f1132df918.udd" 4887
"C:/Users/Neri/AppData/Local/UnrealEngine/Common/DerivedDataCache/Buckets/LegacyTEXTURE/9f/7e/5861394cfcbca6586dba1ca07a6d88428d1a.udd" 4888
"C:/Users/Neri/AppData/Local/UnrealEngine/Common/DerivedDataCache/Buckets/LegacyCARD/08/24/e164b83abdc4c50430845a38b5b8b9761050.udd" 4889
"C:/Users/Neri/AppData/Local/UnrealEngine/Common/DerivedDataCache/Buckets/LegacyDIST/94/bc/f38b4ffb697f8df14eeaa1ac8e6917be1d5a.udd" 4890
"C:/Users/Neri/AppData/Local/UnrealEngine/Common/DerivedDataCache/Buckets/LegacyNavCollision/ed/93/ab069499a404f39cc255a34281d8f0ea14be.udd" 4891
"C:/Users/Neri/AppData/Local/UnrealEngine/Common/DerivedDataCache/Buckets/LegacyTEXTURE/49/ac/87e895fa787d88a78a153fb38fdce5f9c94c.udd" 4892
"C:/Users/Neri/AppData/Local/UnrealEngine/Common/DerivedDataCache/Buckets/LegacyTEXTURE/0a/fa/20faa1868704ff154c74c88d7ba58cb0d163.udd" 4893
"C:/Users/Neri/AppData/Local/UnrealEngine/Common/DerivedDataCache/Buckets/LegacyTEXTURE/b3/5c/028a917c23962175f80032b54e727fbe530d.udd" 4894
"C:/Users/Neri/AppData/Local/UnrealEngine/Common/DerivedDataCache/Buckets/LegacyTEXTURE/a0/19/87c7154b3276720966ccab971d39ca806e5a.udd" 4895
"C:/Users/Neri/AppData/Local/UnrealEngine/Common/DerivedDataCache/Buckets/LegacyTEXTURE/83/71/69c6402d688cd9a47348e93c608e7d8389cf.udd" 4896
"C:/Users/Neri/AppData/Local/UnrealEngine/Common/DerivedDataCache/Buckets/StaticMesh/0c/81/2890d5a35137736acebeddec33dccd5b7293.udd" 4897
"C:/Users/Neri/AppData/Local/UnrealEngine/Common/DerivedDataCache/Buckets/LegacyTEXTURE/1b/d8/e8591f67ad13e699e3f113c35c2fa6b8816e.udd" 4898
"C:/Users/Neri/AppData/Local/UnrealEngine/Common/DerivedDataCache/Buckets/LegacyTEXTURE/cf/86/3951fe8a2bbd3c2e9430bccc6933663608e6.udd" 4899
"C:/Users/Neri/AppData/Local/UnrealEngine/Common/DerivedDataCache/Content/d9/c3/7195e684dc6f145af8930259b3adfada8c4e.udd" 4900
"C:/Users/Neri/AppData/Local/UnrealEngine/Common/DerivedDataCache/Buckets/LegacyTEXTURE/4e/15/4f2986c57b09319454f2f90a012b3a86ab74.udd" 4901
"C:/Users/Neri/AppData/Local/UnrealEngine/Common/DerivedDataCache/Buckets/LegacyNavCollision/3e/cf/15036306f4b4a96da5036288f1aedfaf0e35.udd" 4902
"C:/Users/Neri/AppData/Local/UnrealEngine/Common/DerivedDataCache/Buckets/LegacyDIST/cf/bd/2b5865c1d25ee088ab76f78f784c18fd08e9.udd" 4903
"C:/Users/Neri/AppData/Local/UnrealEngine/Common/DerivedDataCache/Buckets/LegacyTEXTURE/8d/92/76527ad83dab136f11c9294fd0ac011d2807.udd" 4904
"C:/Users/Neri/AppData/Local/UnrealEngine/Common/DerivedDataCache/Buckets/LegacyTEXTURE/6a/d6/de91fdf2603e49504da04f0bd08dec67430d.udd" 4905
"C:/Users/Neri/AppData/Local/UnrealEngine/Common/DerivedDataCache/Buckets/LegacyCARD/03/75/714348e0e4baf65a85624af8047ee520b135.udd" 4906
"C:/Users/Neri/AppData/Local/UnrealEngine/Common/DerivedDataCache/Buckets/LegacyTEXTURE/d4/5a/63adcda045feae309b0d43d2074ba7e87258.udd" 4907
"C:/Users/Neri/AppData/Local/UnrealEngine/Common/DerivedDataCache/Buckets/LegacyTEXTURE/00/1e/19674aa8b7f87c087194eca774eaf42fb723.udd" 4908
"C:/Users/Neri/AppData/Local/UnrealEngine/Common/DerivedDataCache/Buckets/LegacyCARD/17/f3/edbfb7e0dbc21e37bc6f383e3c713de9ffd4.udd" 4909
"C:/Users/Neri/AppData/Local/UnrealEngine/Common/DerivedDataCache/Buckets/LegacyChaosGeometryData/97/69/671ccffdc23c849c18aabfb5e468202e560b.udd" 4910
"C:/Users/Neri/AppData/Local/UnrealEngine/Common/DerivedDataCache/Buckets/LegacyNavCollision/e1/76/d26a24b54211954717ee06277a60a404aadd.udd" 4911
"C:/Users/Neri/AppData/Local/UnrealEngine/Common/DerivedDataCache/Buckets/LegacyNavCollision/03/16/7fcbca0634381dc54de8cc778d0ffaca9e62.udd" 4912
"C:/Users/Neri/AppData/Local/UnrealEngine/Common/DerivedDataCache/Buckets/LegacyDIST/87/4b/f6cbfa62742a5720b8d547e1d45acfc75e6f.udd" 4913
"C:/Users/Neri/AppData/Local/UnrealEngine/Common/DerivedDataCache/Buckets/LegacyCARD/24/3d/12a2dcfaac5f15f4b87b7d4d86770567caed.udd" 4914
"C:/Users/Neri/AppData/Local/UnrealEngine/Common/DerivedDataCache/Buckets/LegacyChaosGeometryData/bf/b4/f3d6486dc17010ccaa1cffe69b0cde74bfc5.udd" 4915
"C:/Users/Neri/AppData/Local/UnrealEngine/Common/DerivedDataCache/Buckets/LegacyNavCollision/3c/71/cd4df7e37880056355d1dc8f6a1e1904c061.udd" 4916
"../../../Engine/Content/EditorResources/EmptyActor.uasset" 4917
"C:/Users/Neri/AppData/Local/UnrealEngine/Common/DerivedDataCache/Buckets/BulkDataList/ad/49/6f032693c5587744fbb7a7b20abc2b9db656.udd" 4918
